x,y,heading,us_signed,udp_signed,us_was_negative,x1_signed,x2_signed,y_signed
-0.1288890921385265,0.10000009536752268,0.45079632679489645,0.008,0.41509999999999997,False,-0.1288890921385265,0.0023430268334882457,0.10000009536752268
-0.10451684057925482,0.09999997615843181,0.44079632679489666,0.006500000000000001,0.41509999999999997,False,-0.10451684057925482,0.0020588093598736686,0.09999997615843181
-0.10919536711595676,0.09999997615843181,0.44079632679489666,0.0068000000000000005,0.41509999999999997,False,-0.10919536711595676,0.002059475372685737,0.09999997615843181
-0.12995879428609441,0.10000009536752241,0.44079632679489666,0.008100000000000001,0.41509999999999997,False,-0.12995879428609441,0.002058404122752035,0.10000009536752241
-0.12793299251172696,0.05000010728844906,0.44079632679489666,0.008,0.41509999999999997,False,-0.12793299251172696,0.0021635832935887585,0.05000010728844906
-0.13772893793332697,0.0,0.43079632679489666,0.0086,0.41509999999999997,False,-0.13772893793332697,0.002357258145675035,0.0
-0.14019760285057903,0.0,0.43079632679489666,0.0087,0.41509999999999997,False,-0.14019760285057903,0.002443139759828039,0.0
-0.1412651414653769,-0.05000010728844906,0.42079632679489665,0.0087,0.41509999999999997,False,-0.1412651414653769,0.0025215114622142345,-0.05000010728844906
-0.1289832373111888,-0.05000004768376165,0.42079632679489665,0.0079,0.41509999999999997,False,-0.1289832373111888,0.0024140533025055503,-0.05000004768376165
-0.12817175964002436,0.0,0.42079632679489665,0.0078000000000000005,0.41509999999999997,False,-0.12817175964002436,0.002211343082744935,0.0
-0.10066175236290736,-0.05000010728844817,0.42079632679489665,0.0060999999999999995,0.41509999999999997,False,-0.10066175236290736,0.0019214466203792795,-0.05000010728844817
-0.08643264619958028,-2.3841846541472478e-07,0.42079632679489665,0.0052,0.41509999999999997,False,-0.08643264619958028,0.0015353037745105503,-2.3841846541472478e-07
-0.07698320556825675,0.049999868869983644,0.43079632679489666,0.0046,0.41509999999999997,False,-0.07698320556825675,0.0009692729021770847,0.049999868869983644
-0.06598014032216006,-0.05000004768376076,0.43079632679489666,0.0039000000000000003,0.41509999999999997,False,-0.06598014032216006,0.0002238832759616852,-0.05000004768376076
-0.054801592837418776,-0.09999997615843181,0.43079632679489666,0.0032,0.41509999999999997,False,-0.054801592837418776,-0.00032438588670162944,-0.09999997615843181
-0.0327851724152964,2.384184663029032e-07,0.43079632679489666,0.0019,0.41509999999999997,False,-0.0327851724152964,-0.0006823797678059982,2.384184663029032e-07
-0.01728973557851772,0.05000010728844817,0.43079632679489666,0.001,0.41509999999999997,False,-0.01728973557851772,-0.0008604024943707906,0.05000010728844817
-0.006909613234858468,0.05000010728844906,0.42079632679489665,0.0004,0.41509999999999997,False,-0.006909613234858468,-0.0009498713377533849,0.05000010728844906
0.015484558623549164,0.10000009536752241,0.42079632679489665,-0.0009,0.41509999999999997,True,0.015484558623549164,-0.0011331993762560234,0.10000009536752241
0.005140491842846115,0.09999997615843093,0.42079632679489665,-0.0003,0.41509999999999997,True,0.005140491842846115,-0.0011375689742178876,0.09999997615843093
-0.01366395129907453,0.04999986886998187,0.42079632679489665,0.0008,0.41509999999999997,False,-0.01366395129907453,-0.0009601163516884625,0.04999986886998187
-0.013731774772405095,0.0,0.42079632679489665,0.0008,0.41509999999999997,False,-0.013731774772405095,-0.0008663137690329025,0.0
0.0,0.05000010728844906,0.42079632679489665,-0.0,0.41509999999999997,False,0.0,-0.0008592506646598023,0.05000010728844906
0.01222847578261757,0.10000009536752241,0.42079632679489665,-0.0007000000000000001,0.41509999999999997,True,0.01222847578261757,-0.0009425059235996808,0.10000009536752241
0.005276228236475405,0.14999984502841546,0.41079632679489664,-0.0003,0.41509999999999997,True,0.005276228236475405,-0.0012032210130767363,0.14999984502841546
-0.0,0.14999984502841457,0.41079632679489664,0.0,0.41509999999999997,False,-0.0,-0.0014658412629431883,0.14999984502841457
-0.008760881039049505,0.05000010728844817,0.41079632679489664,0.0005,0.41509999999999997,False,-0.008760881039049505,-0.0016503086070512776,0.05000010728844817
-0.040138108106493736,0.0,0.40079632679489663,0.0023,0.41509999999999997,False,-0.040138108106493736,-0.0016566225637377942,0.0
-0.03853201474280986,0.0,0.3907963267948966,0.0022,0.41509999999999997,False,-0.03853201474280986,-0.0017393849420088625,0.0
-0.038713580218059325,0.049999868869983644,0.3907963267948966,0.0022,0.41509999999999997,False,-0.038713580218059325,-0.0018184557041885483,0.049999868869983644
-0.021189298606926445,0.0999999761584327,0.3807963267948966,0.0012,0.41509999999999997,False,-0.021189298606926445,-0.001987764264563279,0.0999999761584327
-0.012380499568906888,0.09999997615843181,0.3807963267948966,0.0007000000000000001,0.41509999999999997,False,-0.012380499568906888,-0.002250585178450952,0.09999997615843181
-0.019562984532047835,0.049999868869982755,0.3807963267948966,0.0011,0.41509999999999997,False,-0.019562984532047835,-0.0025908303810439214,0.049999868869982755
-0.02509877401586996,0.0,0.3807963267948966,0.0014000000000000002,0.41509999999999997,False,-0.02509877401586996,-0.0028324365165084465,0.0
-0.03969301876100157,0.049999868869983644,0.3707963267948966,0.0022,0.41509999999999997,False,-0.03969301876100157,-0.0030744041958935746,0.049999868869983644
-0.028984141472821957,0.049999868869983644,0.3707963267948966,0.0016,0.41509999999999997,False,-0.028984141472821957,-0.00314579166382235,0.049999868869983644
-0.027101743526514666,-0.049999868869983644,0.3607963267948966,0.0015,0.41509999999999997,False,-0.027101743526514666,-0.003061977694779264,-0.049999868869983644
-0.016181284210688436,-0.049999868869983644,0.3607963267948966,0.0009,0.41509999999999997,False,-0.016181284210688436,-0.00298351476191165,-0.049999868869983644
-0.00356486368863007,0.05000004768376165,0.3507963267948966,0.0002,0.41509999999999997,False,-0.00356486368863007,-0.0026558847856272007,0.05000004768376165
0.005290793700623898,0.14999984502841546,0.3407963267948966,-0.0003,0.41509999999999997,True,0.005290793700623898,-0.0026841215851619517,0.14999984502841546
0.00352141066656434,0.19999995231686452,0.3407963267948966,-0.0002,0.41509999999999997,True,0.00352141066656434,-0.0026944194468171614,0.19999995231686452
-0.0,0.19999995231686452,0.3407963267948966,0.0,0.41509999999999997,False,-0.0,-0.002775479645730388,0.19999995231686452
-0.021309759060854132,0.14999984502841546,0.33079632679489657,0.0012,0.41509999999999997,False,-0.021309759060854132,-0.0031142648483786202,0.14999984502841546
-0.06030689844654007,0.05000004768376165,0.33079632679489657,0.0034000000000000002,0.41509999999999997,False,-0.06030689844654007,-0.003381032744544524,0.05000004768376165
-0.06738637688198494,0.0,0.32079632679489656,0.0038,0.41509999999999997,False,-0.06738637688198494,-0.0038218864656010708,0.0
-0.07444399088033124,0.0,0.31079632679489655,0.0042,0.41509999999999997,False,-0.07444399088033124,-0.004000796801518329,0.0
-0.06726904720677154,0.0,0.30079632679489654,0.0038,0.41509999999999997,False,-0.06726904720677154,-0.004353964831590704,0.0
-0.06715743457439709,0.10000021457689723,0.29079632679489653,0.0038,0.41509999999999997,False,-0.06715743457439709,-0.0045316236526420275,0.10000021457689723
-0.054772568111773084,0.20000019073504482,0.2707963267948965,0.0031,0.41509999999999997,False,-0.054772568111773084,-0.0045287849461381514,0.20000019073504482
-0.06201508738987483,0.19999995231686363,0.2607963267948965,0.0034999999999999996,0.41509999999999997,False,-0.06201508738987483,-0.004689061215297185,0.19999995231686363
-0.09078949764247064,0.14999984502841546,0.2507963267948965,0.0051,0.41509999999999997,False,-0.09078949764247064,-0.004851353116452699,0.14999984502841546
-0.12957942647064513,0.0999999761584327,0.2507963267948965,0.0072,0.41509999999999997,False,-0.12957942647064513,-0.004892605177274614,0.0999999761584327
-0.13844288406149216,0.049999868869983644,0.23079632679489648,0.0076,0.41509999999999997,False,-0.13844288406149216,-0.00457938588183402,0.049999868869983644
-0.1568274465629046,0.050000047683759874,0.22079632679489647,0.0086,0.41509999999999997,False,-0.1568274465629046,-0.004490422289755233,0.050000047683759874
-0.17049511125331282,0.14999984502841457,0.21079632679489646,0.009300000000000001,0.41509999999999997,False,-0.17049511125331282,-0.004303981631184626,0.14999984502841457
-0.1626939734478658,0.14999984502841635,0.21079632679489646,0.0088,0.41509999999999997,False,-0.1626939734478658,-0.004442196315036242,0.14999984502841635
-0.17848672545101837,0.09999997615843093,0.20079632679489645,0.0096,0.41509999999999997,False,-0.17848672545101837,-0.00458886057231405,0.09999997615843093
-0.2146121639728254,-0.05000034570691447,0.20079632679489645,0.0115,0.41509999999999997,False,-0.2146121639728254,-0.004320966541681804,-0.05000034570691447
-0.22573262090670518,-0.10000009536752152,0.20079632679489645,0.0121,0.41509999999999997,False,-0.22573262090670518,-0.00406794487529311,-0.10000009536752152
-0.2077819448615273,0.0,0.18079632679489666,0.011200000000000002,0.41509999999999997,False,-0.2077819448615273,-0.003751107536453789,0.0
-0.1737059881743407,0.05000010728844906,0.18079632679489666,0.009399999999999999,0.41509999999999997,False,-0.1737059881743407,-0.0037663336889735962,0.05000010728844906
-0.1770228266164894,0.05000010728844906,0.17079632679489665,0.0096,0.41509999999999997,False,-0.1770228266164894,-0.003946144919850437,0.05000010728844906
-0.16678291194703457,0.10000021457689634,0.17079632679489665,0.009000000000000001,0.41509999999999997,False,-0.16678291194703457,-0.004098562569502937,0.10000021457689634
-0.17336175071103002,0.15000014305128317,0.17079632679489665,0.009300000000000001,0.41509999999999997,False,-0.17336175071103002,-0.004324680296456664,0.15000014305128317
-0.18405522848423153,0.0999999761584327,0.17079632679489665,0.009899999999999999,0.41509999999999997,False,-0.18405522848423153,-0.00475635682057437,0.0999999761584327
-0.19861879923261092,0.0999999761584327,0.17079632679489665,0.010700000000000001,0.41509999999999997,False,-0.19861879923261092,-0.005267532160569117,0.0999999761584327
-0.20895166929644293,2.3841846541472478e-07,0.18079632679489666,0.0113,0.41509999999999997,False,-0.20895166929644293,-0.0057869758683153855,2.3841846541472478e-07
-0.2120029255626855,-0.15000008344688176,0.18079632679489666,0.0116,0.41509999999999997,False,-0.2120029255626855,-0.006360333799191053,-0.15000008344688176
-0.21085682307577294,-0.15000014305128495,0.18079632679489666,0.0116,0.41509999999999997,False,-0.21085682307577294,-0.006564570847101476,-0.15000014305128495
-0.19776039556709482,-0.09999997615843093,0.18079632679489666,0.0109,0.41509999999999997,False,-0.19776039556709482,-0.006652766217958896,-0.09999997615843093
-0.16143626019484553,-0.20000019073532904,0.18079632679489666,0.0089,0.41509999999999997,False,-0.16143626019484553,-0.006815529501592439,-0.20000019073532904
-0.1326733129877876,-0.15000032186534717,0.17079632679489665,0.0073,0.41509999999999997,False,-0.1326733129877876,-0.006814161747757027,-0.15000032186534717
-0.10472391250798121,0.0,0.17079632679489665,0.005699999999999999,0.41509999999999997,False,-0.10472391250798121,-0.006924490434286901,0.0
-0.052175364734914687,0.0,0.16079632679489664,0.0028000000000000004,0.41509999999999997,False,-0.052175364734914687,-0.007168276535751874,0.0
-0.020689989980018038,0.049999868869983644,0.16079632679489664,0.0011,0.41509999999999997,False,-0.020689989980018038,-0.00742819010074549,0.049999868869983644
-0.024424228173907693,0.0999999761584327,0.16079632679489664,0.0013,0.41509999999999997,False,-0.024424228173907693,-0.007686678350030274,0.0999999761584327
-0.007508791057158466,0.0999999761584327,0.16079632679489664,0.0004,0.41509999999999997,False,-0.007508791057158466,-0.008106810347552201,0.0999999761584327
-0.007507837519674438,0.049999868869983644,0.15079632679489663,0.0004,0.41509999999999997,False,-0.007507837519674438,-0.008434731043425802,0.049999868869983644
-0.02245167481701725,0.0,0.15079632679489663,0.0012,0.41509999999999997,False,-0.02245167481701725,-0.008629676398043405,0.0
-0.037580205835812765,0.0,0.15079632679489663,0.002,0.41509999999999997,False,-0.037580205835812765,-0.008522604878748336,0.0
-0.037774141738466625,-0.05000010728844906,0.14079632679489662,0.002,0.41509999999999997,False,-0.037774141738466625,-0.008568762992480994,-0.05000010728844906
-0.009506249180329326,-0.05000010728844906,0.14079632679489662,0.0005,0.41509999999999997,False,-0.009506249180329326,-0.008762951336953905,-0.05000010728844906
-0.0,0.05000010728844906,0.1307963267948966,0.0,0.41509999999999997,False,-0.0,-0.00864326769125121,0.05000010728844906
0.019436288269188057,0.10000009536752152,0.1307963267948966,-0.001,0.41509999999999997,True,0.019436288269188057,-0.008681764414545788,0.10000009536752152
0.041283752177356296,0.05000010728844728,0.1307963267948966,-0.0021,0.41509999999999997,True,0.041283752177356296,-0.008823485035528144,0.05000010728844728
0.04144442879953296,0.10000021457689812,0.1207963267948966,-0.0021,0.41509999999999997,True,0.04144442879953296,-0.008783814933157216,0.10000021457689812
0.037179661174315794,0.10000021457689812,0.1207963267948966,-0.0019,0.41509999999999997,True,0.037179661174315794,-0.00885733884173211,0.10000021457689812
0.017577936297026465,0.05000010728844906,0.1107963267948966,-0.0009,0.41509999999999997,True,0.017577936297026465,-0.008710569074599502,0.05000010728844906
0.007791467651553628,0.0,0.1107963267948966,-0.0004,0.41509999999999997,True,0.007791467651553628,-0.008399897034273183,0.0
0.011579778406589976,-2.3841846541472478e-07,0.10079632679489658,-0.0006,0.41509999999999997,True,0.011579778406589976,-0.008387232805906072,-2.3841846541472478e-07
0.03252388464241174,0.15000008344688176,0.09079632679489658,-0.0017000000000000001,0.41509999999999997,True,0.03252388464241174,-0.00846543272794664,0.15000008344688176
0.04403408000954598,0.15000008344687998,0.09079632679489658,-0.0023,0.41509999999999997,True,0.04403408000954598,-0.008468677584872466,0.15000008344687998
0.0442944951956276,-2.3841846541472478e-07,0.09079632679489658,-0.0023,0.41509999999999997,True,0.0442944951956276,-0.008744587990689494,-2.3841846541472478e-07
-0.18419237927635113,-0.050000047683759874,0.08079632679489657,0.0095,0.4152,False,-0.18419237927635113,-0.008844655429715664,-0.050000047683759874
-0.5189690245792457,-0.09999973773996729,0.09079632679489658,0.026699999999999998,0.41700000000000004,False,-0.5189690245792457,-0.009052649557314213,-0.09999973773996729
-1.0690477385364554,-0.14999984502841635,0.09079632679489658,0.055099999999999996,0.42210000000000003,False,-1.0690477385364554,-0.00976808870023585,-0.14999984502841635
-1.393445111520658,-0.24999958276838186,0.10079632679489658,0.07200000000000001,0.42700000000000005,False,-1.393445111520658,-0.010555911654306626,-0.24999958276838186
-1.8180572086554823,-0.39999990463372725,0.1207963267948966,0.0946,0.43200000000000005,False,-1.8180572086554823,-0.011771837281265614,-0.39999990463372725
-2.3316318910700375,-0.500000476837613,0.15079632679489663,0.12279999999999999,0.43700000000000006,False,-2.3316318910700375,-0.012977084913773774,-0.500000476837613
-2.6166019182353093,-0.7499994635605427,0.20079632679489645,0.1398,0.4414,False,-2.6166019182353093,-0.014615541206977023,-0.7499994635605427
-3.0995187393458483,-0.7999995708489909,0.2607963267948965,0.1681,0.44170000000000004,False,-3.0995187393458483,-0.0162804197843393,-0.7999995708489909
-3.4707974144216,-0.94999917745894,0.32079632679489656,0.1909,0.44170000000000004,False,-3.4707974144216,-0.017972991978889408,-0.94999917745894
-3.84946428247101,-1.2499998211896326,0.41079632679489664,0.2137,0.44170000000000004,False,-3.84946428247101,-0.020357001350578167,-1.2499998211896326
-4.157457700178339,-1.2000011444102707,0.5007963267948965,0.2339,0.44170000000000004,False,-4.157457700178339,-0.023228860743840268,-1.2000011444102707
-3.8958135422048583,-1.0999997377427517,0.5907963267948966,0.2232,0.44170000000000004,False,-3.8958135422048583,-0.026704271906603884,-1.0999997377427517
-3.426402603620756,-1.0999997377427517,0.6807963267948965,0.20010000000000003,0.44170000000000004,False,-3.426402603620756,-0.031062896622187742,-1.0999997377427517
-2.9938364255560623,-1.0999997377427517,0.7607963267948965,0.1782,0.44170000000000004,False,-2.9938364255560623,-0.03503397306925101,-1.0999997377427517
-2.643247616556222,-1.0999997377427526,0.8407963267948966,0.16010000000000002,0.44170000000000004,False,-2.643247616556222,-0.03886259225110483,-1.0999997377427526
-2.3239971276908786,-1.1000010490427483,0.9207963267948965,0.1429,0.44170000000000004,False,-2.3239971276908786,-0.04245444898271185,-1.1000010490427483
-2.0235390643574123,-1.0499998688727683,0.9807963267948966,0.12689999999999999,0.44170000000000004,False,-2.0235390643574123,-0.04529169494809116,-1.0499998688727683
-1.730187613479789,-1.0499998688727683,1.0407963267948965,0.11130000000000001,0.44170000000000004,False,-1.730187613479789,-0.047918773555005185,-1.0499998688727683
-1.5309078093568673,-1.0999997377427517,1.1007963267948966,0.1012,0.44170000000000004,False,-1.5309078093568673,-0.05063847579346881,-1.0999997377427517
-1.3104951097271715,-0.8999993085889572,1.1607963267948966,0.0886,0.44170000000000004,False,-1.3104951097271715,-0.05271810697884819,-0.8999993085889572
-1.0763155971355847,-0.7500007152564194,1.2007963267948965,0.0746,0.44170000000000004,False,-1.0763155971355847,-0.05464348179043315,-0.7500007152564194
-0.8883350511444946,-0.7659264345264623,1.2507963267948965,0.0633,0.44170000000000004,False,-0.8883350511444946,-0.05674906214585598,-0.7659264345264623
-0.8267128415966889,-0.6159261126611153,1.3007963267948965,0.0605,0.44170000000000004,False,-0.8267128415966889,-0.058810713419254916,-0.6159261126611153
-0.6257737060151759,-0.5499997496621405,1.3407963267948966,0.046799999999999994,0.44170000000000004,False,-0.6257737060151759,-0.06045806823457724,-0.5499997496621405
-0.5165386022535612,-0.49999964237369265,1.3907963267948966,0.0395,0.44170000000000004,False,-0.5165386022535612,-0.06206271534291912,-0.49999964237369265
-0.42229421340912093,-0.4500004291538554,1.4407963267948967,0.0329,0.44170000000000004,False,-0.42229421340912093,-0.06340891776343746,-0.4500004291538554
-0.3114734553653793,-0.4000001430521938,1.4707963267948965,0.024700000000000003,0.44170000000000004,False,-0.3114734553653793,-0.06463774273335696,-0.4000001430521938
-0.14748895097224904,-0.24999982118684638,1.5107963267948965,0.0118,0.44170000000000004,False,-0.14748895097224904,-0.06523211406094825,-0.24999982118684638
-0.02354884915680073,-0.15000008344688198,1.5407963267948965,0.0019,0.44439999999999996,False,-0.02354884915680073,-0.0652964715318559,-0.15000008344688198
0.05143496156674688,-0.2000001907353297,1.5707963267948966,-0.0042,0.4482,True,0.05143496156674688,-0.06517352725962276,-0.2000001907353297
0.12460381005997115,-0.2500002384188056,1.593981633974483,-0.0103,0.4532,True,0.12460381005997115,-0.06615939347243865,-0.2500002384188056
0.1858187104161892,-0.19999995231686407,1.6139816339744826,-0.0154,0.4594,True,0.1858187104161892,-0.06638284471072696,-0.19999995231686407
0.27038399241496053,-0.19860253195373462,1.633981633974483,-0.022400000000000003,0.4645,True,0.27038399241496053,-0.06523682452283006,-0.19860253195373462
0.16217120946893365,-0.1986030091018799,1.5407963267948965,-0.0109,0.46159999999999995,True,0.16217120946893365,-0.0511582082333943,-0.1986030091018799
0.15758005567880307,-0.1000002145768997,1.5407963267948965,-0.010700000000000001,0.45649999999999996,True,0.15758005567880307,-0.05185960395854493,-0.1000002145768997
0.14836653355429694,-0.10000021457689529,1.5407963267948965,-0.01,0.45280000000000004,True,0.14836653355429694,-0.05145954749761801,-0.10000021457689529
0.15825983175782576,-0.15000008344687754,1.5307963267948965,-0.010700000000000001,0.44770000000000004,True,0.15825983175782576,-0.05161433973803832,-0.15000008344687754
0.12848639896054953,-0.2500002980237772,1.5207963267948965,-0.0087,0.44270000000000004,True,0.12848639896054953,-0.05172972779897142,-0.2500002980237772
-0.17221621327300635,-0.30000028610257023,1.5207963267948965,0.011699999999999999,0.4364,False,-0.17221621327300635,-0.05195415013987472,-0.30000028610257023
-0.5111436517545054,-0.4499992966667842,1.5107963267948965,0.0347,0.4314,False,-0.5111436517545054,-0.05203502056613027,-0.4499992966667842
-0.8502606038130134,-0.5999996185321271,1.5207963267948965,0.057300000000000004,0.4263,False,-0.8502606038130134,-0.051735813296911494,-0.5999996185321271
-1.1873264023190373,-0.6499994874021093,1.5307963267948965,0.08,0.4213,False,-1.1873264023190373,-0.051800897687104976,-0.6499994874021093
-1.5181894990561964,-0.5999993801136616,1.5607963267948965,0.1027,0.41759999999999997,False,-1.5181894990561964,-0.051887003924177,-0.5999993801136616
-1.828720933449958,-0.7000006675726564,1.5739816339744825,0.12539999999999998,0.4163,False,-1.828720933449958,-0.052412635226989295,-0.7000006675726564
-2.115711682774147,-0.6500006794944364,1.6439816339744828,0.1482,0.4163,False,-2.115711682774147,-0.05323485589189784,-0.6500006794944364
-2.3515336956005823,-0.7000007867828835,1.7039816339744824,0.1674,0.4163,False,-2.3515336956005823,-0.05352672843396697,-0.7000007867828835
-2.157451526125011,-0.8500003933928357,1.7739816339744827,0.1564,0.4163,False,-2.157451526125011,-0.05358869901715135,-0.8500003933928357
-2.042856410147747,-0.6499999642390444,1.8139816339744828,0.1497,0.4163,False,-2.042856410147747,-0.05364689561137677,-0.6499999642390444
-1.8903514702101274,-0.6500006198888966,1.9139816339744824,0.14,0.4163,False,-1.8903514702101274,-0.05210861987176128,-0.6500006198888966
-1.738256905281749,-0.7499994635605396,1.9939816339744825,0.1306,0.4163,False,-1.738256905281749,-0.05127074469764451,-0.7499994635605396
-1.5433611417335324,-0.949999892714338,2.0639816339744828,0.1176,0.4163,False,-1.5433611417335324,-0.05006391853412259,-0.949999892714338
-1.4206747933533777,-0.5500009417544724,2.133981633974483,0.10890000000000001,0.4163,False,-1.4206747933533777,-0.04858391017038912,-0.5500009417544724
-1.2120816127769374,-0.40000061988911995,2.1939816339744826,0.0926,0.4163,False,-1.2120816127769374,-0.04688567906298248,-0.40000061988911995
-1.0603683940423185,-1.1500010967265073,2.223981633974483,0.08130000000000001,0.4163,False,-1.0603683940423185,-0.04616927824285107,-1.1500010967265073
-0.9380505322696241,-0.8000017166151796,2.3139816339744828,0.0726,0.4163,False,-0.9380505322696241,-0.04433023546497227,-0.8000017166151796
-0.8003371121915879,-0.4000008583075898,2.333981633974483,0.0623,0.4163,False,-0.8003371121915879,-0.04371529997389011,-0.4000008583075898
-0.5392343455670767,-0.6500002026575054,2.4139816339744824,0.042699999999999995,0.4163,False,-0.5392343455670767,-0.04205247345681759,-0.6500002026575054
-0.5083060678560497,-0.34999955892681545,2.4439816339744826,0.0405,0.4163,False,-0.5083060678560497,-0.04149375341798853,-0.34999955892681545
-0.42109536951726706,-0.5000004768376156,2.503981633974483,0.0339,0.4163,False,-0.42109536951726706,-0.03993449151920316,-0.5000004768376156
-0.3705517006042525,-0.6000003337875235,2.5739816339744825,0.030299999999999997,0.4163,False,-0.3705517006042525,-0.03761232601103172,-0.6000003337875235
-0.34878809997755084,-0.5000001192106236,2.633981633974483,0.0288,0.4163,False,-0.34878809997755084,-0.03589577192307449,-0.5000001192106236
-0.21212855035759004,-0.4500002503406417,2.683981633974483,0.0174,0.4163,False,-0.21212855035759004,-0.0338436752520723,-0.4500002503406417
-0.19600446454238035,-0.1999997138983991,2.723981633974483,0.0159,0.4163,False,-0.19600446454238035,-0.031652523343461185,-0.1999997138983991
-0.08402121666567572,-0.3000002861025646,2.763981633974483,0.0067,0.4163,False,-0.08402121666567572,-0.029416533160186862,-0.3000002861025646
-0.06002811361976091,-0.3500002741822108,2.803981633974483,0.004699999999999999,0.4163,False,-0.06002811361976091,-0.027209173951177692,-0.3500002741822108
-0.023189422271292448,-0.1999999523168654,2.843981633974483,0.0018,0.4163,False,-0.023189422271292448,-0.025369678391813595,-0.1999999523168654
-0.005168368677755005,-0.24999982118684727,2.8739816339744824,0.0004,0.4163,False,-0.005168368677755005,-0.023996633080889677,-0.24999982118684727
0.05008024532030824,-0.1999997138983982,2.9039816339744826,-0.0038,0.4163,True,0.05008024532030824,-0.0224161287090205,-0.1999997138983982
0.08053647907719472,-0.10000009536752508,2.933981633974483,-0.006,0.4163,True,0.08053647907719472,-0.020799181980561427,-0.10000009536752508
0.1061898963534324,-0.14999984502841635,2.963981633974483,-0.0078000000000000005,0.4163,True,0.1061898963534324,-0.01958026593563958,-0.14999984502841635
0.12260891516867274,-0.09999973773996373,2.9939816339744825,-0.0089,0.4163,True,0.12260891516867274,-0.018529332589098266,-0.09999973773996373
0.14473983903088047,-0.14999960660995093,3.013981633974483,-0.0104,0.4163,True,0.14473983903088047,-0.017604970508912632,-0.14999960660995093
0.1476603314620591,-0.24999982118684727,3.043981633974483,-0.0105,0.4163,True,0.1476603314620591,-0.01668207929139276,-0.24999982118684727
0.1482728487498784,-0.2000001907350466,3.053981633974483,-0.0105,0.4163,True,0.1482728487498784,-0.015974926668656946,-0.2000001907350466
0.14905798934611592,-0.15000008344688176,3.083981633974483,-0.0105,0.4163,True,0.14905798934611592,-0.015348619814824594,-0.15000008344688176
0.20627371505620837,-0.15000008344687643,3.103981633974483,-0.0144,0.4163,True,0.20627371505620837,-0.014855387647547581,-0.15000008344687643
0.2193610194093182,-0.10000021457689456,3.1239816339744824,-0.0152,0.4163,True,0.2193610194093182,-0.014400647969844083,-0.10000021457689456
0.22318564031459073,-0.05000010728845261,3.143981633974483,-0.0154,0.4163,True,0.22318564031459073,-0.013994210735690623,-0.05000010728845261
0.2347826079496433,-0.10000009536752508,3.1539816339744826,-0.0161,0.4163,True,0.2347826079496433,-0.013553206003831001,-0.10000009536752508
0.22774317386005388,-0.09999997615842915,3.173981633974483,-0.0155,0.4163,True,0.22774317386005388,-0.013104559831206094,-0.09999997615842915
0.22801143873286964,-0.09999997615842915,3.1939816339744826,-0.0154,0.4163,True,0.22801143873286964,-0.012653003777192999,-0.09999997615842915
0.23282110798932668,-0.1999997138984,3.213981633974483,-0.015600000000000001,0.4163,True,0.23282110798932668,-0.012384053127593848,-0.1999997138984
0.23898931279235855,-0.24999982118685082,3.223981633974483,-0.0159,0.4163,True,0.23898931279235855,-0.01221996364977767,-0.24999982118685082
0.2481426767922636,-0.20000019073504482,3.2339816339744827,-0.016399999999999998,0.4163,True,0.2481426767922636,-0.01221964297356094,-0.20000019073504482
0.2609153172774848,-0.1999999523168654,3.2439816339744825,-0.0173,0.4163,True,0.2609153172774848,-0.01233726521512992,-0.1999999523168654
0.29231083184443096,-0.09999973773996906,3.253981633974483,-0.0195,0.4163,True,0.29231083184443096,-0.012426392788268108,-0.09999973773996906
0.3122381220627288,-0.04999986886998187,3.253981633974483,-0.0208,0.4163,True,0.3122381220627288,-0.012426428680472253,-0.04999986886998187
0.3272556982582785,2.3841846541472478e-07,3.263981633974483,-0.0217,0.4163,True,0.3272556982582785,-0.012378075365542243,2.3841846541472478e-07
0.33535124580564757,-0.050000047683759874,3.2739816339744827,-0.0222,0.4163,True,0.33535124580564757,-0.012192045075486276,-0.050000047683759874
0.3288415564152988,-0.19999995231686007,3.2839816339744825,-0.0217,0.4163,True,0.3288415564152988,-0.011986957729232455,-0.19999995231686007
0.32791520866697843,-0.14999984502841635,3.293981633974483,-0.0216,0.4163,True,0.32791520866697843,-0.011974048129639585,-0.14999984502841635
0.3295525649640284,-0.05000010728845261,3.303981633974483,-0.0217,0.4163,True,0.3295525649640284,-0.011980136674953467,-0.05000010728845261
0.46966551359892955,-0.05000010728844728,3.303981633974483,-0.030899999999999997,0.4163,True,0.46966551359892955,-0.012080272681444494,-0.05000010728844728
0.471432025921678,-0.050000047683759874,3.303981633974483,-0.030699999999999998,0.4163,True,0.471432025921678,-0.01207295284779057,-0.050000047683759874
0.47981100682984645,0.04999986886998187,3.3139816339744828,-0.030899999999999997,0.4164,True,0.47981100682984645,-0.012050192452735375,0.04999986886998187
0.48019892810411247,0.04999986886998187,3.3239816339744825,-0.030600000000000002,0.4164,True,0.48019892810411247,-0.012122637968336587,0.04999986886998187
0.4725376985912626,-0.04999986886998187,3.333981633974483,-0.0298,0.4164,True,0.4725376985912626,-0.012202648229506494,-0.04999986886998187
0.4587708465233716,-0.04999986886998187,3.343981633974483,-0.0285,0.4164,True,0.4587708465233716,-0.01237411083594524,-0.04999986886998187
0.4460229262288809,-0.05000004768376165,3.343981633974483,-0.0275,0.4164,True,0.4460229262288809,-0.01279792731526922,-0.05000004768376165
0.4476612190541813,-0.09999997615843093,3.333981633974483,-0.0275,0.4164,True,0.4476612190541813,-0.013430981291384007,-0.09999997615843093
0.45102239578841646,-0.04999986886998187,3.343981633974483,-0.0276,0.4164,True,0.45102239578841646,-0.013960265649842794,-0.04999986886998187
0.44076864767259605,0.0,3.333981633974483,-0.027000000000000003,0.4164,True,0.44076864767259605,-0.014549468559665227,0.0
0.4410701456556228,0.0,3.333981633974483,-0.0271,0.4164,True,0.4410701456556228,-0.01509026480683796,0.0
0.43340910198641175,0.0,3.333981633974483,-0.026600000000000002,0.4164,True,0.43340910198641175,-0.0154902905703602,0.0
0.4276556476785719,0.0,3.343981633974483,-0.0262,0.4164,True,0.4276556476785719,-0.015648201442139124,0.0
0.415862884453801,0.0,3.343981633974483,-0.0253,0.4164,True,0.415862884453801,-0.015731560486915326,0.0
0.3949181829433172,0.0,3.353981633974483,-0.023799999999999998,0.4164,True,0.3949181829433172,-0.015606730044723478,0.0
0.36576854042430346,-0.050000107288450835,3.353981633974483,-0.0219,0.4164,True,0.36576854042430346,-0.015696515386777493,-0.050000107288450835
0.35932951167629124,-0.10000009536752508,3.3639816339744826,-0.021400000000000002,0.4164,True,0.35932951167629124,-0.015646751543885146,-0.10000009536752508
0.3459379830136317,-0.09999997615843093,3.3739816339744824,-0.020499999999999997,0.4164,True,0.3459379830136317,-0.01568009000552762,-0.09999997615843093
0.34932641921291935,-0.09999997615842915,3.3739816339744824,-0.0206,0.4164,True,0.34932641921291935,-0.015784453841844542,-0.09999997615842915
0.35659624171212717,-0.09999997615843448,3.383981633974483,-0.021,0.4164,True,0.35659624171212717,-0.016093205462767553,-0.09999997615843448
0.3527633281632404,-0.049999868869987196,3.393981633974483,-0.0207,0.4164,True,0.3527633281632404,-0.016224214621276257,-0.049999868869987196
0.3640881641969269,-0.050000047683759874,3.393981633974483,-0.0213,0.4164,True,0.3640881641969269,-0.016280966588891093,-0.050000047683759874
0.35922403499213035,-0.05000010728844728,3.4139816339744824,-0.0209,0.4164,True,0.35922403499213035,-0.016214688376003643,-0.05000010728844728
0.3491413905730478,-0.05000010728844728,3.423981633974483,-0.0202,0.4164,True,0.3491413905730478,-0.0159927651864444,-0.05000010728844728
0.3469914203221621,-0.05000010728844728,3.4439816339744826,-0.0199,0.4164,True,0.3469914203221621,-0.0158759409143434,-0.05000010728844728
0.33934194145606505,-0.05000010728844728,3.463981633974483,-0.019299999999999998,0.4164,True,0.33934194145606505,-0.015530299922563613,-0.05000010728844728
0.36152542390203585,0.0,3.473981633974483,-0.0204,0.4164,True,0.36152542390203585,-0.015267513809142172,0.0
0.7367399026301381,0.05000010728844728,3.4939816339744825,-0.041299999999999996,0.4164,True,0.7367399026301381,-0.015320343270271911,0.05000010728844728
1.1488690564732562,0.05000010728844728,3.503981633974483,-0.0641,0.4164,True,1.1488690564732562,-0.015473371475012513,0.05000010728844728
1.5553555943509192,0.09999997615842915,3.4939816339744825,-0.0867,0.4164,True,1.5553555943509192,-0.016129163489222505,0.09999997615842915
1.9696252552407427,0.20000019073532904,3.4839816339744827,-0.1093,0.4164,True,1.9696252552407427,-0.016873340361948787,0.20000019073532904
2.3899760433483404,0.3000002861025699,3.463981633974483,-0.1319,0.4164,True,2.3899760433483404,-0.017875833803240045,0.3000002861025699
2.815753189316915,0.2999999284752981,3.423981633974483,-0.1545,0.4164,True,2.815753189316915,-0.019423334685691733,0.2999999284752981
3.2432141343029985,0.4500002503406417,3.383981633974483,-0.1771,0.4164,True,3.2432141343029985,-0.02142764447355666,0.4500002503406417
3.5339447704594384,0.6499997258205745,3.3239816339744825,-0.19190000000000002,0.4164,True,3.5339447704594384,-0.023298423230565114,0.6499997258205745
3.5211187588675195,0.6499997258205745,3.2439816339744825,-0.1917,0.4164,True,3.5211187588675195,-0.025570588400629493,0.6499997258205745
3.502471141127688,0.700000667572656,3.173981633974483,-0.1917,0.4164,True,3.502471141127688,-0.027851419248454464,0.700000667572656
3.4777500614463652,0.7999998092674563,3.093981633974483,-0.1917,0.4164,True,3.4777500614463652,-0.030237559840183614,0.7999998092674563
3.456263895350251,0.749999701979009,3.013981633974483,-0.1917,0.4164,True,3.456263895350251,-0.0326139303468292,0.749999701979009
3.427255925824138,0.8999993085889546,2.933981633974483,-0.1917,0.4164,True,3.427255925824138,-0.03488745418121155,0.8999993085889546
3.369726007888975,0.999999523165851,2.8639816339744826,-0.1917,0.4164,True,3.369726007888975,-0.03719671403014644,0.999999523165851
3.313613913134212,0.800000762940182,2.8239816339744825,-0.1917,0.4164,True,3.313613913134212,-0.03859616530031334,0.800000762940182
3.2453811231601626,0.8999993085889599,2.7039816339744824,-0.1917,0.4164,True,3.2453811231601626,-0.04159422157667874,0.8999993085889599
3.170989526411568,1.0499996304543036,2.633981633974483,-0.1918,0.4164,True,3.170989526411568,-0.04367182484069842,1.0499996304543036
3.108418371674966,0.9999997615843208,2.553981633974483,-0.192,0.4163,True,3.108418371674966,-0.04574237280366414,0.9999997615843208
3.0478319209846734,1.049999868872768,2.4839816339744827,-0.192,0.4163,True,3.0478319209846734,-0.047379996035782045,1.049999868872768
2.9843418184954795,1.1500010967265073,2.4139816339744824,-0.19219999999999998,0.4163,True,2.9843418184954795,-0.04895342155161358,1.1500010967265073
2.9128365730932395,1.050000107291234,2.3239816339744825,-0.19219999999999998,0.4163,True,2.9128365730932395,-0.050758153733170885,1.050000107291234
2.8652319853331103,1.1000002145796817,2.253981633974483,-0.1924,0.4163,True,2.8652319853331103,-0.05189523034316075,1.1000002145796817
2.802360866932495,1.1999999523196498,2.173981633974483,-0.19260000000000002,0.4163,True,2.802360866932495,-0.053048171482517115,1.1999999523196498
2.737005373077766,1.1499998450312028,2.083981633974483,-0.19260000000000002,0.4163,True,2.737005373077766,-0.053995256188038285,1.1499998450312028
2.6787524314318856,1.4000013351453173,2.013981633974483,-0.19260000000000002,0.4163,True,2.6787524314318856,-0.05439281661547999,1.4000013351453173
2.612526442138508,1.40000014305498,1.9339816339744829,-0.19260000000000002,0.4163,True,2.612526442138508,-0.05450701824646293,1.40000014305498
2.5507278290901496,1.265926391262229,1.8539816339744828,-0.19260000000000002,0.4163,True,2.5507278290901496,-0.054434591187872944,1.265926391262229
2.4962696615310773,1.4659258667421615,1.7839816339744825,-0.19269999999999998,0.4163,True,2.4962696615310773,-0.05385705579773122,1.4659258667421615
2.440743152806176,1.4999994039580145,1.713981633974483,-0.1929,0.4163,True,2.440743152806176,-0.053055799974028234,1.4999994039580145
2.345796977355384,1.15000109672651,1.633981633974483,-0.19039999999999999,0.4163,True,2.345796977355384,-0.051887683196184906,1.15000109672651
2.1486531362796173,1.0999992609058213,1.5607963267948965,-0.1783,0.4163,True,2.1486531362796173,-0.0504316602457389,1.0999992609058213
1.9685743755238552,1.099999260905821,1.5007963267948965,-0.1672,0.4163,True,1.9685743755238552,-0.049161890151222104,1.099999260905821
1.8124861384362356,0.8999997854258877,1.4607963267948965,-0.1566,0.4163,True,1.8124861384362356,-0.04870535061757659,0.8999997854258877
1.7242951214944509,0.7499994635605418,1.3707963267948966,-0.151,0.4163,True,1.7242951214944509,-0.0449961297740943,0.7499994635605418
1.6205349735736259,0.7000006675726582,1.3407963267948966,-0.14300000000000002,0.4163,True,1.6205349735736259,-0.044021974445325705,0.7000006675726582
1.3802496925940935,0.6500002026575062,1.2907963267948965,-0.12240000000000001,0.4163,True,1.3802496925940935,-0.0413432772542321,0.6500002026575062
1.2224426558688803,0.5499999880806081,1.2107963267948967,-0.10880000000000001,0.4163,True,1.2224426558688803,-0.03731211745813638,0.5499999880806081
1.0859700585067975,0.549999988080609,1.1607963267948966,-0.0975,0.4163,True,1.0859700585067975,-0.03531869694745098,0.549999988080609
1.0086125440770553,0.4499997735037118,1.1407963267948966,-0.091,0.4163,True,1.0086125440770553,-0.03408144445110734,0.4499997735037118
0.7480482411581715,0.5500005245213737,1.0807963267948966,-0.0677,0.4163,True,0.7480482411581715,-0.030481644086081245,0.5500005245213737
0.48743744661271393,0.5500002264990735,1.0407963267948965,-0.0449,0.4163,True,0.48743744661271393,-0.028694489066347775,0.5500002264990735
0.2463201518014588,0.34999979734528,1.0207963267948965,-0.0231,0.4163,True,0.2463201518014588,-0.028431403309488294,0.34999979734528
0.14651425596927078,0.34999979734528,0.9807963267948966,-0.0137,0.4163,True,0.14651425596927078,-0.025751703727820135,0.34999979734528
0.11537239782223013,0.39999990463372814,0.9607963267948966,-0.0109,0.4163,True,0.11537239782223013,-0.024410208268172473,0.39999990463372814
0.05220989494622605,0.2500002384188065,0.9407963267948966,-0.005,0.4163,True,0.05220989494622605,-0.023681137594788553,0.2500002384188065
-0.027293936691690127,0.1999997138983991,0.9207963267948965,0.0026,0.4163,False,-0.027293936691690127,-0.022657298873960556,0.1999997138983991
-0.03987679303389738,0.14999960660995004,0.9007963267948965,0.0038,0.4163,False,-0.03987679303389738,-0.02199305603440689,0.14999960660995004
-0.12162804142064391,0.0,0.8907963267948965,0.0116,0.4163,False,-0.12162804142064391,-0.02175077628630631,0.0
-0.15743922540596242,0.0,0.8807963267948966,0.0149,0.4163,False,-0.15743922540596242,-0.02120760389998361,0.0
-0.18371770896526854,0.05000004768376165,0.8807963267948966,0.0174,0.4163,False,-0.18371770896526854,-0.021038667412606713,0.05000004768376165
-0.22581286274907894,0.05000010728844817,0.8707963267948966,0.021400000000000002,0.4163,False,-0.22581286274907894,-0.021092384564763426,0.05000010728844817
-0.24449813082125874,-0.05000010728844817,0.8707963267948966,0.0231,0.4163,False,-0.24449813082125874,-0.021241422062692628,-0.05000010728844817
-0.26285063740124953,-2.384184663029032e-07,0.8707963267948966,0.0246,0.4163,False,-0.26285063740124953,-0.021664357936837433,-2.384184663029032e-07
-0.265257316701086,0.049999868869983644,0.8707963267948966,0.0248,0.4163,False,-0.265257316701086,-0.022032639335781742,0.049999868869983644
-0.2699898812379987,-0.05000004768376165,0.8707963267948966,0.025099999999999997,0.4163,False,-0.2699898812379987,-0.02275257372474953,-0.05000004768376165
-0.27641666668361764,-2.384184663029032e-07,0.8807963267948966,0.0256,0.4163,False,-0.27641666668361764,-0.023713829982455043,-2.384184663029032e-07
-0.2625424380037366,-2.3841846541472478e-07,0.8807963267948966,0.024300000000000002,0.4163,False,-0.2625424380037366,-0.02417442494728562,-2.3841846541472478e-07
-0.26518834023140797,-0.05000010728844906,0.8907963267948965,0.0245,0.4163,False,-0.26518834023140797,-0.024951592041862588,-0.05000010728844906
-0.25059921062002005,-0.05000010728844906,0.9107963267948965,0.023,0.4163,False,-0.25059921062002005,-0.026290629210183075,-0.05000010728844906
-0.23200587204810752,-0.10000009536752241,0.9107963267948965,0.0213,0.4163,False,-0.23200587204810752,-0.026844624121156152,-0.10000009536752241
-0.20542467209034887,-0.05000010728844817,0.9207963267948965,0.018799999999999997,0.4163,False,-0.20542467209034887,-0.027699653465496587,-0.05000010728844817
-0.18586778978132126,0.0,0.9407963267948966,0.0168,0.4163,False,-0.18586778978132126,-0.028769956800451857,0.0
-0.18191098933178215,-0.049999868869983644,0.9407963267948966,0.0163,0.4163,False,-0.18191098933178215,-0.029014843032450503,-0.049999868869983644
-0.16154981456108017,-0.20000019073532993,0.9507963267948966,0.0143,0.4163,False,-0.16154981456108017,-0.029667510333386618,-0.20000019073532993
-0.15320968917012567,-0.2500002384188065,0.9607963267948966,0.0134,0.4163,False,-0.15320968917012567,-0.03013091986541234,-0.2500002384188065
-0.13752501079891927,-0.10000021457689723,0.9707963267948966,0.011899999999999999,0.4163,False,-0.13752501079891927,-0.030521591081831657,-0.10000021457689723
-0.11970387361391896,-0.05000010728844906,0.9807963267948966,0.0103,0.4163,False,-0.11970387361391896,-0.03095405894281584,-0.05000010728844906
-0.10583925675269845,-0.05000010728844906,0.9907963267948966,0.009000000000000001,0.4163,False,-0.10583925675269845,-0.031158972168340748,-0.05000010728844906
-0.05691714415942644,-0.05000010728844906,0.9907963267948966,0.0048,0.4163,False,-0.05691714415942644,-0.03135689781716875,-0.05000010728844906
-0.0190268823892278,-0.2000001907350457,1.0007963267948967,0.0016,0.4163,False,-0.0190268823892278,-0.03178627282233066,-0.2000001907350457
0.0023955175252873473,-0.2500000596053127,1.0107963267948965,-0.0002,0.4163,True,0.0023955175252873473,-0.03197854687903291,-0.2500000596053127
0.0385837858119793,-0.19999995231686363,1.0107963267948965,-0.0032,0.4163,True,0.0385837858119793,-0.03206288880030281,-0.19999995231686363
0.07663289112023715,-0.19999995231686452,1.0207963267948965,-0.0063,0.4163,True,0.07663289112023715,-0.03193415504818812,-0.19999995231686452
0.1127935540782236,-0.19999995231686452,1.0207963267948965,-0.0092,0.4163,True,0.1127935540782236,-0.03173168173025095,-0.19999995231686452
0.13953039149420013,-0.15000014305128317,1.0207963267948965,-0.0113,0.4163,True,0.13953039149420013,-0.03144736336438123,-0.15000014305128317
0.15498688557924856,-0.05000010728844728,1.0107963267948965,-0.0125,0.4163,True,0.15498688557924856,-0.031216591425542294,-0.05000010728844728
0.16245056149204662,0.0,1.0107963267948965,-0.013000000000000001,0.4163,True,0.16245056149204662,-0.030931526503379513,0.0
0.16219260736520408,-0.049999868869983644,1.0007963267948967,-0.0129,0.4163,True,0.16219260736520408,-0.030575851589178898,-0.049999868869983644
0.16336958438553137,-0.09999997615843181,1.0007963267948967,-0.0129,0.4163,True,0.16336958438553137,-0.030188671111263738,-0.09999997615843181
0.16732231872312608,0.0,0.9907963267948966,-0.0132,0.4163,True,0.16732231872312608,-0.029889836268298428,0.0
0.15723804149244114,0.05000010728844817,0.9807963267948966,-0.0124,0.4163,True,0.15723804149244114,-0.02964719450340652,0.05000010728844817
0.15616454678547426,0.05000010728844906,0.9807963267948966,-0.0124,0.4163,True,0.15616454678547426,-0.029570266609951535,0.05000010728844906
0.1600492055105549,0.05000010728844906,0.9707963267948966,-0.0127,0.4163,True,0.1600492055105549,-0.029294069714123155,0.05000010728844906
0.1596865295555896,0.10000021457689634,0.9607963267948966,-0.0127,0.4163,True,0.1596865295555896,-0.029099055596523725,0.10000021457689634
0.14191963180187686,0.10000009536752152,0.9507963267948966,-0.0113,0.4163,True,0.14191963180187686,-0.02894759187181377,0.10000009536752152
0.14286967885130547,-0.049999868869983644,0.9507963267948966,-0.011399999999999999,0.4163,True,0.14286967885130547,-0.02884929058258533,-0.049999868869983644
0.12773509580416292,2.3841846541472478e-07,0.9407963267948966,-0.0102,0.4163,True,0.12773509580416292,-0.0287047037149978,2.3841846541472478e-07
0.12252961369545996,0.09999997615843181,0.9407963267948966,-0.0098,0.4163,True,0.12252961369545996,-0.02875204103147047,0.09999997615843181
0.10830992470782871,0.049999868869983644,0.9207963267948965,-0.0087,0.4163,True,0.10830992470782871,-0.028710676265473682,0.049999868869983644
0.0896155651540354,0.0,0.9207963267948965,-0.0072,0.4163,True,0.0896155651540354,-0.02874311953458293,0.0
0.08225867595433878,0.049999868869982755,0.9107963267948965,-0.0066,0.4163,True,0.08225867595433878,-0.02859444687557662,0.049999868869982755
0.06744962799519522,0.15000008344688087,0.9007963267948965,-0.0054,0.4163,True,0.06744962799519522,-0.028512721283374304,0.15000008344688087
0.06469639462632533,0.15000008344688087,0.8907963267948965,-0.0052,0.4163,True,0.06469639462632533,-0.02858961349104157,0.15000008344688087
0.06465604685002864,0.049999868869983644,0.8907963267948965,-0.0052,0.4163,True,0.06465604685002864,-0.028532763835566743,0.049999868869983644
0.06564942119228409,0.10000009536752241,0.8807963267948966,-0.0053,0.4163,True,0.06564942119228409,-0.028605077269564187,0.10000009536752241
0.07391860898567068,0.15000008344688087,0.8707963267948966,-0.006,0.4163,True,0.07391860898567068,-0.02866640634523835,0.15000008344688087
0.07126318387050955,0.049999868869983644,0.8607963267948966,-0.0058,0.4163,True,0.07126318387050955,-0.028536013789805536,0.049999868869983644
0.0787406245697347,0.0,0.8507963267948966,-0.0064,0.4163,True,0.0787406245697347,-0.02829963654055071,0.0
0.07774391751723234,0.05000010728844906,0.8407963267948966,-0.0063,0.4163,True,0.07774391751723234,-0.02791334543705464,0.05000010728844906
0.0791533408272358,0.15000014305128406,0.8307963267948966,-0.0064,0.4163,True,0.0791533408272358,-0.02764465190994858,0.15000014305128406
0.07268226160872142,0.19999995231686363,0.8207963267948966,-0.0059,0.4163,True,0.07268226160872142,-0.02744637264197625,0.19999995231686363
0.06989524372964431,0.14999984502841546,0.8107963267948965,-0.005699999999999999,0.4163,True,0.06989524372964431,-0.027362028010858342,0.14999984502841546
0.05631391389106766,0.05000010728844906,0.8007963267948965,-0.0046,0.4163,True,0.05631391389106766,-0.02719112587664065,0.05000010728844906
0.03177347559547053,0.10000021457689723,0.7907963267948965,-0.0026,0.4163,True,0.03177347559547053,-0.027004434537467654,0.10000021457689723
0.019522426882263643,0.15000014305128406,0.7807963267948965,-0.0016,0.4163,True,0.019522426882263643,-0.026841370301928007,0.15000014305128406
0.029307765104251978,0.0999999761584327,0.7807963267948965,-0.0024,0.4163,True,0.029307765104251978,-0.026733526704231916,0.0999999761584327
0.01829772730700042,0.15000008344688087,0.7707963267948965,-0.0015,0.4163,True,0.01829772730700042,-0.026758944030870563,0.15000008344688087
0.003629491678010875,0.10000021457689723,0.7607963267948965,-0.0003,0.4163,True,0.003629491678010875,-0.027034573567189458,0.10000021457689723
-0.0024042897305619143,0.10000021457689723,0.7607963267948965,0.0002,0.4163,False,-0.0024042897305619143,-0.02723961834269763,0.10000021457689723
-0.0023886189436054745,0.10000009536752241,0.7607963267948965,0.0002,0.4163,False,-0.0023886189436054745,-0.027530054298213806,0.10000009536752241
-0.0011933050758717448,0.0,0.7607963267948965,0.0001,0.4163,False,-0.0011933050758717448,-0.02763193808334922,0.0
0.005956854241597348,0.0,0.7507963267948966,-0.0005,0.4163,True,0.005956854241597348,-0.027841785681472213,0.0
-0.0035734732790412746,-0.049999868869983644,0.7507963267948966,0.0003,0.4163,False,-0.0035734732790412746,-0.028015885236197056,-0.049999868869983644
-0.1388327164177508,-0.09999997615843181,0.7407963267948966,0.0116,0.4163,False,-0.1388327164177508,-0.028133830910344968,-0.09999997615843181
-0.1529024363481887,-0.05000004768376165,0.7407963267948966,0.0127,0.4163,False,-0.1529024363481887,-0.028203763309594232,-0.05000004768376165
-0.14080209006070013,-0.049999868869983644,0.7407963267948966,0.011699999999999999,0.4163,False,-0.14080209006070013,-0.02851188535743886,-0.049999868869983644
-0.12889045574813432,-0.049999868869983644,0.7307963267948966,0.010700000000000001,0.4163,False,-0.12889045574813432,-0.028613859523443995,-0.049999868869983644
-0.14349113194614335,0.0,0.7307963267948966,0.011899999999999999,0.4163,False,-0.14349113194614335,-0.028920015486703053,0.0
-0.12596638107392208,0.10000021457689812,0.7307963267948966,0.0105,0.4163,False,-0.12596638107392208,-0.02949819235572744,0.10000021457689812
-0.10250233960274031,0.1000000953675233,0.7307963267948966,0.0086,0.4163,False,-0.10250233960274031,-0.02998957510728748,0.1000000953675233
-0.09367464716279135,-8.881784197001252e-16,0.7307963267948966,0.0079,0.4163,False,-0.09367464716279135,-0.03058746526736558,-8.881784197001252e-16
-0.09585013926101484,0.05000010728844906,0.7307963267948966,0.008100000000000001,0.4163,False,-0.09585013926101484,-0.031083847925355006,0.05000010728844906
-0.07729673374834865,2.3841846452654636e-07,0.7407963267948966,0.006500000000000001,0.4163,False,-0.07729673374834865,-0.03161529727724512,2.3841846452654636e-07
-0.04545283493924959,-0.09999997615843181,0.7407963267948966,0.0038,0.4163,False,-0.04545283493924959,-0.03184000181630105,-0.09999997615843181
-0.03618224507985859,-0.05000004768376165,0.7407963267948966,0.003,0.4163,False,-0.03618224507985859,-0.0316555387195515,-0.05000004768376165
0.0072464693881377365,0.0,0.7407963267948966,-0.0006,0.4163,True,0.0072464693881377365,-0.03201856703926748,0.0
0.044777877681816805,0.0,0.7407963267948966,-0.0037,0.4163,True,0.044777877681816805,-0.03237224365634857,0.0
0.049893923279275346,0.049999868869982755,0.7407963267948966,-0.0040999999999999995,0.4163,True,0.049893923279275346,-0.03227539269413706,0.049999868869982755
0.05456776667549379,0.049999868869983644,0.7407963267948966,-0.0045000000000000005,0.4163,True,0.05456776667549379,-0.03247210612283409,0.049999868869983644
0.06886945260276466,0.0,0.7407963267948966,-0.005699999999999999,0.4163,True,0.06886945260276466,-0.03309191487488288,0.0
0.08375711835398886,-8.881784197001252e-16,0.7407963267948966,-0.0069,0.4163,True,0.08375711835398886,-0.03311258146303815,-8.881784197001252e-16
0.10465374467706999,-0.05000010728844817,0.7407963267948966,-0.0086,0.4163,True,0.10465374467706999,-0.03317932076969725,-0.05000010728844817
0.107094423431122,-0.0999999761584327,0.7407963267948966,-0.0088,0.4163,True,0.107094423431122,-0.03346522560763598,-0.0999999761584327
0.10532016992320778,-0.049999868869983644,0.7407963267948966,-0.0086,0.4163,True,0.10532016992320778,-0.03348734643737183,-0.049999868869983644
0.10470142652066235,0.1000000953675233,0.7407963267948966,-0.0085,0.4163,True,0.10470142652066235,-0.03342463785842002,0.1000000953675233
0.10889145365253171,0.10000021457689723,0.7407963267948966,-0.0089,0.4163,True,0.10889145365253171,-0.033951220419522435,0.10000021457689723
0.11655002124943621,8.881784197001252e-16,0.7307963267948966,-0.0095,0.4163,True,0.11655002124943621,-0.033957579327426324,8.881784197001252e-16
0.12165446159339735,-8.881784197001252e-16,0.7307963267948966,-0.009899999999999999,0.4163,True,0.12165446159339735,-0.033873605944981906,-8.881784197001252e-16
0.12359163624856978,0.05000010728844906,0.7207963267948966,-0.01,0.4163,True,0.12359163624856978,-0.033618537335377334,0.05000010728844906
0.1124535539292058,0.05000004768376076,0.7207963267948966,-0.009000000000000001,0.4163,True,0.1124535539292058,-0.033294258317411424,0.05000004768376076
0.10967263874027638,0.049999868869983644,0.7107963267948966,-0.0087,0.4163,True,0.10967263874027638,-0.03287240004282943,0.049999868869983644
0.12066931564778227,0.09999997615843093,0.7007963267948966,-0.0096,0.4163,True,0.12066931564778227,-0.032856521140698564,0.09999997615843093
0.1075025680404923,0.09999997615843093,0.6907963267948966,-0.0086,0.4163,True,0.1075025680404923,-0.03309781846636956,0.09999997615843093
0.06995823273026273,0.15000008344688087,0.6807963267948965,-0.005600000000000001,0.4163,True,0.06995823273026273,-0.03305517773737584,0.15000008344688087
0.06636279033146322,0.10000009536752241,0.6807963267948965,-0.0053,0.4163,True,0.06636279033146322,-0.03297717166920931,0.10000009536752241
0.046761918283983725,0.0,0.6607963267948965,-0.0037,0.4163,True,0.046761918283983725,-0.03259690878282478,0.0
0.03564752346222379,-0.05000010728844817,0.6607963267948965,-0.0028000000000000004,0.4163,True,0.03564752346222379,-0.03230111538501005,-0.05000010728844817
0.03603998611627482,-0.05000010728844906,0.6507963267948965,-0.0028000000000000004,0.4163,True,0.03603998611627482,-0.03192104882137948,-0.05000010728844906
0.03866279362628749,8.881784197001252e-16,0.6407963267948965,-0.003,0.4163,True,0.03866279362628749,-0.03180564614159017,8.881784197001252e-16
0.06476335163457395,-0.05000004768376165,0.6307963267948966,-0.005,0.4163,True,0.06476335163457395,-0.031384821680305056,-0.05000004768376165
0.08447655437861609,-0.05000010728844906,0.6207963267948966,-0.006500000000000001,0.4163,True,0.08447655437861609,-0.031090155461098834,-0.05000010728844906
0.1023344628593567,-0.05000010728844906,0.6107963267948966,-0.0078000000000000005,0.4163,True,0.1023344628593567,-0.030575417265864806,-0.05000010728844906
0.10270434534068613,-0.05000010728844906,0.6007963267948966,-0.0078000000000000005,0.4163,True,0.10270434534068613,-0.03032459415384723,-0.05000010728844906
0.10354074079907626,0.0,0.5907963267948966,-0.0078000000000000005,0.4163,True,0.10354074079907626,-0.02986757146805133,0.0
0.11684340808251889,0.1000000953675233,0.5707963267948966,-0.0088,0.4163,True,0.11684340808251889,-0.029519511548436038,0.1000000953675233
0.1968453884579742,0.19999995231686452,0.5707963267948966,-0.0147,0.4163,True,0.1968453884579742,-0.02920790082898558,0.19999995231686452
0.19359347807803728,0.14999984502841546,0.5607963267948965,-0.0143,0.4163,True,0.19359347807803728,-0.02883643037810021,0.14999984502841546
0.14232715656564354,0.14999984502841546,0.5507963267948965,-0.0104,0.4163,True,0.14232715656564354,-0.02858273887299135,0.14999984502841546
0.11372356621046881,0.14999984502841546,0.5507963267948965,-0.008199999999999999,0.4163,True,0.11372356621046881,-0.02824163334726404,0.14999984502841546
0.09104436844600439,0.15000014305128406,0.5407963267948965,-0.006500000000000001,0.4163,True,0.09104436844600439,-0.027860272131930573,0.15000014305128406
0.0784850448930978,0.15000008344688087,0.5307963267948965,-0.005600000000000001,0.4163,True,0.0784850448930978,-0.027787358434008806,0.15000008344688087
0.08099631819189995,-2.3841846541472478e-07,0.5307963267948965,-0.0058,0.4163,True,0.08099631819189995,-0.02777884964669048,-2.3841846541472478e-07
0.07696265660777105,-2.3841846541472478e-07,0.5107963267948965,-0.0055000000000000005,0.4163,True,0.07696265660777105,-0.027574972500332993,-2.3841846541472478e-07
0.09280993660731797,-2.3841846541472478e-07,0.5107963267948965,-0.0066,0.4163,True,0.09280993660731797,-0.02726751932447176,-2.3841846541472478e-07
0.1125712910872446,0.0,0.5007963267948965,-0.008,0.4163,True,0.1125712910872446,-0.02701925279452034,0.0
0.12675152417952776,0.09999997615843181,0.4907963267948965,-0.009000000000000001,0.4163,True,0.12675152417952776,-0.026952577910714676,0.09999997615843181
0.13516112214814546,0.049999868869983644,0.4807963267948965,-0.0096,0.4163,True,0.13516112214814546,-0.027059266018824562,0.049999868869983644
0.14377663044646388,0.0,0.47079632679489647,-0.0102,0.4163,True,0.14377663044646388,-0.027036648631347488,0.0
0.15274648120489076,-0.05000010728844906,0.47079632679489647,-0.0108,0.4163,True,0.15274648120489076,-0.0270683582410174,-0.05000010728844906
0.17701353906780024,0.05000004768376165,0.46079632679489646,-0.0125,0.4163,True,0.17701353906780024,-0.02698018866942973,0.05000004768376165
0.20229249637734875,0.19999995231686452,0.45079632679489645,-0.0143,0.4163,True,0.20229249637734875,-0.026863696287058845,0.19999995231686452
0.2246641832626048,0.0999997377399664,0.44079632679489666,-0.0159,0.4163,True,0.2246641832626048,-0.02679656812200251,0.0999997377399664
0.2327863359993756,0.0999997377399664,0.43079632679489666,-0.0163,0.4163,True,0.2327863359993756,-0.026391919197836018,0.0999997377399664
0.40734301318567373,0.2500000596053127,0.41079632679489664,-0.028300000000000002,0.4163,True,0.40734301318567373,-0.026061189060901307,0.2500000596053127
0.7493015440317563,0.25000023841880736,0.40079632679489663,-0.051699999999999996,0.4163,True,0.7493015440317563,-0.025874994838839413,0.25000023841880736
1.0858652017226122,0.24999982118684727,0.3807963267948966,-0.07440000000000001,0.4163,True,1.0858652017226122,-0.025453225815425796,0.24999982118684727
1.434959596820429,0.3500000357637436,0.3507963267948966,-0.0969,0.4163,True,1.434959596820429,-0.02451461663191902,0.3500000357637436
1.8017603825170052,0.39999990463372725,0.32079632679489656,-0.11960000000000001,0.4163,True,1.8017603825170052,-0.023271924021012587,0.39999990463372725
2.1739269291676795,0.5000001192106254,0.2807963267948965,-0.1423,0.4163,True,2.1739269291676795,-0.021946574307329113,0.5000001192106254
2.533880434115664,0.6500006198888979,0.22079632679489647,-0.1649,0.4163,True,2.533880434115664,-0.020182298038698476,0.6500006198888979
2.9058301993539444,0.7499997019790072,0.16079632679489664,-0.18739999999999998,0.4163,True,2.9058301993539444,-0.01834867137801914,0.7499997019790072
3.013174737284139,0.7999998092674563,0.08079632679489657,-0.19190000000000002,0.4164,True,3.013174737284139,-0.015853845890733114,0.7999998092674563
3.0301811621940473,0.8999995470074236,0.0007963267948964958,-0.1918,0.4164,True,3.0301811621940473,-0.012857799359107613,0.8999995470074236
3.047886410929859,0.9499996542958726,6.183981633974483,-0.1918,0.4164,True,3.047886410929859,-0.009665680122844451,0.9499996542958726
3.0575069218539106,0.9500009059914643,6.093981633974483,-0.1918,0.4164,True,3.0575069218539106,-0.006721479677191204,0.9500009059914643
3.06728354304417,0.9499998927143363,5.9939816339744825,-0.1918,0.4164,True,3.06728354304417,-0.0033086041478395203,0.9499998927143363
3.0687303861907615,0.8499996781374382,5.893981633974483,-0.1918,0.4164,True,3.0687303861907615,0.00012673638213587675,0.8499996781374382
3.093458389359122,0.8999995470074218,5.803981633974483,-0.1918,0.4164,True,3.093458389359122,0.003296778735335386,0.8999995470074218
3.122531246513608,0.8999995470074236,5.693981633974483,-0.1918,0.4164,True,3.122531246513608,0.007118508063229345,0.8999995470074236
3.1263944746755175,0.7500007152564194,5.593981633974483,-0.1918,0.4164,True,3.1263944746755175,0.01094330624948574,0.7500007152564194
3.151607294107594,0.7999995708489891,5.493981633974483,-0.1918,0.4164,True,3.151607294107594,0.014611355191691705,0.7999995708489891
3.143797862884603,0.8499996781374399,5.383981633974482,-0.1893,0.4164,True,3.143797862884603,0.019080318720656343,0.8499996781374399
3.085715050668884,0.7499999403974744,5.273981633974483,-0.1837,0.4164,True,3.085715050668884,0.023893132584836826,0.7499999403974744
3.0671738106839195,0.7499999403974709,5.183981633974483,-0.1805,0.4164,True,3.0671738106839195,0.02814357328862269,0.7499999403974709
2.9847054498720937,0.8000007629401793,5.073981633974483,-0.1727,0.4164,True,2.9847054498720937,0.03285331944969477,0.8000007629401793
2.9683483080204565,0.7499999403974744,4.973981633974483,-0.1686,0.4164,True,2.9683483080204565,0.036899237039848445,0.7499999403974744
2.9523566953679663,0.6999998331090236,4.873981633974482,-0.165,0.4164,True,2.9523566953679663,0.040665388883428966,0.6999998331090236
2.9388248904662007,0.6999998331090236,4.7839816339744825,-0.16149999999999998,0.4164,True,2.9388248904662007,0.042994758956422754,0.6999998331090236
2.93652321399748,0.6999998331090254,4.693981633974483,-0.1583,0.4164,True,2.93652321399748,0.044232200664097936,0.6999998331090254
2.9491203991893253,0.6500006198888997,4.593981633974483,-0.1558,0.4164,True,2.9491203991893253,0.044128049692691816,0.6500006198888997
2.989828369877435,0.6499997258205745,4.503981633974483,-0.15539999999999998,0.4164,True,2.989828369877435,0.04306432794393655,0.6499997258205745
2.9317868957103044,0.6499997258205781,4.413981633974483,-0.1507,0.4164,True,2.9317868957103044,0.041242974119750433,0.6499997258205781
2.917302094389145,0.5999998569505927,4.333981633974483,-0.1484,0.4164,True,2.917302094389145,0.038996685498965934,0.5999998569505927
2.8793465555920537,0.6499999642390399,4.253981633974483,-0.1449,0.4164,True,2.8793465555920537,0.03651024606420612,0.6499999642390399
2.8321007655908477,0.700000667572656,4.173981633974483,-0.1416,0.4164,True,2.8321007655908477,0.03389039959253671,0.700000667572656
2.824743703016175,0.6000000953690581,4.103981633974483,-0.1406,0.4164,True,2.824743703016175,0.0314962177323295,0.6000000953690581
2.739731003613598,0.5499999880806108,4.0339816339744825,-0.1356,0.4164,True,2.739731003613598,0.029147099113565094,0.5499999880806108
2.6716359179658062,0.5499999880806072,3.9639816339744827,-0.1318,0.4164,True,2.6716359179658062,0.026709326957372763,0.5499999880806072
2.6215564317320754,0.49999988079215996,3.893981633974483,-0.1292,0.4164,True,2.6215564317320754,0.024487119146259607,0.49999988079215996
2.5483868436387227,0.5500005245213728,3.843981633974483,-0.1252,0.4164,True,2.5483868436387227,0.022405490288717387,0.5500005245213728
2.4819004014443062,0.5499999880806072,3.7839816339744825,-0.1219,0.4164,True,2.4819004014443062,0.02018363024844072,0.5499999880806072
2.4212504562691337,0.4499997735037091,3.723981633974483,-0.1189,0.4164,True,2.4212504562691337,0.018345629454051614,0.4499997735037091
2.3173509764258333,0.39999990463372725,3.673981633974483,-0.1134,0.4164,True,2.3173509764258333,0.016470445332290806,0.39999990463372725
2.2602640693951077,0.45000001192218164,3.6139816339744826,-0.11109999999999999,0.4164,True,2.2602640693951077,0.014404734252852441,0.45000001192218164
2.1783695086235673,0.4500004291538495,3.5639816339744828,-0.10769999999999999,0.4164,True,2.1783695086235673,0.012917027612128465,0.4500004291538495
2.1441960664315474,0.49999964237369454,3.513981633974483,-0.10619999999999999,0.4164,True,2.1441960664315474,0.011358616437511668,0.49999964237369454
2.0759061002782864,0.5499997496621454,3.463981633974483,-0.1025,0.4164,True,2.0759061002782864,0.009580996965173796,0.5499997496621454
2.0256915755169738,0.45000001192217454,3.423981633974483,-0.0998,0.4164,True,2.0256915755169738,0.00809579006643755,0.45000001192217454
1.9583997254180887,0.3499997973452835,3.393981633974483,-0.0959,0.4164,True,1.9583997254180887,0.0067904444707544455,0.3499997973452835
1.8417667283908536,0.3000002861025699,3.343981633974483,-0.0897,0.4164,True,1.8417667283908536,0.005195045691257743,0.3000002861025699
1.7756572058988305,0.20000019073532727,3.303981633974483,-0.08650000000000001,0.4164,True,1.7756572058988305,0.0037698235417471665,0.20000019073532727
1.7335266467563504,0.2000001907353237,3.263981633974483,-0.0842,0.4164,True,1.7335266467563504,0.002551216582780631,0.2000001907353237
1.7357928552089192,0.29999992847529455,3.2339816339744827,-0.08349999999999999,0.4164,True,1.7357928552089192,0.0006100092891511403,0.29999992847529455
1.7015732161190311,0.29999992847530166,3.1939816339744826,-0.0815,0.4164,True,1.7015732161190311,-0.000668056067683731,0.29999992847530166
1.6159163918350739,0.3000002861025699,3.1639816339744824,-0.078,0.4164,True,1.6159163918350739,-0.0014582149150170263,0.3000002861025699
1.5948952002250047,0.299999928475291,3.133981633974483,-0.0771,0.4164,True,1.5948952002250047,-0.002464222451557719,0.299999928475291
1.5065018398107204,0.1999997138984,3.103981633974483,-0.0724,0.4164,True,1.5065018398107204,-0.0033051954178535377,0.1999997138984
1.435126882672958,0.14999984502841812,3.083981633974483,-0.0691,0.4164,True,1.435126882672958,-0.004240745417746628,0.14999984502841812
1.3812363764392261,0.19999995231686185,3.053981633974483,-0.0665,0.4164,True,1.3812363764392261,-0.005244569607448352,0.19999995231686185
1.3512673892104368,0.2000001907350466,3.0339816339744825,-0.0649,0.4164,True,1.3512673892104368,-0.006220455156738781,0.2000001907350466
1.2991684394546192,0.1999999523168654,3.013981633974483,-0.063,0.4164,True,1.2991684394546192,-0.007055107540409771,0.1999999523168654
1.2171869999609206,0.19999995231686185,2.9939816339744825,-0.059800000000000006,0.4164,True,1.2171869999609206,-0.007945003234525605,0.19999995231686185
1.171471620654592,0.15000008344687643,2.973981633974483,-0.057800000000000004,0.4164,True,1.171471620654592,-0.008918712347607122,0.15000008344687643
1.1132463106022432,0.15000008344688354,2.963981633974483,-0.055099999999999996,0.4164,True,1.1132463106022432,-0.009732281419827245,0.15000008344688354
1.0546228414878858,0.10000009536752685,2.9439816339744826,-0.0525,0.4164,True,1.0546228414878858,-0.010577018719206618,0.10000009536752685
0.9975818908552494,0.09999973773996373,2.933981633974483,-0.0501,0.4164,True,0.9975818908552494,-0.011463228744597998,0.09999973773996373
0.9568998579635195,0.09999973773996373,2.923981633974483,-0.0483,0.4164,True,0.9568998579635195,-0.012239706524010071,0.09999973773996373
0.9407120742122275,0.0,2.9139816339744824,-0.0478,0.4164,True,0.9407120742122275,-0.013032741411815364,0.0
0.8828240643916464,0.05000010728844728,2.893981633974483,-0.0453,0.4164,True,0.8828240643916464,-0.014170784575453043,0.05000010728844728
0.850866930941536,0.1000000953675233,2.883981633974483,-0.0438,0.4164,True,0.850866930941536,-0.014873947151995429,0.1000000953675233
0.8258259959976209,0.050000107288450835,2.8739816339744824,-0.0426,0.4164,True,0.8258259959976209,-0.015545447639626215,0.050000107288450835
0.7853430731504549,0.050000107288450835,2.8639816339744826,-0.0406,0.4164,True,0.7853430731504549,-0.016358849838387,0.050000107288450835
0.7720912583505706,0.050000107288450835,2.8639816339744826,-0.04,0.4164,True,0.7720912583505706,-0.016954802381308476,0.050000107288450835
0.7324552030851805,0.0,2.853981633974483,-0.0381,0.4164,True,0.7324552030851805,-0.017433934948218405,0.0
0.6989258058477874,0.10000009536751975,2.843981633974483,-0.0365,0.4164,True,0.6989258058477874,-0.01790470858930836,0.10000009536751975
0.6687928596947392,0.15000008344687998,2.843981633974483,-0.0352,0.4164,True,0.6687928596947392,-0.018308349684773163,0.15000008344687998
0.6420577369626433,-2.3841846541472478e-07,2.843981633974483,-0.0341,0.4164,True,0.6420577369626433,-0.01876651318333589,-2.3841846541472478e-07
0.5962921865581987,-0.0999999761584327,2.843981633974483,-0.0319,0.4164,True,0.5962921865581987,-0.01935752284353214,-0.0999999761584327
0.573894629960505,2.3841846541472478e-07,2.843981633974483,-0.030899999999999997,0.4164,True,0.573894629960505,-0.019826517186309116,2.3841846541472478e-07
0.5513716271930263,0.050000047683759874,2.843981633974483,-0.0301,0.4164,True,0.5513716271930263,-0.02042525656258266,0.050000047683759874
0.5320874278284325,-0.09999973773996373,2.843981633974483,-0.0297,0.4164,True,0.5320874278284325,-0.021209397063834217,-0.09999973773996373
0.503365389668456,-0.14999984502841457,2.843981633974483,-0.0287,0.4164,True,0.503365389668456,-0.021786529842388023,-0.14999984502841457
0.4912969091149643,-0.050000107288450835,2.843981633974483,-0.028399999999999998,0.4164,True,0.4912969091149643,-0.022438246904536045,-0.050000107288450835
0.5077233942007434,0.050000107288450835,2.853981633974483,-0.029300000000000003,0.4164,True,0.5077233942007434,-0.022802533605120707,0.050000107288450835
0.49925140577704114,0.0,2.8639816339744826,-0.0287,0.4164,True,0.49925140577704114,-0.023046186577766962,0.0
0.4867797216791508,-0.050000107288450835,2.8739816339744824,-0.0279,0.4164,True,0.4867797216791508,-0.023298824721382165,-0.050000107288450835
0.47032572227350544,-0.050000107288450835,2.883981633974483,-0.0269,0.4164,True,0.47032572227350544,-0.02336269372654751,-0.050000107288450835
0.4539025230817371,-0.0999999761584327,2.893981633974483,-0.026099999999999998,0.4164,True,0.4539025230817371,-0.023742490207954634,-0.0999999761584327
0.4331491080763409,-0.15000008344687643,2.9039816339744826,-0.0252,0.4164,True,0.4331491080763409,-0.02407571525177132,-0.15000008344687643
0.44634155614689575,-0.2000001907350466,2.9139816339744824,-0.0262,0.4164,True,0.44634155614689575,-0.02468269913968894,-0.2000001907350466
0.4564084430341086,-0.1999999523168654,2.9139816339744824,-0.0269,0.4164,True,0.4564084430341086,-0.025192696666302163,-0.1999999523168654
0.47987443802163116,-0.14999984502841102,2.923981633974483,-0.028300000000000002,0.4164,True,0.47987443802163116,-0.02532593079280893,-0.14999984502841102
0.4967111311406429,-0.05000010728844728,2.9439816339744826,-0.029500000000000002,0.4164,True,0.4967111311406429,-0.025300432518189742,-0.05000010728844728
0.5020661519939792,-0.10000021457689812,2.9539816339744824,-0.0301,0.4164,True,0.5020661519939792,-0.02531430923246685,-0.10000021457689812
0.5005197915634334,-0.15000014305128317,2.9839816339744827,-0.0301,0.4164,True,0.5005197915634334,-0.025206869125559465,-0.15000014305128317
0.5150149177622706,-0.14999984502841812,2.9939816339744825,-0.0308,0.4164,True,0.5150149177622706,-0.025015750292120244,-0.14999984502841812
0.5325635738874266,-0.19999995231686185,3.013981633974483,-0.0318,0.4164,True,0.5325635738874266,-0.024848044706988696,-0.19999995231686185
0.5509713060392207,-0.10000021457689456,3.0339816339744825,-0.032799999999999996,0.4164,True,0.5509713060392207,-0.02481307839095909,-0.10000021457689456
0.5618612403054314,-0.15000032186534895,3.043981633974483,-0.0333,0.4164,True,0.5618612403054314,-0.024717796783965462,-0.15000032186534895
0.5797986338617857,-0.2500002384188065,3.053981633974483,-0.0344,0.4164,True,0.5797986338617857,-0.024895604356376437,-0.2500002384188065
0.5840839145813003,-0.15000008344687998,3.0639816339744828,-0.0346,0.4164,True,0.5840839145813003,-0.025262180914549345,-0.15000008344687998
0.6281905937644932,-0.0999999761584327,3.0739816339744825,-0.037000000000000005,0.4164,True,0.6281905937644932,-0.025446384211304553,-0.0999999761584327
0.635844369248694,-0.09999997615842915,3.083981633974483,-0.037200000000000004,0.4164,True,0.635844369248694,-0.02554807680228002,-0.09999997615842915
0.6642872606294009,-0.04999986886998187,3.093981633974483,-0.038900000000000004,0.4164,True,0.6642872606294009,-0.02567975528746187,-0.04999986886998187
0.6665929215808672,-0.05000004768376343,3.103981633974483,-0.0391,0.4164,True,0.6665929215808672,-0.025567368731018038,-0.05000004768376343
0.667768213092581,-0.09999997615843625,3.1139816339744826,-0.0391,0.4164,True,0.667768213092581,-0.0253990991788075,-0.09999997615843625
0.668592706010401,-0.15000008344687998,3.1239816339744824,-0.038900000000000004,0.4164,True,0.668592706010401,-0.02518500658672953,-0.15000008344687998
0.6757442353440771,-0.15000008344687643,3.1239816339744824,-0.0393,0.4164,True,0.6757442353440771,-0.02521583728621637,-0.15000008344687643
0.677062596776247,2.3841846541472478e-07,3.1239816339744824,-0.0393,0.4164,True,0.677062596776247,-0.02534934716914062,2.3841846541472478e-07
0.6833322671044928,0.0,3.133981633974483,-0.0397,0.4164,True,0.6833322671044928,-0.025469699816737332,0.0
0.7133986935950326,-0.09999997615843625,3.133981633974483,-0.0414,0.4164,True,0.7133986935950326,-0.02563074850715994,-0.09999997615843625
0.7061608183018253,-0.04999986886998897,3.133981633974483,-0.0409,0.4164,True,0.7061608183018253,-0.02592011558848949,-0.04999986886998897
0.6766133969824412,-0.09999973773996373,3.133981633974483,-0.0391,0.4164,True,0.6766133969824412,-0.026347275646623466,-0.09999973773996373
0.312672153834748,-0.1999999523168583,3.143981633974483,-0.018000000000000002,0.4164,True,0.312672153834748,-0.026514813393304713,-0.1999999523168583
-0.08534594076612287,-0.20000019073504305,3.143981633974483,0.0049,0.4164,False,-0.08534594076612287,-0.02634057066791548,-0.20000019073504305
-0.4795406818738605,-0.24999982118685082,3.1639816339744824,0.0275,0.4164,False,-0.4795406818738605,-0.025848829250836675,-0.24999982118685082
-0.8747486536308334,-0.4000001430521962,3.1939816339744826,0.050199999999999995,0.4164,False,-0.8747486536308334,-0.02548070234257023,-0.4000001430521962
-1.1680665304047073,-0.4999998807921564,3.2339816339744827,0.0672,0.4164,False,-1.1680665304047073,-0.024856594440622683,-0.4999998807921564
-1.6508541602342843,-0.6000000953690581,3.2839816339744825,0.0955,0.4164,False,-1.6508541602342843,-0.023914333226287526,-0.6000000953690581
-1.9388531616394837,-0.750000715256423,3.333981633974483,0.1124,0.4164,False,-1.9388531616394837,-0.02263797051446242,-0.750000715256423
-2.4298603643667733,-0.8499996781374364,3.4039816339744826,0.1406,0.4164,False,-2.4298603643667733,-0.02068392750342305,-0.8499996781374364
-2.7319316527214865,-0.8999997854258872,3.4839816339744827,0.1576,0.4164,False,-2.7319316527214865,-0.018497239479714954,-0.8999997854258872
-3.120561838144641,-0.9499996542958726,3.5739816339744825,0.1802,0.4164,False,-3.120561838144641,-0.016077219583879473,-0.9499996542958726
-3.3259277540256718,-0.9999997615843199,3.683981633974483,0.19140000000000001,0.4164,False,-3.3259277540256718,-0.012849681857524872,-0.9999997615843199
-3.3352521030250535,-0.9500009059914625,3.803981633974483,0.19140000000000001,0.4164,False,-3.3352521030250535,-0.009569808613836111,-0.9500009059914625
-3.3426335162128598,-0.9999995231658545,3.913981633974483,0.19140000000000001,0.4164,False,-3.3426335162128598,-0.006068638568884599,-0.9999995231658545
-3.3261157441406386,-1.0999997377427526,4.0339816339744825,0.19140000000000001,0.4164,False,-3.3261157441406386,-0.0013831311590595259,-1.0999997377427526
-3.33464432871215,-1.0000000000027853,4.153981633974483,0.19140000000000001,0.4164,False,-3.33464432871215,0.0038146142246043616,-1.0000000000027853
-3.3487330132243285,-1.0000000000027853,4.263981633974483,0.19140000000000001,0.4164,False,-3.3487330132243285,0.009665872144949848,-1.0000000000027853
-3.3605847840350362,-1.0500010013589858,4.393981633974483,0.19140000000000001,0.4164,False,-3.3605847840350362,0.01783274465728296,-1.0500010013589858
-3.3754207999611907,-0.9499998927143363,4.513981633974483,0.19140000000000001,0.4164,False,-3.3754207999611907,0.02691240402873174,-0.9499998927143363
-3.3827039905662866,-1.0000000000027853,4.623981633974482,0.19140000000000001,0.4164,False,-3.3827039905662866,0.03602169362999753,-1.0000000000027853
-3.343581044061667,-1.000000000002787,4.753981633974483,0.1894,0.4164,False,-3.343581044061667,0.044547866041932796,-1.000000000002787
-3.2825536576553613,-0.8499996781374399,4.863981633974483,0.18489999999999998,0.4164,False,-3.2825536576553613,0.04929900173625403,-0.8499996781374399
-3.2339878604530146,-0.850000810623941,4.973981633974483,0.1812,0.4164,False,-3.2339878604530146,0.05058401635514892,-0.850000810623941
-3.180820233772042,-0.8000000476859199,5.093981633974483,0.1776,0.4164,False,-3.180820233772042,0.049539647739251076,-0.8000000476859199
-3.17031111273794,-0.6999998331090254,5.203981633974482,0.17600000000000002,0.4164,False,-3.17031111273794,0.04701772160022978,-0.6999998331090254
-3.1159822011490212,-0.7999995708489926,5.303981633974483,0.1716,0.4164,False,-3.1159822011490212,0.044026222909108084,-0.7999995708489926
-3.057625564283118,-0.8499996781374382,5.423981633974483,0.16879999999999998,0.4164,False,-3.057625564283118,0.04117059286631762,-0.8499996781374382
-2.986958802818334,-0.7500007152564194,5.523981633974483,0.1653,0.4164,False,-2.986958802818334,0.03895203599985119,-0.7500007152564194
-2.903580068872857,-0.7499997019790072,5.613981633974483,0.1606,0.4164,False,-2.903580068872857,0.0367971423545446,-0.7499997019790072
-2.8334134103331774,-0.7499997019790072,5.703981633974482,0.1562,0.4164,False,-2.8334134103331774,0.034702404630996116,-0.7499997019790072
-2.7621903012125575,-0.6000000953690581,5.793981633974482,0.1519,0.4164,False,-2.7621903012125575,0.032723019675857536,-0.6000000953690581
-2.678260089957033,-0.49999988079215996,5.873981633974482,0.1469,0.4164,False,-2.678260089957033,0.031137972667163578,-0.49999988079215996
-2.617022568584704,-0.6000005722051363,5.953981633974482,0.1431,0.4164,False,-2.617022568584704,0.02936847079926297,-0.6000005722051363
-2.55361189842319,-0.6499999642390417,6.0339816339744825,0.1391,0.4164,False,-2.55361189842319,0.02752870163382076,-0.6499999642390417
-2.545814007180505,-0.5999998569505909,6.103981633974483,0.1382,0.4164,False,-2.545814007180505,0.025985944357485313,-0.5999998569505909
-2.402316193503781,-0.6499997258205745,6.163981633974483,0.131,0.4164,False,-2.402316193503781,0.02429475277476527,-0.6499997258205745
-2.305395923538526,-0.6499997258205745,6.223981633974483,0.1255,0.4164,False,-2.305395923538526,0.02315657229762146,-0.6499997258205745
-2.2680045270444427,-0.6500006198888979,6.273981633974483,0.1235,0.4164,False,-2.2680045270444427,0.022156918118188998,-0.6500006198888979
-2.084064411233565,-0.6499999642390417,0.04079632679489653,0.114,0.4164,False,-2.084064411233565,0.02076852959631652,-0.6499999642390417
-1.9603662387186704,-0.3999994277967964,0.09079632679489658,0.1081,0.4164,False,-1.9603662387186704,0.0201585952475047,-0.3999994277967964
-1.8228689412351582,-0.3499995589268128,0.1307963267948966,0.1015,0.4164,False,-1.8228689412351582,0.019033774075748026,-0.3499995589268128
-1.7758556565435093,-0.4499997735037109,0.17079632679489665,0.09939999999999999,0.4164,False,-1.7758556565435093,0.01780856370679682,-0.4499997735037109
-1.6724339375516608,-0.3500003337863289,0.21079632679489646,0.09369999999999999,0.4164,False,-1.6724339375516608,0.016525848722583888,-0.3500003337863289
-1.6052937680008688,-0.29999992847529633,0.2407963267948965,0.0907,0.4164,False,-1.6052937680008688,0.015569526315097797,-0.29999992847529633
-1.4828566667452852,-0.24999982118684816,0.2707963267948965,0.085,0.4164,False,-1.4828566667452852,0.014524469131364817,-0.24999982118684816
-1.404088760043473,-0.19999995231686452,0.30079632679489654,0.0815,0.4164,False,-1.404088760043473,0.013677985513229657,-0.19999995231686452
-1.3405270089918533,-0.2500000596053127,0.32079632679489656,0.0785,0.4164,False,-1.3405270089918533,0.012573601878480003,-0.2500000596053127
-1.2947573656336384,-0.2500002384188065,0.3507963267948966,0.0761,0.4164,False,-1.2947573656336384,0.011477023953451869,-0.2500002384188065
-1.2400100021678786,-0.19999995231686274,0.3707963267948966,0.0732,0.4164,False,-1.2400100021678786,0.010625788843417099,-0.19999995231686274
-1.1912844984706568,-0.19999995231686274,0.3907963267948966,0.0704,0.4164,False,-1.1912844984706568,0.009655259927376305,-0.19999995231686274
-1.1699301981961485,-0.15000008344688087,0.42079632679489665,0.069,0.4164,False,-1.1699301981961485,0.008748924704497549,-0.15000008344688087
-1.1070099322697593,-0.09999997615843181,0.44079632679489666,0.06509999999999999,0.4164,False,-1.1070099322697593,0.007733076826471461,-0.09999997615843181
-1.0733094995062846,-0.15000014305128406,0.46079632679489646,0.063,0.4164,False,-1.0733094995062846,0.006742932562756144,-0.15000014305128406
-1.045529986968931,-0.15000008344688087,0.4807963267948965,0.061,0.4164,False,-1.045529986968931,0.005814238722570144,-0.15000008344688087
-1.0165740386587852,-0.15000008344688087,0.5007963267948965,0.0591,0.4164,False,-1.0165740386587852,0.004806670250648184,-0.15000008344688087
-0.9854052713907033,-0.19999995231686363,0.5107963267948965,0.0574,0.4164,False,-0.9854052713907033,0.0038331144270611454,-0.19999995231686363
-0.9648050627282153,-0.19999995231686452,0.5307963267948965,0.0559,0.4164,False,-0.9648050627282153,0.0027395833136626717,-0.19999995231686452
-0.9217724009016817,-0.15000014305128406,0.5507963267948965,0.0527,0.4164,False,-0.9217724009016817,0.0019035310863779935,-0.15000014305128406
-0.8805933089469208,-0.09999997615843181,0.5607963267948965,0.049800000000000004,0.4164,False,-0.8805933089469208,0.0005672003761249774,-0.09999997615843181
-0.8494548314106672,-0.15000008344688087,0.5807963267948966,0.047,0.4164,False,-0.8494548314106672,-0.001174893552943371,-0.15000008344688087
-0.8437546352417263,-0.19999995231686452,0.6007963267948966,0.0454,0.4164,False,-0.8437546352417263,-0.0018934606681950416,-0.19999995231686452
-0.8003636593165999,-0.19999995231686452,0.6107963267948966,0.0432,0.4164,False,-0.8003636593165999,-0.0026450622236925347,-0.19999995231686452
-0.7305410394006122,-0.15000014305128317,0.6307963267948966,0.0398,0.4164,False,-0.7305410394006122,-0.0035088949801458046,-0.15000014305128317
-0.676422668031541,-0.14999984502841546,0.6307963267948966,0.0371,0.4164,False,-0.676422668031541,-0.004202781470277477,-0.14999984502841546
-0.6265986851328924,-0.0999997377399664,0.6407963267948965,0.0346,0.4164,False,-0.6265986851328924,-0.004564660816912628,-0.0999997377399664
-0.5784453536850072,-0.09999973773996551,0.6507963267948965,0.0321,0.4164,False,-0.5784453536850072,-0.004935663435523867,-0.09999973773996551
-0.5369123112252265,-0.09999973773996551,0.6607963267948965,0.0297,0.4164,False,-0.5369123112252265,-0.005688421457672496,-0.09999973773996551
-0.5194421200015211,-0.10000009536752241,0.6707963267948965,0.0286,0.4164,False,-0.5194421200015211,-0.006080104179364902,-0.10000009536752241
-0.4829077672777571,-0.15000008344688087,0.6807963267948965,0.026699999999999998,0.4164,False,-0.4829077672777571,-0.006953899448805132,-0.15000008344688087
-0.45840547327198694,-0.049999868869983644,0.6907963267948966,0.0253,0.4164,False,-0.45840547327198694,-0.007784888944855247,-0.049999868869983644
-0.4135651783799577,-0.0999997377399664,0.6907963267948966,0.022799999999999997,0.4164,False,-0.4135651783799577,-0.008516021088106963,-0.0999997377399664
-0.39642903571900995,-0.14999984502841546,0.7007963267948966,0.022099999999999998,0.4164,False,-0.39642903571900995,-0.009354094916227166,-0.14999984502841546
-0.3449265770046804,-0.05000004768376165,0.7007963267948966,0.0194,0.4164,False,-0.3449265770046804,-0.010015415100836825,-0.05000004768376165
-0.3121950688020635,0.0,0.7007963267948966,0.0177,0.4164,False,-0.3121950688020635,-0.010483267303973894,0.0
-0.265922131723368,0.05000010728844906,0.6907963267948966,0.015300000000000001,0.4164,False,-0.265922131723368,-0.01104179120907443,0.05000010728844906
-0.21820916150769032,0.05000010728844906,0.6907963267948966,0.0127,0.4164,False,-0.21820916150769032,-0.01142523925734965,0.05000010728844906
-0.2245458816085566,0.05000010728844906,0.6807963267948965,0.0132,0.4164,False,-0.2245458816085566,-0.011684691243639304,0.05000010728844906
-0.20771758154138456,0.10000009536752241,0.6807963267948965,0.0124,0.4164,False,-0.20771758154138456,-0.01217594322263204,0.10000009536752241
-0.19706543248158434,0.09999997615843181,0.6807963267948965,0.012,0.4164,False,-0.19706543248158434,-0.0126794100875381,0.09999997615843181
-0.19746932954237578,0.0999999761584327,0.6807963267948965,0.012199999999999999,0.4164,False,-0.19746932954237578,-0.013218564763460791,0.0999999761584327
-0.1957255865231846,0.09999997615843181,0.6807963267948965,0.012199999999999999,0.4164,False,-0.1957255865231846,-0.01376129493012781,0.09999997615843181
-0.19081504838112814,0.0999999761584327,0.6707963267948965,0.012,0.4164,False,-0.19081504838112814,-0.014054981345256956,0.0999999761584327
-0.18660416115155906,0.05000004768376165,0.6707963267948965,0.0118,0.4164,False,-0.18660416115155906,-0.014313387844776053,0.05000004768376165
-0.19338119740548235,0.04999986886998187,0.6607963267948965,0.0123,0.4164,False,-0.19338119740548235,-0.014532797935469934,0.04999986886998187
-0.19226142473168878,0.09999997615843093,0.6507963267948965,0.0125,0.4163,False,-0.19226142473168878,-0.015088866224939395,0.09999997615843093
-0.18518800363069082,0.14999984502841546,0.6407963267948965,0.0123,0.4163,False,-0.18518800363069082,-0.015668569774972007,0.14999984502841546
-0.17928063271136646,0.19999995231686363,0.6307963267948966,0.012199999999999999,0.4163,False,-0.17928063271136646,-0.016386882926621785,0.19999995231686363
-0.18732836454953178,0.05000004768376165,0.6307963267948966,0.013000000000000001,0.4163,False,-0.18732836454953178,-0.016859138577241615,0.05000004768376165
-0.21448816421911765,-2.3841846541472478e-07,0.6207963267948966,0.0151,0.4163,False,-0.21448816421911765,-0.017424544812626862,-2.3841846541472478e-07
-0.20819312349900906,0.09999997615843181,0.6107963267948966,0.0146,0.4163,False,-0.20819312349900906,-0.01790190638614126,0.09999997615843181
-0.21005103516107693,0.0999999761584327,0.6107963267948966,0.0146,0.4163,False,-0.21005103516107693,-0.01859482801313461,0.0999999761584327
-0.21454221335529225,0.09999997615843181,0.6007963267948966,0.0147,0.4163,False,-0.21454221335529225,-0.018931116895920967,0.09999997615843181
-0.22341565276979644,0.05000004768376076,0.5907963267948966,0.0152,0.4163,False,-0.22341565276979644,-0.01933636303791969,0.05000004768376076
-0.23406164544883898,0.0,0.5807963267948966,0.0159,0.4164,False,-0.23406164544883898,-0.01982694392004307,0.0
-0.22244416689514712,0.0,0.5707963267948966,0.0151,0.4164,False,-0.22244416689514712,-0.02006367978445849,0.0
-0.21602919582527255,0.0,0.5707963267948966,0.0146,0.4164,False,-0.21602919582527255,-0.020311609982134615,0.0
-0.2086635784346217,0.05000010728844906,0.5607963267948965,0.0141,0.4163,False,-0.2086635784346217,-0.020579792707883827,0.05000010728844906
-0.18597919985437442,0.1000000953675233,0.5507963267948965,0.0126,0.4163,False,-0.18597919985437442,-0.020729378894877908,0.1000000953675233
-0.18408742239510023,0.09999997615843181,0.5407963267948965,0.0126,0.4163,False,-0.18408742239510023,-0.02104631062808531,0.09999997615843181
-0.1867884309824877,0.09999997615843181,0.5407963267948965,0.0128,0.4163,False,-0.1867884309824877,-0.02115328262047262,0.09999997615843181
-0.19703418353155966,0.14999984502841546,0.5307963267948965,0.013500000000000002,0.4163,False,-0.19703418353155966,-0.021096734614601695,0.14999984502841546
-0.19887693663288789,0.14999984502841546,0.5307963267948965,0.0137,0.4163,False,-0.19887693663288789,-0.02111861908349312,0.14999984502841546
-0.2023216588975766,0.1000000953675233,0.5207963267948965,0.0139,0.4163,False,-0.2023216588975766,-0.021312926393657648,0.1000000953675233
-0.2227505658298304,0.05000010728844906,0.5107963267948965,0.0152,0.4163,False,-0.2227505658298304,-0.02089104297120246,0.05000010728844906
-0.2305875309318169,0.05000010728844817,0.5107963267948965,0.015700000000000002,0.4163,False,-0.2305875309318169,-0.02063652019494477,0.05000010728844817
-0.23607405425344688,0.14999984502841546,0.5007963267948965,0.0161,0.4163,False,-0.23607405425344688,-0.020478377704543773,0.14999984502841546
-0.23474942545127517,0.04999963045151823,0.4907963267948965,0.016,0.4163,False,-0.23474942545127517,-0.02017273643690665,0.04999963045151823
-0.22109198584544765,-0.15000014305128406,0.4807963267948965,0.015,0.4163,False,-0.22109198584544765,-0.01982320652578468,-0.15000014305128406
-0.23521779833674922,-0.05000034570691447,0.47079632679489647,0.0158,0.4163,False,-0.23521779833674922,-0.019487962425210566,-0.05000034570691447
-0.21631780344277854,0.15000008344688087,0.46079632679489646,0.0144,0.4163,False,-0.21631780344277854,-0.01927451283101073,0.15000008344688087
-0.19910181131182184,0.10000021457689812,0.46079632679489646,0.013300000000000001,0.4163,False,-0.19910181131182184,-0.01947666512500619,0.10000021457689812
-0.18986502709089054,0.0,0.45079632679489645,0.0128,0.4163,False,-0.18986502709089054,-0.019747064042834724,0.0
-0.18596669193459248,0.05000004768376076,0.44079632679489666,0.0126,0.4163,False,-0.18596669193459248,-0.01984787523090909,0.05000004768376076
-0.1739269865491098,0.05000010728844817,0.44079632679489666,0.0118,0.4163,False,-0.1739269865491098,-0.020058760975192654,0.05000010728844817
-0.16342171103504038,0.05000010728844906,0.43079632679489666,0.0111,0.4163,False,-0.16342171103504038,-0.020387007195145166,0.05000010728844906
-0.18453952773749113,0.05000010728844906,0.42079632679489665,0.0125,0.4163,False,-0.18453952773749113,-0.020519654198521642,0.05000010728844906
-0.17077654021861388,0.05000010728844906,0.42079632679489665,0.0115,0.4163,False,-0.17077654021861388,-0.02073351262438106,0.05000010728844906
-0.15719959042363105,0.10000009536752241,0.41079632679489664,0.0106,0.4163,False,-0.15719959042363105,-0.02087670181068356,0.10000009536752241
-0.14407884212098415,0.05000010728844817,0.41079632679489664,0.0097,0.4163,False,-0.14407884212098415,-0.021241897195832356,0.05000010728844817
-0.14948078265116382,0.0,0.40079632679489663,0.01,0.4163,False,-0.14948078265116382,-0.02136697286620476,0.0
-0.159981217759205,0.0,0.41079632679489664,0.010700000000000001,0.4163,False,-0.159981217759205,-0.02168678172295309,0.0
-0.13458594151224865,0.0,0.40079632679489663,0.009000000000000001,0.4163,False,-0.13458594151224865,-0.021946800260002543,0.0
-0.11032725399573147,0.05000004768376165,0.40079632679489663,0.0074,0.4163,False,-0.11032725399573147,-0.02224166255646718,0.05000004768376165
-0.08665515067730592,0.05000010728844906,0.40079632679489663,0.0058,0.4163,False,-0.08665515067730592,-0.022384139735453085,0.05000010728844906
-0.08500845917024136,0.05000010728844728,0.3907963267948966,0.005699999999999999,0.4163,False,-0.08500845917024136,-0.022477682091787722,0.05000010728844728
-0.023585137239107247,0.14999984502841368,0.3907963267948966,0.0016,0.4163,False,-0.023585137239107247,-0.0229381587785969,0.14999984502841368
0.3153522224030356,0.30000016689376174,0.3907963267948966,-0.0215,0.4163,True,0.3153522224030356,-0.023378510015436345,0.30000016689376174
0.6518231311673718,0.3500003337863289,0.3807963267948966,-0.0444,0.4163,True,0.6518231311673718,-0.023616430524669475,0.3500003337863289
0.99469888293438,0.29999992847529633,0.3707963267948966,-0.06709999999999999,0.4163,True,0.99469888293438,-0.023669191920706042,0.29999992847529633
1.2535424827819548,0.40000014305219356,0.3507963267948966,-0.084,0.4163,True,1.2535424827819548,-0.02352485261086349,0.40000014305219356
1.581820623841555,0.4500000119221772,0.32079632679489656,-0.1066,0.4163,True,1.581820623841555,-0.02311870179002848,0.4500000119221772
1.9891085484757982,0.5500002264990735,0.29079632679489653,-0.1349,0.4163,True,1.9891085484757982,-0.022610435789829898,0.5500002264990735
2.237149856233163,0.8000007629401811,0.2407963267948965,-0.1519,0.4163,True,2.237149856233163,-0.021383712439352533,0.8000007629401811
2.556651595220322,0.7500001788159381,0.19079632679489666,-0.1746,0.4163,True,2.556651595220322,-0.02012226594756377,0.7500001788159381
2.799043135611864,0.6499999642390417,0.14079632679489662,-0.1923,0.4163,True,2.799043135611864,-0.018838378120616537,0.6499999642390417
2.762789961161618,0.6999998331090236,0.07079632679489656,-0.19190000000000002,0.4163,True,2.762789961161618,-0.01702397038682926,0.6999998331090236
2.752748978504144,0.6999998331090236,6.273981633974483,-0.19190000000000002,0.4163,True,2.752748978504144,-0.0146252458646771,0.6999998331090236
2.7552094740679416,0.8000007629401811,6.193981633974483,-0.19190000000000002,0.4163,True,2.7552094740679416,-0.01199228819744285,0.8000007629401811
2.7789398948212116,0.8499999165559053,6.093981633974483,-0.19190000000000002,0.4163,True,2.7789398948212116,-0.00923681684499859,0.8499999165559053
2.7983847641682575,0.69999959469056,6.003981633974483,-0.19190000000000002,0.4163,True,2.7983847641682575,-0.0067024510224130765,0.69999959469056
2.826443844368799,0.6999995946905582,5.913981633974483,-0.19190000000000002,0.4163,True,2.826443844368799,-0.004156595943307953,0.6999995946905582
2.8779295676566887,0.9000000238443544,5.813981633974483,-0.19190000000000002,0.4163,True,2.8779295676566887,-0.0016153809305504937,0.9000000238443544
2.9211505453386057,1.0000009536752241,5.723981633974483,-0.19190000000000002,0.4164,True,2.9211505453386057,0.0005579172795669611,1.0000009536752241
2.9728771570696235,0.9999997615843199,5.643981633974483,-0.19190000000000002,0.4164,True,2.9728771570696235,0.0024755528807445916,0.9999997615843199
3.0111742980731306,0.8999995470074236,5.553981633974483,-0.19190000000000002,0.4164,True,3.0111742980731306,0.0050604238564280835,0.8999995470074236
3.060573254148865,0.7499999403974709,5.463981633974482,-0.19190000000000002,0.4164,True,3.060573254148865,0.008443238598949321,0.7499999403974709
3.1170545959783693,0.8000000476859217,5.373981633974482,-0.19190000000000002,0.4164,True,3.1170545959783693,0.012157550667701014,0.8000000476859217
3.1589019312003503,0.8500008106239445,5.273981633974483,-0.19190000000000002,0.4164,True,3.1589019312003503,0.01659580287965065,0.8500008106239445
3.2198452398300006,0.8499996781374399,5.173981633974483,-0.19190000000000002,0.4164,True,3.2198452398300006,0.021727800228446805,0.8499996781374399
3.2836371364689887,0.8999997854258872,5.073981633974483,-0.19190000000000002,0.4164,True,3.2836371364689887,0.027602779054451965,0.8999997854258872
3.3643971905456733,0.8499999165559053,4.973981633974483,-0.19190000000000002,0.4164,True,3.3643971905456733,0.03437008367859796,0.8499999165559053
3.4363180864290617,0.6999995946905582,4.873981633974482,-0.18989999999999999,0.4164,True,3.4363180864290617,0.0407615147793038,0.6999995946905582
3.4863954852235075,0.7500007152564159,4.7839816339744825,-0.1866,0.4164,True,3.4863954852235075,0.04538899606464293,0.7500007152564159
3.5553076366458725,0.8499999165559053,4.683981633974483,-0.1833,0.4164,True,3.5553076366458725,0.046987120337564636,0.8499999165559053
3.6538838114481025,0.69999959469056,4.573981633974483,-0.1822,0.4164,True,3.6538838114481025,0.04478534483576556,0.69999959469056
3.6855963062676307,0.7999993324305237,4.483981633974483,-0.1788,0.4164,True,3.6855963062676307,0.04009642448916873,0.7999993324305237
3.7262712369455007,0.9499996542958726,4.373981633974482,-0.1766,0.4164,True,3.7262712369455007,0.03362681301835098,0.9499996542958726
3.6804289749350056,0.8500008106239427,4.273981633974483,-0.1732,0.4164,True,3.6804289749350056,0.028565633899220323,0.8500008106239427
3.657491259666369,0.8499996781374364,4.173981633974483,-0.17079999999999998,0.4164,True,3.657491259666369,0.024940856885757402,0.8499996781374364
3.6204264350800104,0.7999995708489926,4.073981633974483,-0.1675,0.4164,True,3.6204264350800104,0.02154254699350596,0.7999995708489926
3.547026297904905,0.6499999642390435,3.9839816339744827,-0.162,0.4164,True,3.547026297904905,0.018501306862713125,0.6499999642390435
3.507661748358288,0.7000000715274872,3.9039816339744826,-0.1585,0.4164,True,3.507661748358288,0.015992369592808312,0.7000000715274872
3.4728121835018833,0.700000667572656,3.8139816339744828,-0.1558,0.4164,True,3.4728121835018833,0.01370612208495317,0.700000667572656
3.3905401983951178,0.6499997258205745,3.723981633974483,-0.1509,0.4164,True,3.3905401983951178,0.011337202001760348,0.6499997258205745
3.3220785122961596,0.6499997258205745,3.6539816339744826,-0.1476,0.4164,True,3.3220785122961596,0.009531376195706454,0.6499997258205745
3.2268395489999158,0.5999998569505891,3.5739816339744825,-0.1438,0.4164,True,3.2268395489999158,0.007816860596805341,0.5999998569505891
3.0821586031156736,0.5999998569505927,3.4939816339744825,-0.1378,0.4164,True,3.0821586031156736,0.006295431652635157,0.5999998569505927
3.005737209683512,0.500000476837613,3.423981633974483,-0.135,0.4164,True,3.005737209683512,0.004690562970169384,0.500000476837613
2.836260007472001,0.54999951124368,3.353981633974483,-0.1278,0.4164,True,2.836260007472001,0.003559577490735665,0.54999951124368
2.797715673905014,0.5999996185321272,3.2839816339744825,-0.1268,0.4164,True,2.797715673905014,0.0024268442494605465,0.5999996185321272
2.6512844098041124,0.49999988079215996,3.223981633974483,-0.12050000000000001,0.4164,True,2.6512844098041124,0.0012023561813691863,0.49999988079215996
2.578844529379565,0.48999939203361453,3.1639816339744824,-0.11689999999999999,0.4164,True,2.578844529379565,-3.133625212400564e-05,0.48999939203361453
2.1266306071575913,0.49000040531203126,2.933981633974483,-0.09609999999999999,0.4164,True,2.1266306071575913,-0.005653440122624927,0.49000040531203126
2.040964139510334,0.40000038147008965,2.9039816339744826,-0.092,0.4164,True,2.040964139510334,-0.00612882665349441,0.40000038147008965
1.9028402492418044,0.20000019073533082,2.8739816339744824,-0.0864,0.4164,True,1.9028402492418044,-0.006297553406416513,0.20000019073533082
1.7548757576824148,0.15000008344688354,2.853981633974483,-0.08130000000000001,0.4164,True,1.7548757576824148,-0.006683038217601374,0.15000008344688354
1.644157559524338,0.24999982118684372,2.833981633974483,-0.0779,0.4164,True,1.644157559524338,-0.007273215970568399,0.24999982118684372
1.631944940420864,0.2999999284752981,2.8139816339744828,-0.078,0.4164,True,1.631944940420864,-0.008029085957635884,0.2999999284752981
1.5728716983514384,0.2500002384188029,2.803981633974483,-0.0746,0.4164,True,1.5728716983514384,-0.008652451601973796,0.2500002384188029
1.5006377328627962,0.1999999523168583,2.793981633974483,-0.071,0.4164,True,1.5006377328627962,-0.009306470801122688,0.1999999523168583
1.431892692677348,0.1999999523168654,2.7739816339744827,-0.0677,0.4164,True,1.431892692677348,-0.010180702574234708,0.1999999523168654
1.3700705260249055,0.15000008344688354,2.763981633974483,-0.06509999999999999,0.4164,True,1.3700705260249055,-0.011323421456872812,0.15000008344688354
1.3426338328179785,0.15000008344687998,2.7439816339744825,-0.0644,0.4164,True,1.3426338328179785,-0.012612832414569135,0.15000008344687998
1.25604407803556,0.2500002384188065,2.7339816339744827,-0.061200000000000004,0.4164,True,1.25604407803556,-0.01383492579430021,0.2500002384188065
1.010607809650658,0.20000019073533082,2.713981633974483,-0.0504,0.4164,True,1.010607809650658,-0.014856545979344628,0.20000019073533082
0.9344021002007655,0.20000019073532727,2.6939816339744826,-0.0478,0.4164,True,0.9344021002007655,-0.0159641182413094,0.20000019073532727
0.8975655499129496,0.2500000596053127,2.683981633974483,-0.046900000000000004,0.4164,True,0.8975655499129496,-0.017221299142639826,0.2500000596053127
0.8293396877333967,0.1999999523168654,2.673981633974483,-0.0438,0.4164,True,0.8293396877333967,-0.017926684676451962,0.1999999523168654
0.7626674861330148,0.2000001907350466,2.6539816339744826,-0.0406,0.4164,True,0.7626674861330148,-0.018819350177286333,0.2000001907350466
0.6924266671091085,0.1999999523168654,2.643981633974483,-0.037200000000000004,0.4164,True,0.6924266671091085,-0.020059427763825976,0.1999999523168654
0.6307988484114921,0.1999999523168654,2.6239816339744824,-0.0342,0.4164,True,0.6307988484114921,-0.020601396827002415,0.1999999523168654
0.5758049118832076,4.7683693082944956e-07,2.6139816339744826,-0.0315,0.4164,True,0.5758049118832076,-0.02109883512658037,4.7683693082944956e-07
0.5159633375210602,-0.19999995231686185,2.593981633974483,-0.0285,0.4164,True,0.5159633375210602,-0.022422671003210506,-0.19999995231686185
0.5080624135449339,-0.2000001907350466,2.583981633974483,-0.0281,0.4164,True,0.5080624135449339,-0.023631929426708644,-0.2000001907350466
0.5091958819976639,-0.05000034570691625,2.5739816339744825,-0.0286,0.4164,True,0.5091958819976639,-0.02449868900864111,-0.05000034570691625
0.5091053531671548,0.04999986886998542,2.5639816339744828,-0.0294,0.4164,True,0.5091053531671548,-0.02591816809380116,0.04999986886998542
0.4971812420954227,-0.04999986886998542,2.5639816339744828,-0.0291,0.4164,True,0.4971812420954227,-0.02670687935574126,-0.04999986886998542
0.4821706260425576,-0.15000008344687998,2.5639816339744828,-0.0285,0.4164,True,0.4821706260425576,-0.027298418190632365,-0.15000008344687998
0.4711178496122965,-0.10000009536751975,2.5639816339744828,-0.028300000000000002,0.4164,True,0.4711178496122965,-0.02815524866228251,-0.10000009536751975
0.48509397045368,-0.04999986886998187,2.5739816339744825,-0.0294,0.4164,True,0.48509397045368,-0.02882342613443409,-0.04999986886998187
0.48973874468032125,-0.15000008344688354,2.583981633974483,-0.0298,0.4164,True,0.48973874468032125,-0.029167899322736255,-0.15000008344688354
0.49204630652741455,-0.1999999523168654,2.583981633974483,-0.03,0.4164,True,0.49204630652741455,-0.02957965878153512,-0.1999999523168654
0.5226622865242065,-0.14999984502841457,2.593981633974483,-0.032,0.4164,True,0.5226622865242065,-0.030060852596077946,-0.14999984502841457
0.542558802582418,-0.05000004768376343,2.603981633974483,-0.0335,0.4164,True,0.542558802582418,-0.030524263802830447,-0.05000004768376343
0.5513140827244513,-0.09999973773996373,2.6139816339744826,-0.034300000000000004,0.4164,True,0.5513140827244513,-0.03101546342677037,-0.09999973773996373
0.5561944612711356,-0.14999984502841457,2.633981633974483,-0.0348,0.4164,True,0.5561944612711356,-0.031219784280521683,-0.14999984502841457
0.565737442183666,-0.050000107288450835,2.643981633974483,-0.0354,0.4164,True,0.565737442183666,-0.031237019634832348,-0.050000107288450835
0.5934606274217138,-0.050000107288450835,2.6639816339744824,-0.0369,0.4164,True,0.5934606274217138,-0.03130936139422089,-0.050000107288450835
0.6220731983197787,-0.15000014305128317,2.673981633974483,-0.038599999999999995,0.4164,True,0.6220731983197787,-0.031350576534487966,-0.15000014305128317
0.623649647868088,-0.15000008344687643,2.6939816339744826,-0.0387,0.4164,True,0.623649647868088,-0.03129264841558923,-0.15000008344687643
0.6416786383377466,-0.09999997615843625,2.7039816339744824,-0.0398,0.4164,True,0.6416786383377466,-0.031029849781693385,-0.09999997615843625
0.6839337290991653,-0.05000010728845439,2.723981633974483,-0.042199999999999994,0.4164,True,0.6839337290991653,-0.03090921350100055,-0.05000010728845439
0.7043952736257608,-0.05000010728844728,2.7339816339744827,-0.0431,0.4164,True,0.7043952736257608,-0.03074603501173384,-0.05000010728844728
0.7114407099353688,-0.050000047683759874,2.7339816339744827,-0.0433,0.4164,True,0.7114407099353688,-0.030720358700055298,-0.050000047683759874
0.7249712411341563,0.0,2.7439816339744825,-0.044000000000000004,0.4164,True,0.7249712411341563,-0.030631867585455143,0.0
0.7435940301153076,0.0,2.7439816339744825,-0.0449,0.4164,True,0.7435940301153076,-0.030421163270399038,0.0
0.7328440468976423,-0.04999986886998187,2.753981633974483,-0.0444,0.4164,True,0.7328440468976423,-0.030523549806700433,-0.04999986886998187
0.7312638765771857,-0.15000008344687643,2.753981633974483,-0.044199999999999996,0.4164,True,0.7312638765771857,-0.03063249674817291,-0.15000008344687643
0.7494833730683448,-0.15000014305128317,2.753981633974483,-0.0449,0.4164,True,0.7494833730683448,-0.030357556715083472,-0.15000014305128317
0.7760288147037887,-0.050000107288450835,2.763981633974483,-0.0462,0.4164,True,0.7760288147037887,-0.030179826215245696,-0.050000107288450835
0.7879226344551182,-0.05000010728844728,2.763981633974483,-0.046900000000000004,0.4164,True,0.7879226344551182,-0.030284554009769482,-0.05000010728844728
0.797876368152177,-0.05000010728844728,2.763981633974483,-0.047400000000000005,0.4164,True,0.797876368152177,-0.030337985201821047,-0.05000010728844728
0.8254291265057973,0.0,2.7739816339744827,-0.048499999999999995,0.4164,True,0.8254291265057973,-0.03028549464049182,0.0
0.8379389321962945,0.0,2.7739816339744827,-0.0484,0.4164,True,0.8379389321962945,-0.030037128619665752,0.0
0.8422922857017213,-0.04999986886998542,2.7739816339744827,-0.0484,0.4164,True,0.8422922857017213,-0.0299677821629349,-0.04999986886998542
0.8372479099484994,-0.04999986886998187,2.7839816339744825,-0.0483,0.4164,True,0.8372479099484994,-0.030186834056828697,-0.04999986886998187
0.8429528854763748,-3.552713678800501e-15,2.7839816339744825,-0.0489,0.4164,True,0.8429528854763748,-0.030540141207744627,-3.552713678800501e-15
0.8411906322252809,3.552713678800501e-15,2.7839816339744825,-0.0489,0.4164,True,0.8411906322252809,-0.030889717463999555,3.552713678800501e-15
0.8553114528770315,0.0,2.7839816339744825,-0.0495,0.4164,True,0.8553114528770315,-0.03106220781802271,0.0
0.8580914502542336,0.04999986886998187,2.793981633974483,-0.0492,0.4164,True,0.8580914502542336,-0.0308424138033698,0.04999986886998187
0.8567369428545061,0.04999986886998542,2.793981633974483,-0.0489,0.4164,True,0.8567369428545061,-0.030781807690208524,0.04999986886998542
0.8478804149953223,0.0,2.793981633974483,-0.0483,0.4164,True,0.8478804149953223,-0.031002042610415243,0.0
0.8507383611481787,0.05000010728844728,2.793981633974483,-0.0481,0.4164,True,0.8507383611481787,-0.030929372977657025,0.05000010728844728
0.8460982230185219,0.050000047683759874,2.793981633974483,-0.047400000000000005,0.4164,True,0.8460982230185219,-0.031053250075004334,0.050000047683759874
0.8384587711902767,0.04999986886998542,2.793981633974483,-0.046900000000000004,0.4164,True,0.8384587711902767,-0.0313829407061809,0.04999986886998542
0.828115156536425,0.04999986886998542,2.7839816339744825,-0.0462,0.4164,True,0.828115156536425,-0.031667195252024646,0.04999986886998542
0.8213924747604235,0.0,2.7739816339744827,-0.045700000000000005,0.4164,True,0.8213924747604235,-0.03201180802370297,0.0
0.8072949612440495,-0.050000107288450835,2.7739816339744827,-0.0447,0.4164,True,0.8072949612440495,-0.03220427692208954,-0.050000107288450835
0.7951467987682748,-0.05000004768376343,2.763981633974483,-0.044000000000000004,0.4164,True,0.7951467987682748,-0.032452050496055734,-0.05000004768376343
0.7915791461188293,0.04999986886998542,2.763981633974483,-0.044000000000000004,0.4164,True,0.7915791461188293,-0.03288685170340646,0.04999986886998542
0.7941446822918445,0.04999986886998542,2.753981633974483,-0.044199999999999996,0.4164,True,0.7941446822918445,-0.03318478345210646,0.04999986886998542
0.7833836817402176,0.0,2.763981633974483,-0.0437,0.4164,True,0.7833836817402176,-0.03335859076668629,0.0
0.7567071812477416,-0.050000107288450835,2.763981633974483,-0.0425,0.4164,True,0.7567071812477416,-0.033640221984483236,-0.050000107288450835
0.738139229362455,-0.05000004768376343,2.763981633974483,-0.04190000000000001,0.4164,True,0.738139229362455,-0.03404141284122196,-0.05000004768376343
0.7271497439521182,-0.04999986886998187,2.763981633974483,-0.0417,0.4164,True,0.7271497439521182,-0.03441797692258355,-0.04999986886998187
0.7186662607310723,-0.09999997615842915,2.763981633974483,-0.0416,0.4164,True,0.7186662607310723,-0.03482088361722188,-0.09999997615842915
0.5804020945766872,-0.14999984502841812,2.763981633974483,-0.034,0.4164,True,0.5804020945766872,-0.03542920562182665,-0.14999984502841812
0.18101015719845748,-0.19999995231686185,2.7739816339744827,-0.010700000000000001,0.4164,True,0.18101015719845748,-0.035506968933947676,-0.19999995231686185
-0.20399826030042098,-0.2500002384188065,2.7839816339744825,0.0121,0.4164,False,-0.20399826030042098,-0.03548229662148866,-0.2500002384188065
-0.58113401047398,-0.2999999284752981,2.8139816339744828,0.0347,0.4164,False,-0.58113401047398,-0.03537234497670628,-0.2999999284752981
-0.9511357952992097,-0.45000025034063995,2.833981633974483,0.057300000000000004,0.4164,False,-0.9511357952992097,-0.03527972644024281,-0.45000025034063995
-1.3187836097647303,-0.6499997258205745,2.8739816339744824,0.08,0.4164,False,-1.3187836097647303,-0.034763428522933314,-0.6499997258205745
-1.6825161723528408,-0.6499997258205745,2.923981633974483,0.1027,0.4164,False,-1.6825161723528408,-0.0341974352782085,-0.6499997258205745
-2.037786602226099,-0.8000007629401829,2.9839816339744827,0.1253,0.4164,False,-2.037786602226099,-0.03354980843582008,-0.8000007629401829
-2.383409225965322,-0.9999997615843199,3.0639816339744828,0.14800000000000002,0.4164,False,-2.383409225965322,-0.032345336591941214,-0.9999997615843199
-2.7213443627064975,-1.0499998688727672,3.143981633974483,0.17059999999999997,0.4164,False,-2.7213443627064975,-0.03110034952123406,-1.0499998688727672
-3.0324676795201504,-1.0999997377427526,3.2339816339744827,0.1909,0.4163,False,-3.0324676795201504,-0.029277784024531132,-1.0999997377427526
-3.0232377587957666,-1.0999997377427526,3.343981633974483,0.1916,0.4163,False,-3.0232377587957666,-0.027443254738762225,-1.0999997377427526
-3.0089383915058647,-1.000000953675226,3.4439816339744826,0.1916,0.4163,False,-3.0089383915058647,-0.025198561663249793,-1.000000953675226
-3.0031746167423305,-0.999999523165851,3.553981633974483,0.1916,0.4164,False,-3.0031746167423305,-0.02286904700039991,-0.999999523165851
-3.014470481136059,-1.0499996304543018,3.673981633974483,0.1916,0.4164,False,-3.014470481136059,-0.019980823199843935,-1.0499996304543018
-3.041337342808584,-0.9000000238443562,3.7839816339744825,0.1916,0.4164,False,-3.041337342808584,-0.016842666724157292,-0.9000000238443562
-3.0661299862956377,-0.9500001311328035,3.893981633974483,0.1916,0.4164,False,-3.0661299862956377,-0.013487469569450947,-0.9500001311328035
-3.058643613165783,-1.000000953675226,4.013981633974483,0.1916,0.4164,False,-3.058643613165783,-0.009130487675392984,-1.000000953675226
-3.0764301861846017,-0.8000000476859235,4.123981633974482,0.1916,0.4164,False,-3.0764301861846017,-0.004235792049912025,-0.8000000476859235
-3.1193799468069474,-0.900000262262818,4.233981633974483,0.1916,0.4164,False,-3.1193799468069474,0.0019310122204680778,-0.900000262262818
-3.1538779814670357,-1.0000000000027853,4.353981633974483,0.1916,0.4164,False,-3.1538779814670357,0.009968984748791734,-1.0000000000027853
-3.2030444560875986,-0.7999995708489891,4.453981633974482,0.1916,0.4164,False,-3.2030444560875986,0.01864761626577257,-0.7999995708489891
-3.242579406469979,-0.8000007629401793,4.553981633974483,0.1916,0.4164,False,-3.242579406469979,0.02891441310503147,-0.8000007629401793
-3.313302313418326,-0.8499999165559053,4.663981633974483,0.1916,0.4164,False,-3.313302313418326,0.03941303303275104,-0.8499999165559053
-3.402371073265357,-0.7999998092674563,4.773981633974483,0.1916,0.4164,False,-3.402371073265357,0.046912278480599354,-0.7999998092674563
-3.4803596239990586,-0.8499996781374399,4.883981633974482,0.1916,0.4164,False,-3.4803596239990586,0.049997176947000344,-0.8499996781374399
-3.5381931678083802,-0.899999785425889,4.993981633974483,0.1916,0.4164,False,-3.5381931678083802,0.049796293055784854,-0.899999785425889
-3.5988509580647974,-0.850000810623941,5.113981633974483,0.1907,0.4164,False,-3.5988509580647974,0.04721478733308283,-0.850000810623941
-3.6016063814736428,-0.9499994158774054,5.213981633974482,0.188,0.4164,False,-3.6016063814736428,0.04427025006478624,-0.9499994158774054
-3.5794948934578934,-0.9999995231658545,5.323981633974483,0.1845,0.4164,False,-3.5794948934578934,0.04091533517516043,-0.9999995231658545
-3.536406176158611,-0.8499999165559036,5.423981633974483,0.1809,0.4164,False,-3.536406176158611,0.03815737969926485,-0.8499999165559036
-3.436760837554241,-0.8499999165559036,5.523981633974483,0.1745,0.4164,False,-3.436760837554241,0.03580815631921553,-0.8499999165559036
-3.3282550191180187,-0.8000007629401811,5.623981633974482,0.1685,0.4164,False,-3.3282550191180187,0.033744884477332794,-0.8000007629401811
-3.2505472537058577,-0.6499999642390399,5.703981633974482,0.16440000000000002,0.4164,False,-3.2505472537058577,0.03200566322560226,-0.6499999642390399
-3.1490652023165135,-0.700000071527489,5.793981633974482,0.1593,0.4164,False,-3.1490652023165135,0.03036960715648574,-0.700000071527489
-3.0345815383182577,-0.7000000715274908,5.883981633974483,0.15380000000000002,0.4164,False,-3.0345815383182577,0.028585462963098898,-0.7000000715274908
-2.9442904916493498,-0.6499999642390399,5.963981633974483,0.1503,0.4164,False,-2.9442904916493498,0.027281421794424738,-0.6499999642390399
-2.828920734353197,-0.8000007629401811,6.043981633974482,0.1447,0.4164,False,-2.828920734353197,0.025938272219696194,-0.8000007629401811
-2.784049377897768,-0.867949538146285,6.113981633974483,0.1396,0.4164,False,-2.784049377897768,0.024202741721476986,-0.867949538146285
-1.3989764769167192,-0.3141021845889149,0.46079632679489646,0.0754,0.4164,False,-1.3989764769167192,0.009038969121648583,-0.3141021845889149
-1.2465102950699578,-0.29999992847529633,0.5107963267948965,0.07150000000000001,0.4164,False,-1.2465102950699578,0.007943058959995359,-0.29999992847529633
-1.153805409693613,-0.3000002861025681,0.5407963267948965,0.06709999999999999,0.4164,False,-1.153805409693613,0.006695031615492002,-0.3000002861025681
-1.0708214111675605,-0.34999979734528,0.5807963267948966,0.0629,0.4164,False,-1.0708214111675605,0.005491596305149966,-0.34999979734528
-0.9836680493911615,-0.34999979734528,0.6107963267948966,0.0582,0.4164,False,-0.9836680493911615,0.0041824569911847265,-0.34999979734528
-0.9182924734060761,-0.29999992847529633,0.6407963267948965,0.054299999999999994,0.4164,False,-0.9182924734060761,0.003106109783504918,-0.29999992847529633
-0.8302728673457717,-0.29999992847529455,0.6607963267948965,0.049,0.4164,False,-0.8302728673457717,0.0019365928941974153,-0.29999992847529455
-0.7673429968421753,-0.2500002384188056,0.6807963267948965,0.0452,0.4164,False,-0.7673429968421753,0.0004909246090128642,-0.2500002384188056
-0.7017048936063873,-0.19999995231686452,0.7007963267948966,0.0414,0.4164,False,-0.7017048936063873,-0.0006847340719638601,-0.19999995231686452
-0.616171664460753,-0.0999997377399664,0.7207963267948966,0.0366,0.4164,False,-0.616171664460753,-0.0015984891732016087,-0.0999997377399664
-0.5609354386035527,-0.0999997377399664,0.7307963267948966,0.0337,0.4164,False,-0.5609354386035527,-0.0028362640497122467,-0.0999997377399664
-0.5226214779213629,-0.19999995231686452,0.7507963267948966,0.0316,0.4164,False,-0.5226214779213629,-0.0038146240303661033,-0.19999995231686452
-0.481512445138439,-0.25000023841880736,0.7607963267948965,0.029300000000000003,0.4164,False,-0.481512445138439,-0.004685138632068156,-0.25000023841880736
-0.439330685596486,-0.20000019073532904,0.7707963267948965,0.0269,0.4164,False,-0.439330685596486,-0.005665831330844587,-0.20000019073532904
-0.40123209387448994,-0.20000019073532904,0.7707963267948965,0.0246,0.4164,False,-0.40123209387448994,-0.006347622428572493,-0.20000019073532904
-0.32311653777530264,-0.2500000596053127,0.7707963267948965,0.019799999999999998,0.4164,False,-0.32311653777530264,-0.006822942748818644,-0.2500000596053127
-0.28149549287184483,-0.14999984502841546,0.7707963267948965,0.0173,0.4164,False,-0.28149549287184483,-0.007479999655560235,-0.14999984502841546
-0.2359301842534012,-0.05000004768376165,0.7707963267948965,0.0147,0.4164,False,-0.2359301842534012,-0.007738900944871955,-0.05000004768376165
-0.1817003227325067,0.0,0.7607963267948965,0.0115,0.4164,False,-0.1817003227325067,-0.00834476724325871,0.0
-0.1764628042757379,0.05000010728844906,0.7607963267948965,0.011200000000000002,0.4164,False,-0.1764628042757379,-0.008770586875720235,0.05000010728844906
-0.16072206187450117,0.05000010728844906,0.7607963267948965,0.0102,0.4164,False,-0.16072206187450117,-0.00894611222316791,0.05000010728844906
-0.15136029351588035,0.0,0.7507963267948966,0.0097,0.4164,False,-0.15136029351588035,-0.009600097493456368,0.0
-0.15818103598418756,0.0,0.7407963267948966,0.0102,0.4164,False,-0.15818103598418756,-0.009980153009539727,0.0
-0.1496181595808189,0.0999997377399664,0.7407963267948966,0.0096,0.4164,False,-0.1496181595808189,-0.010139731071150125,0.0999997377399664
-0.1419352257202486,0.14999984502841457,0.7307963267948966,0.0091,0.4164,False,-0.1419352257202486,-0.010395156700324761,0.14999984502841457
-0.14256978032484485,0.09999997615843181,0.7307963267948966,0.0092,0.4164,False,-0.14256978032484485,-0.010720595218435599,0.09999997615843181
-0.14723715393845038,0.049999868869983644,0.7207963267948966,0.0096,0.4164,False,-0.14723715393845038,-0.010990333075168234,0.049999868869983644
-0.16041734548958728,0.0,0.7207963267948966,0.0106,0.4164,False,-0.16041734548958728,-0.011325616032115356,0.0
-0.16337210215075457,0.0,0.7107963267948966,0.0109,0.4164,False,-0.16337210215075457,-0.011639387648089961,0.0
-0.16169154771412678,0.05000010728844906,0.7007963267948966,0.0108,0.4164,False,-0.16169154771412678,-0.011626438017862832,0.05000010728844906
-0.15573703567879305,0.09999997615843181,0.7007963267948966,0.0104,0.4164,False,-0.15573703567879305,-0.01168769098764845,0.09999997615843181
-0.1450680555077116,0.049999868869982755,0.6907963267948966,0.0097,0.4164,False,-0.1450680555077116,-0.01201588560426776,0.049999868869982755
-0.14695011222021517,-0.05000004768376076,0.6907963267948966,0.0098,0.4163,False,-0.14695011222021517,-0.012394197086729234,-0.05000004768376076
-0.15159886833218528,-2.3841846541472478e-07,0.7007963267948966,0.0101,0.4163,False,-0.15159886833218528,-0.012861394494144786,-2.3841846541472478e-07
-0.13874450205243036,0.09999997615843181,0.7007963267948966,0.0092,0.4163,False,-0.13874450205243036,-0.013295709344197295,0.09999997615843181
-0.1256457597062528,0.0999999761584327,0.7007963267948966,0.0083,0.4164,False,-0.1256457597062528,-0.013842862378226323,0.0999999761584327
-0.12441437050239146,0.049999868869983644,0.7007963267948966,0.008199999999999999,0.4164,False,-0.12441437050239146,-0.014172066198329936,0.049999868869983644
-0.12371206470123683,0.05000004768376076,0.7107963267948966,0.008199999999999999,0.4164,False,-0.12371206470123683,-0.014595540722724589,0.05000004768376076
-0.13188818158406376,0.09999997615843181,0.7107963267948966,0.0088,0.4164,False,-0.13188818158406376,-0.015184946731907567,0.09999997615843181
-0.11874593775224415,0.15000008344688087,0.7107963267948966,0.0079,0.4164,False,-0.11874593775224415,-0.015635326169042948,0.15000008344688087
-0.11547264629592771,0.15000008344688087,0.7207963267948966,0.0076,0.4164,False,-0.11547264629592771,-0.016145006135351248,0.15000008344688087
-0.1243056412918791,0.15000008344688087,0.7207963267948966,0.008100000000000001,0.4164,False,-0.1243056412918791,-0.016459417575903905,0.15000008344688087
-0.15121623734928746,0.15000014305128406,0.7307963267948966,0.0098,0.4164,False,-0.15121623734928746,-0.016992410861050973,0.15000014305128406
-0.16888479047872187,0.05000010728844906,0.7407963267948966,0.011000000000000001,0.4164,False,-0.16888479047872187,-0.01758734222919228,0.05000010728844906
-0.17081604777207499,-0.10000021457689723,0.7407963267948966,0.0113,0.4164,False,-0.17081604777207499,-0.01813968771084528,-0.10000021457689723
-0.15895764797925777,-0.10000021457689723,0.7407963267948966,0.0106,0.4164,False,-0.15895764797925777,-0.018553857932555567,-0.10000021457689723
-0.1266172491863496,-0.05000010728844906,0.7407963267948966,0.0085,0.4164,False,-0.1266172491863496,-0.019055961442745826,-0.05000010728844906
-0.11230237404728181,-0.1000000953675233,0.7407963267948966,0.0075,0.4164,False,-0.11230237404728181,-0.01934685584968218,-0.1000000953675233
-0.09824588238393347,-0.14999984502841546,0.7407963267948966,0.006500000000000001,0.4164,False,-0.09824588238393347,-0.01955431178899565,-0.14999984502841546
-0.06871389953132548,-0.04999963045151734,0.7507963267948966,0.0045000000000000005,0.4164,False,-0.06871389953132548,-0.01986191581294795,-0.04999963045151734
-0.02932731369297639,0.14999984502841546,0.7407963267948966,0.0019,0.4164,False,-0.02932731369297639,-0.019997482222957018,0.14999984502841546
-0.013887115668581066,0.0999997377399664,0.7407963267948966,0.0009,0.4164,False,-0.013887115668581066,-0.02019895033387322,0.0999997377399664
-0.018355605956613077,0.0,0.7407963267948966,0.0012,0.4164,False,-0.018355605956613077,-0.020510294382572413,0.0
-0.0106353718357177,0.049999868869983644,0.7407963267948966,0.0007000000000000001,0.4164,False,-0.0106353718357177,-0.0208285108685781,0.049999868869983644
-0.013628573990264565,0.09999997615843181,0.7407963267948966,0.0009,0.4163,False,-0.013628573990264565,-0.02094755528045077,0.09999997615843181
-0.015002325966875825,2.3841846541472478e-07,0.7407963267948966,0.001,0.4163,False,-0.015002325966875825,-0.021016308988896115,2.3841846541472478e-07
-0.001491422848282384,-0.049999868869982755,0.7407963267948966,0.0001,0.4163,False,-0.001491422848282384,-0.021033563171733157,-0.049999868869982755
0.004497277670265318,0.05000004768376076,0.7307963267948966,-0.0003,0.4163,True,0.004497277670265318,-0.020724037799424232,0.05000004768376076
0.0075485128333244575,0.24999958276838186,0.7207963267948966,-0.0005,0.4164,True,0.0075485128333244575,-0.020440480323628038,0.24999958276838186
0.009136690327587413,0.3499997973452791,0.7207963267948966,-0.0006,0.4164,True,0.009136690327587413,-0.02051789902400172,0.3499997973452791
-0.006164029306480447,0.1500003218653445,0.7107963267948966,0.0004,0.4164,False,-0.006164029306480447,-0.020583390698927284,0.1500003218653445
-0.04199999805710162,8.881784197001252e-16,0.7107963267948966,0.0027,0.4164,False,-0.04199999805710162,-0.020661267117373983,8.881784197001252e-16
-0.06127869671432968,0.05000004768376076,0.7007963267948966,0.0039000000000000003,0.4164,False,-0.06127869671432968,-0.020614774507365624,0.05000004768376076
-0.06644974282877152,0.05000010728844817,0.6907963267948966,0.0042,0.4164,False,-0.06644974282877152,-0.020733212768829314,0.05000010728844817
-0.06853124253551997,0.05000010728844906,0.6907963267948966,0.0043,0.4164,False,-0.06853124253551997,-0.020922331015413683,0.05000010728844906
-0.06256311228092404,2.3841846541472478e-07,0.6807963267948965,0.0039000000000000003,0.4164,False,-0.06256311228092404,-0.02102871845940355,2.3841846541472478e-07
-0.05317039595446267,2.3841846541472478e-07,0.6807963267948965,0.0033,0.4164,False,-0.05317039595446267,-0.021157240494088077,2.3841846541472478e-07
-0.03705970863253885,0.0,0.6807963267948965,0.0023,0.4164,False,-0.03705970863253885,-0.0212082274726145,0.0
-0.021000545407392986,-0.05000010728844906,0.6807963267948965,0.0013,0.4164,False,-0.021000545407392986,-0.02120990600738288,-0.05000010728844906
-0.027497264891691426,0.0,0.6707963267948965,0.0017000000000000001,0.4164,False,-0.027497264891691426,-0.021166466035705093,0.0
0.006462839118312701,-0.049999868869983644,0.6707963267948965,-0.0004,0.4164,True,0.006462839118312701,-0.02116286942200458,-0.049999868869983644
0.03554265866725707,0.05000034570691447,0.6707963267948965,-0.0022,0.4164,True,0.03554265866725707,-0.02107051478549136,0.05000034570691447
0.03549625072601786,0.10000009536752241,0.6707963267948965,-0.0022,0.4164,True,0.03549625072601786,-0.021039194975079622,0.10000009536752241
0.03388101364776256,0.0,0.6707963267948965,-0.0021,0.4164,True,0.03388101364776256,-0.021043218106648116,0.0
0.053267342040939886,0.0,0.6607963267948965,-0.0033,0.4164,True,0.053267342040939886,-0.020746460421313007,0.0
0.05792248959906496,0.049999868869982755,0.6607963267948965,-0.0036,0.4164,True,0.05792248959906496,-0.020644943186672468,0.049999868869982755
0.062778911829301,0.15000008344688087,0.6607963267948965,-0.0039000000000000003,0.4164,True,0.062778911829301,-0.02067219036067496,0.15000008344688087
0.07470015641133507,0.1000000953675233,0.6607963267948965,-0.0046,0.4164,True,0.07470015641133507,-0.020770691098454266,0.1000000953675233
0.09340932115140431,0.0999997377399664,0.6607963267948965,-0.005699999999999999,0.4164,True,0.09340932115140431,-0.020927336578504634,0.0999997377399664
0.06933514970427736,0.0999997377399664,0.6607963267948965,-0.0042,0.4164,True,0.06933514970427736,-0.02101678158426509,0.0999997377399664
0.06464671353973067,0.049999868869983644,0.6507963267948965,-0.0039000000000000003,0.4164,True,0.06464671353973067,-0.021176229372770833,0.049999868869983644
0.07786859945443056,0.15000008344688087,0.6407963267948965,-0.004699999999999999,0.4164,True,0.07786859945443056,-0.0213274261632391,0.15000008344688087
0.08395363900902814,0.20000019073504482,0.6307963267948966,-0.0051,0.4164,True,0.08395363900902814,-0.021595072291344834,0.20000019073504482
0.05221156983553477,0.10000021457689723,0.6207963267948966,-0.0032,0.4164,True,0.05221156983553477,-0.021679564359913698,0.10000021457689723
0.0616400340693731,0.05000010728844906,0.6107963267948966,-0.0038,0.4164,True,0.0616400340693731,-0.021631261904663246,0.05000010728844906
0.05502975854430903,0.05000010728844906,0.6007963267948966,-0.0034000000000000002,0.4164,True,0.05502975854430903,-0.021406120186385602,0.05000010728844906
0.04989330104775922,0.05000010728844906,0.5807963267948966,-0.0031,0.4164,True,0.04989330104775922,-0.02126170007041303,0.05000010728844906
0.06089229565090341,0.05000004768376165,0.5707963267948966,-0.0038,0.4164,True,0.06089229565090341,-0.0209552388695792,0.05000004768376165
0.06397453809932994,0.0999997377399664,0.5507963267948965,-0.004,0.4164,True,0.06397453809932994,-0.02060036590794106,0.0999997377399664
0.12177782207040316,0.19999995231686363,0.5407963267948965,-0.0076,0.4164,True,0.12177782207040316,-0.020404048075884834,0.19999995231686363
0.4861852825320492,0.2999996900568309,0.5307963267948965,-0.0305,0.4164,True,0.4861852825320492,-0.02045038648238476,0.2999996900568309
0.8534242211163007,0.39999990463372725,0.5107963267948965,-0.0536,0.4164,True,0.8534242211163007,-0.020261230327224912,0.39999990463372725
1.1200170695281881,0.40000038147008965,0.4807963267948965,-0.0705,0.4164,True,1.1200170695281881,-0.020083210984726353,0.40000038147008965
1.4768392113671958,0.39999990463372814,0.45079632679489645,-0.0931,0.4164,True,1.4768392113671958,-0.019622128360805177,0.39999990463372814
1.8309275564029581,0.6500004410759717,0.3907963267948966,-0.1157,0.4164,True,1.8309275564029581,-0.01829363603562925,0.6500004410759717
2.2014633831884955,0.6500004410759717,0.33079632679489657,-0.1384,0.4164,True,2.2014633831884955,-0.016989663959728604,0.6500004410759717
2.5637873916858935,0.6000003337875217,0.30079632679489654,-0.1611,0.4164,True,2.5637873916858935,-0.016301339887155108,0.6000003337875217
2.9224106179181324,0.8000007629401811,0.2407963267948965,-0.1837,0.4164,True,2.9224106179181324,-0.014800749326803045,0.8000007629401811
3.0583158357593905,0.8499996781374399,0.1207963267948966,-0.19210000000000002,0.4164,True,3.0583158357593905,-0.011956077837142844,0.8499996781374399
3.0628796470272484,0.8999997854258872,0.08079632679489657,-0.192,0.4164,True,3.0628796470272484,-0.010942341886807627,0.8999997854258872
3.056968179179388,0.8999997854258872,6.223981633974483,-0.192,0.4164,True,3.056968179179388,-0.0075766663801751215,0.8999997854258872
3.0641248292098955,1.000000000002787,6.123981633974482,-0.192,0.4164,True,3.0641248292098955,-0.005091737645711123,1.000000000002787
3.082625480545156,1.0000009536752277,6.023981633974483,-0.192,0.4164,True,3.082625480545156,-0.002573191119718186,1.0000009536752277
3.1056210704500407,0.8999997854258854,5.923981633974483,-0.192,0.4164,True,3.1056210704500407,-0.0002480516876300638,0.8999997854258854
3.128842848267171,0.949999892714338,5.813981633974483,-0.192,0.4164,True,3.128842848267171,0.002449012355087261,0.949999892714338
3.155169124934938,1.1499993681942708,5.703981633974482,-0.192,0.4164,True,3.155169124934938,0.004928311033533076,1.1499993681942708
3.19701647577021,0.8499987244635765,5.613981633974483,-0.192,0.4164,True,3.19701647577021,0.007437468516589514,0.8499987244635765
3.238191541128546,0.6500006198888979,5.503981633974483,-0.192,0.4164,True,3.238191541128546,0.010434264080126519,0.6500006198888979
3.2854413266056066,0.899999785425889,5.393981633974483,-0.192,0.4164,True,3.2854413266056066,0.013765381026335347,0.899999785425889
3.3435138100604633,0.7999995708489891,5.293981633974482,-0.192,0.4164,True,3.3435138100604633,0.017677746497916636,0.7999995708489891
3.4240980838483934,0.9999990463289237,5.233981633974483,-0.192,0.4164,True,3.4240980838483934,0.020049631771193968,0.9999990463289237
3.5038972513380373,0.8999988317520273,5.063981633974483,-0.192,0.4164,True,3.5038972513380373,0.028908462381151905,0.8999988317520273
3.585384627167113,0.6000005722051345,5.013981633974483,-0.192,0.4164,True,3.585384627167113,0.031665388015009045,0.6000005722051345
3.6844646093644013,0.7999995708489909,4.843981633974483,-0.192,0.4164,True,3.6844646093644013,0.04220200800695039,0.7999995708489909
3.7848367485049366,0.8499996781374382,4.733981633974483,-0.192,0.4164,True,3.7848367485049366,0.04608671098806166,0.8499996781374382
3.87138766058379,0.7499999403974691,4.683981633974483,-0.19149999999999998,0.4164,True,3.87138766058379,0.04551469330471623,0.7499999403974691
3.949782473819026,0.8000000476859235,4.573981633974483,-0.1907,0.4164,True,3.949782473819026,0.04190694890707374,0.8000000476859235
3.9870021708066115,0.8500008106239427,4.473981633974483,-0.18780000000000002,0.4164,True,3.9870021708066115,0.0361193059002405,0.8500008106239427
4.05289282644135,0.9999992847473891,4.363981633974483,-0.18780000000000002,0.4164,True,4.05289282644135,0.02956765382556535,0.9999992847473891
4.01100457904724,0.9999992847473891,4.203981633974482,-0.1827,0.4164,True,4.01100457904724,0.022088259795497736,0.9999992847473891
3.9485982072793204,0.7999998092674545,4.103981633974483,-0.17859999999999998,0.4164,True,3.9485982072793204,0.018109003682937923,0.7999998092674545
3.8881423820044443,0.5999993801136618,4.013981633974483,-0.1744,0.4164,True,3.8881423820044443,0.014856199200453118,0.5999993801136618
3.872398499134481,0.6500006198888997,3.9639816339744827,-0.17190000000000003,0.4164,True,3.872398499134481,0.013284723020000366,0.6500006198888997
3.760432184044315,0.8499999165559018,3.8239816339744825,-0.1661,0.4164,True,3.760432184044315,0.009739469576543001,0.8499999165559018
3.690192040662995,0.7999998092674545,3.7339816339744827,-0.1643,0.4164,True,3.690192040662995,0.007847367241571097,0.7999998092674545
3.5153130045697996,0.7000000715274943,3.6939816339744826,-0.1589,0.4164,True,3.5153130045697996,0.006950147680875436,0.7000000715274943
3.390767383674353,0.7500001788159381,3.5739816339744825,-0.155,0.4164,True,3.390767383674353,0.0041999386295289735,0.7500001788159381
3.2264985079155757,0.7500007152564159,3.5339816339744825,-0.1482,0.4164,True,3.2264985079155757,0.0034843553499749116,0.7500007152564159
3.181402309799565,0.5999998569505927,3.423981633974483,-0.14730000000000001,0.4164,True,3.181402309799565,0.0009277141110421083,0.5999998569505927
2.932540431834738,0.6499999642390399,3.383981633974483,-0.1371,0.4164,True,2.932540431834738,0.0003397948495609092,0.6499999642390399
2.815922289373692,0.7499997019790037,3.2839816339744825,-0.1333,0.4164,True,2.815922289373692,-0.001986285571169861,0.7499997019790037
2.6463159205950775,0.49999916553676726,3.223981633974483,-0.1273,0.4164,True,2.6463159205950775,-0.0036100002773732163,0.49999916553676726
2.5030637406432588,0.4500004291538531,3.1939816339744826,-0.12240000000000001,0.4164,True,2.5030637406432588,-0.004351026220599257,0.4500004291538531
2.3150057881764616,0.5500002264990691,3.1139816339744826,-0.11539999999999999,0.4164,True,2.3150057881764616,-0.005987573793218843,0.5500002264990691
2.210417930142505,0.39999990463372725,3.0739816339744825,-0.1115,0.4164,True,2.210417930142505,-0.006916407476844677,0.39999990463372725
2.1120934527085273,0.3000001668937635,3.0339816339744825,-0.10769999999999999,0.4164,True,2.1120934527085273,-0.008086710132004531,0.3000001668937635
2.001893033684424,0.25000005960531624,2.9839816339744827,-0.1035,0.4164,True,2.001893033684424,-0.009378651548560856,0.25000005960531624
1.8979215379518717,0.40000038147008965,2.9539816339744824,-0.09960000000000001,0.4164,True,1.8979215379518717,-0.010175793727514358,0.40000038147008965
1.8412928156979387,0.3000004053122254,2.9139816339744824,-0.0975,0.4164,True,1.8412928156979387,-0.011330503672597683,0.3000004053122254
1.7424425120241327,0.3000004053122254,2.8739816339744824,-0.09300000000000001,0.4164,True,1.7424425120241327,-0.012482149182979832,0.3000004053122254
1.6687511512971696,0.3500002741822108,2.843981633974483,-0.08990000000000001,0.4164,True,1.6687511512971696,-0.013510363933500087,0.3500002741822108
1.6349513545698384,0.19999995231686185,2.8139816339744828,-0.0886,0.4164,True,1.6349513545698384,-0.014517920661786808,0.19999995231686185
1.5419736477478176,0.2500002384188065,2.7839816339744825,-0.084,0.4164,True,1.5419736477478176,-0.01550202865132934,0.2500002384188065
1.4639591787826143,0.2500000596053127,2.763981633974483,-0.0803,0.4164,True,1.4639591787826143,-0.016515950214529587,0.2500000596053127
1.4265722273378445,0.1999999523168654,2.7439816339744825,-0.0783,0.4164,True,1.4265722273378445,-0.017297205869149818,0.1999999523168654
1.3744164393814247,0.1999999523168654,2.723981633974483,-0.0751,0.4164,True,1.3744164393814247,-0.017981166208572968,0.1999999523168654
1.3244711110039702,0.09999973773996729,2.713981633974483,-0.07200000000000001,0.4164,True,1.3244711110039702,-0.018303273586058426,0.09999973773996729
1.2929385271492198,0.15000014305128317,2.7039816339744824,-0.0702,0.4164,True,1.2929385271492198,-0.018583171339606342,0.15000014305128317
1.2427123072318775,0.25000005960530913,2.6939816339744826,-0.0679,0.4164,True,1.2427123072318775,-0.019802423199711313,0.25000005960530913
1.218904014090527,0.1999999523168654,2.673981633974483,-0.0672,0.4164,True,1.218904014090527,-0.020773133690553447,0.1999999523168654
1.1644462421870767,0.15000008344688354,2.6639816339744824,-0.0644,0.4164,True,1.1644462421870767,-0.021380518455105788,0.15000008344688354
1.098747323278026,0.15000008344687998,2.6539816339744826,-0.061,0.4164,True,1.098747323278026,-0.02167678192366549,0.15000008344687998
1.0567639920931324,0.2000001907350466,2.643981633974483,-0.0588,0.4164,True,1.0567639920931324,-0.02233770434383475,0.2000001907350466
1.0231154817757675,0.1999999523168654,2.6139816339744826,-0.057,0.4164,True,1.0231154817757675,-0.02354600178481017,0.1999999523168654
0.9863499024315918,0.14999984502841457,2.6139816339744826,-0.055,0.4164,True,0.9863499024315918,-0.02394107986710414,0.14999984502841457
0.9385598634958379,0.09999997615842915,2.593981633974483,-0.0525,0.4164,True,0.9385598634958379,-0.025248846610280866,0.09999997615842915
0.8860658463135432,0.04999986886998187,2.5739816339744825,-0.049800000000000004,0.4164,True,0.8860658463135432,-0.02611795356951634,0.04999986886998187
0.863135124305789,0.0,2.5739816339744825,-0.0487,0.4164,True,0.863135124305789,-0.026641982934956735,0.0
0.8479207085067292,0.09999973773997084,2.553981633974483,-0.048,0.4164,True,0.8479207085067292,-0.02809880104572445,0.09999973773997084
0.8244229653739502,0.14999984502841812,2.543981633974483,-0.0463,0.4164,True,0.8244229653739502,-0.028620086708533977,0.14999984502841812
0.7996044259180434,0.14999984502841102,2.543981633974483,-0.0447,0.4164,True,0.7996044259180434,-0.028655795895435255,0.14999984502841102
0.7678123119976616,0.14999984502841457,2.5339816339744825,-0.0431,0.4164,True,0.7678123119976616,-0.029296246883564334,0.14999984502841457
0.717270126502113,0.10000009536752685,2.5239816339744827,-0.0404,0.4164,True,0.717270126502113,-0.029879102717147606,0.10000009536752685
0.671571127366218,0.0999999761584327,2.513981633974483,-0.038,0.4164,True,0.671571127366218,-0.030382585983706186,0.0999999761584327
0.6391370354022292,-2.384184618620111e-07,2.513981633974483,-0.0364,0.4164,True,0.6391370354022292,-0.03086653968117985,-2.384184618620111e-07
0.6200017342045384,-2.3841846541472478e-07,2.503981633974483,-0.0356,0.4164,True,0.6200017342045384,-0.031382888542302034,-2.3841846541472478e-07
0.6006167279044363,0.04999986886998542,2.503981633974483,-0.0347,0.4164,True,0.6006167279044363,-0.031623764332879674,0.04999986886998542
0.577543328459721,0.0,2.503981633974483,-0.0335,0.4164,True,0.577543328459721,-0.03192239069081837,0.0
0.5682407237731042,-0.04999986886998542,2.503981633974483,-0.0332,0.4164,True,0.5682407237731042,-0.03230081887286849,-0.04999986886998542
0.5513823842800857,-0.04999986886998187,2.503981633974483,-0.0323,0.4164,True,0.5513823842800857,-0.03252640976242429,-0.04999986886998187
0.5419552098028361,-3.552713678800501e-15,2.503981633974483,-0.0319,0.4164,True,0.5419552098028361,-0.032932126252682624,-3.552713678800501e-15
0.5426677277040712,3.552713678800501e-15,2.503981633974483,-0.0321,0.4164,True,0.5426677277040712,-0.03348988327056762,3.552713678800501e-15
0.5275401069386652,-0.05000004768376343,2.513981633974483,-0.0313,0.4164,True,0.5275401069386652,-0.03365143890495166,-0.05000004768376343
0.5300842914770549,-0.09999997615843625,2.513981633974483,-0.0315,0.4164,True,0.5300842914770549,-0.03396709084442752,-0.09999997615843625
0.5385686672556124,-0.0999999761584327,2.5239816339744827,-0.032,0.4164,True,0.5385686672556124,-0.03443056187810348,-0.0999999761584327
0.5403402243851811,-0.09999997615842915,2.5239816339744827,-0.0321,0.4164,True,0.5403402243851811,-0.03442811159436635,-0.09999997615842915
0.5429628983666072,-0.09999997615842915,2.5339816339744825,-0.0325,0.4164,True,0.5429628983666072,-0.03466305709409796,-0.09999997615842915
0.538708149248459,-0.10000009536752685,2.543981633974483,-0.0325,0.4164,True,0.538708149248459,-0.03506731897075663,-0.10000009536752685
0.5613932285058976,-0.09999997615843625,2.543981633974483,-0.034300000000000004,0.4164,True,0.5613932285058976,-0.03564992314789831,-0.09999997615843625
0.5642876314223211,2.3841846541472478e-07,2.543981633974483,-0.0349,0.4164,True,0.5642876314223211,-0.0362431590549332,2.3841846541472478e-07
0.5676942300711039,0.09999997615843625,2.553981633974483,-0.0353,0.4164,True,0.5676942300711039,-0.03671320906583232,0.09999997615843625
0.5658005176867632,-2.3841846541472478e-07,2.5639816339744828,-0.035,0.4164,True,0.5658005176867632,-0.03672311851361241,-2.3841846541472478e-07
0.5598677592401052,-0.05000004768376698,2.5639816339744828,-0.034300000000000004,0.4164,True,0.5598677592401052,-0.03666421949972427,-0.05000004768376698
0.5637507077761322,-0.09999973773996373,2.5739816339744825,-0.0342,0.4164,True,0.5637507077761322,-0.03669998735070619,-0.09999973773996373
0.5638045607616953,-0.19999995231686185,2.5739816339744825,-0.034,0.4164,True,0.5638045607616953,-0.036957131545988044,-0.19999995231686185
0.5778123606991507,-0.15000008344687998,2.583981633974483,-0.0346,0.4164,True,0.5778123606991507,-0.03696332168333109,-0.15000008344687998
0.6054737562630055,-0.04999986886998187,2.583981633974483,-0.0363,0.4164,True,0.6054737562630055,-0.03736496941013667,-0.04999986886998187
0.629255985132096,0.0,2.593981633974483,-0.038,0.4164,True,0.629255985132096,-0.03788672622978103,0.0
0.6255751607360122,0.0,2.593981633974483,-0.0379,0.4164,True,0.6255751607360122,-0.03802828244430712,0.0
0.6124615917616387,-0.05000010728844728,2.603981633974483,-0.037200000000000004,0.4164,True,0.6124615917616387,-0.03830034616903503,-0.05000010728844728
0.6093194504203805,-0.05000010728844728,2.6139816339744826,-0.0369,0.4164,True,0.6093194504203805,-0.03813559273966951,-0.05000010728844728
0.6160713977564437,-0.050000107288450835,2.6239816339744824,-0.0374,0.4164,True,0.6160713977564437,-0.03809275317436359,-0.050000107288450835
0.605781824343816,0.0,2.6239816339744824,-0.037000000000000005,0.4164,True,0.605781824343816,-0.03832614103081966,0.0
0.6123578482498075,0.050000107288450835,2.633981633974483,-0.0375,0.4164,True,0.6123578482498075,-0.03833821010938951,0.050000107288450835
0.6145262756748343,-0.050000107288450835,2.633981633974483,-0.037599999999999995,0.4164,True,0.6145262756748343,-0.03814930144880009,-0.050000107288450835
0.6073062924699313,-0.09999997615843625,2.643981633974483,-0.037000000000000005,0.4164,True,0.6073062924699313,-0.037993653231354875,-0.09999997615843625
0.6015394022882953,-0.0999999761584327,2.643981633974483,-0.0365,0.4164,True,0.6015394022882953,-0.03789032464491688,-0.0999999761584327
0.6040811855750235,-0.10000009536751975,2.6539816339744826,-0.0366,0.4164,True,0.6040811855750235,-0.03780015952539127,-0.10000009536751975
0.6081467534815217,-2.3841846541472478e-07,2.6539816339744826,-0.037000000000000005,0.4164,True,0.6081467534815217,-0.03821809381389373,-2.3841846541472478e-07
0.6205821117958807,-2.3841846541472478e-07,2.643981633974483,-0.0379,0.4164,True,0.6205821117958807,-0.03867392624003088,-2.3841846541472478e-07
0.6205605936117055,0.04999963045151645,2.6539816339744826,-0.0381,0.4164,True,0.6205605936117055,-0.039082138576914685,0.04999963045151645
0.6074852975958213,0.09999973773996373,2.6539816339744826,-0.0375,0.4164,True,0.6074852975958213,-0.03960955543163347,0.09999973773996373
0.5974361968632532,0.0,2.6539816339744826,-0.0369,0.4164,True,0.5974361968632532,-0.03994398260891357,0.0
0.5785669449313364,0.04999986886998542,2.6539816339744826,-0.0358,0.4164,True,0.5785669449313364,-0.0401526785912072,0.04999986886998542
0.5662360322251072,0.09999997615843625,2.6639816339744824,-0.0353,0.4164,True,0.5662360322251072,-0.04049329821581257,0.09999997615843625
0.5405911006469367,0.050000107288450835,2.6639816339744824,-0.0338,0.4164,True,0.5405911006469367,-0.040793492463558796,0.050000107288450835
0.5076987481458609,-0.050000107288450835,2.673981633974483,-0.0316,0.4164,True,0.5076987481458609,-0.04060466868655613,-0.050000107288450835
0.49705773090527405,-0.05000004768376343,2.673981633974483,-0.0308,0.4164,True,0.49705773090527405,-0.0405823509040371,-0.05000004768376343
0.49887082252673726,-0.04999986886998542,2.673981633974483,-0.030899999999999997,0.4164,True,0.49887082252673726,-0.04068795539758564,-0.04999986886998542
0.4932135287414102,-0.15000008344687998,2.683981633974483,-0.0305,0.4164,True,0.4932135287414102,-0.04071965787625151,-0.15000008344687998
0.48877481520462607,-0.10000021457689456,2.683981633974483,-0.030299999999999997,0.4164,True,0.48877481520462607,-0.04081784157306183,-0.10000021457689456
0.48595214336493553,0.0,2.6939816339744826,-0.030299999999999997,0.4164,True,0.48595214336493553,-0.041198359552118174,0.0
0.5048361754971555,-0.050000047683759874,2.7039816339744824,-0.0315,0.4164,True,0.5048361754971555,-0.0412740940223857,-0.050000047683759874
0.4923072896244744,-0.05000010728844728,2.713981633974483,-0.031,0.4164,True,0.4923072896244744,-0.04158219330409795,-0.05000010728844728
0.4940596942501679,0.0,2.713981633974483,-0.0313,0.4164,True,0.4940596942501679,-0.04183179791635111,0.0
0.48321596958045154,-0.09999973773997084,2.723981633974483,-0.030600000000000002,0.4164,True,0.48321596958045154,-0.04183266298923533,-0.09999973773997084
0.48527173563080117,-0.1999999523168654,2.7339816339744827,-0.030600000000000002,0.4164,True,0.48527173563080117,-0.04170804137496724,-0.1999999523168654
0.13045034615394768,-0.15000014305127962,2.7439816339744825,-0.008199999999999999,0.4164,True,0.13045034615394768,-0.04147468815691526,-0.15000014305127962
-0.2352107507049627,-0.14999984502841457,2.753981633974483,0.0147,0.4164,False,-0.2352107507049627,-0.04116693514790508,-0.14999984502841457
-0.6040118855563094,-0.25000005960531624,2.7739816339744827,0.0374,0.4164,False,-0.6040118855563094,-0.040355827134764925,-0.25000005960531624
-0.9698474602828533,-0.3499997973452835,2.803981633974483,0.0601,0.4164,False,-0.9698474602828533,-0.039896014972993686,-0.3499997973452835
-1.3301555612507256,-0.45000001192217454,2.833981633974483,0.0827,0.4164,False,-1.3301555612507256,-0.0394306037586664,-0.45000001192217454
-1.684630577991616,-0.5500005245213693,2.8739816339744824,0.1054,0.4164,False,-1.684630577991616,-0.03892524905556439,-0.5500005245213693
-2.0286379978317983,-0.6499997258205745,2.923981633974483,0.1281,0.4164,False,-2.0286379978317983,-0.03806660456337557,-0.6499997258205745
-2.3697304178917418,-0.8000000476859235,2.9839816339744827,0.1507,0.4164,False,-2.3697304178917418,-0.037093400011922795,-0.8000000476859235
-2.7202521917479525,-0.8499999165559053,3.053981633974483,0.1734,0.4164,False,-2.7202521917479525,-0.035371272131714517,-0.8499999165559053
-3.0059915208657753,-0.7499997019790072,3.143981633974483,0.19190000000000002,0.4164,False,-3.0059915208657753,-0.03330337038360459,-0.7499997019790072
-3.003623861897871,-0.8500008106239427,3.2439816339744825,0.1918,0.4164,False,-3.003623861897871,-0.03126486119515903,-0.8500008106239427
-3.0180236903863666,-0.9999997615843235,3.353981633974483,0.1918,0.4164,False,-3.0180236903863666,-0.02873299566047224,-0.9999997615843235
-3.0335385793342318,-0.9499996542958726,3.463981633974483,0.1918,0.4164,False,-3.0335385793342318,-0.026280947227201538,-0.9499996542958726
-3.038915991913212,-0.999999523165851,3.5739816339744825,0.1918,0.4164,False,-3.038915991913212,-0.023771166146714002,-0.999999523165851
-3.047652893671495,-1.099999737742749,3.6939816339744826,0.1918,0.4164,False,-3.047652893671495,-0.020605872722229714,-1.099999737742749
-3.0621088589142516,-1.1000010490427492,3.803981633974483,0.1918,0.4164,False,-3.0621088589142516,-0.01713156400238546,-1.1000010490427492
-3.060942394521556,-1.0499998688727707,3.913981633974483,0.1918,0.4164,False,-3.060942394521556,-0.013568556896397731,-1.0499998688727707
-3.0765260076711125,-1.0499998688727672,4.023981633974483,0.1918,0.4164,False,-3.0765260076711125,-0.009376171309187647,-1.0499998688727672
-3.1145695646780354,-1.0999997377427526,4.143981633974483,0.1918,0.4164,False,-3.1145695646780354,-0.003654518173468927,-1.0999997377427526
-3.1442710956302524,-0.9999995231658545,4.253981633974483,0.1918,0.4164,False,-3.1442710956302524,0.002767617392780086,-0.9999995231658545
-3.1753368908883353,-1.0500010013589858,4.363981633974483,0.1918,0.4164,False,-3.1753368908883353,0.010461625850572418,-1.0500010013589858
-3.203534435271835,-1.099999976161218,4.483981633974483,0.1918,0.4164,False,-3.203534435271835,0.020762019253167948,-1.099999976161218
-3.2296485521694427,-0.9499996542958709,4.603981633974483,0.1918,0.4164,False,-3.2296485521694427,0.03178125607847349,-0.9499996542958709
-3.259513999861861,-0.8499999165559053,4.713981633974482,0.1918,0.4164,False,-3.259513999861861,0.04232854188270138,-0.8499999165559053
-3.3073385027672604,-0.9000000238443526,4.833981633974483,0.1918,0.4164,False,-3.3073385027672604,0.04927065830415783,-0.9000000238443526
-3.374741711466405,-0.9500009059914643,4.953981633974482,0.1918,0.4164,False,-3.374741711466405,0.05157755445969093,-0.9500009059914643
-3.4490790257336017,-0.8499999165559071,5.073981633974483,0.1918,0.4164,False,-3.4490790257336017,0.04998078795480873,-0.8499999165559071
-3.4804037087749684,-0.9000000238443526,5.183981633974483,0.19039999999999999,0.4164,False,-3.4804037087749684,0.04702459708553022,-0.9000000238443526
-3.449330346635469,-1.0499996304543018,5.313981633974483,0.1868,0.4164,False,-3.449330346635469,0.04367148672073288,-1.0499996304543018
-3.4246682151104038,-0.9499994158774054,5.423981633974483,0.1837,0.4164,False,-3.4246682151104038,0.04055712464818994,-0.9499994158774054
-3.355829842552302,-0.8500008106239427,5.523981633974483,0.1784,0.4164,False,-3.355829842552302,0.03781398024511237,-0.8500008106239427
-3.255926234625119,-0.9499996542958726,5.623981633974482,0.1729,0.4164,False,-3.255926234625119,0.035369192417514336,-0.9499996542958726
-3.133051003147664,-0.9499996542958709,5.733981633974483,0.16579999999999998,0.4164,False,-3.133051003147664,0.03321913317009446,-0.9499996542958709
-3.045260232316275,-0.8999997854258872,5.823981633974483,0.1611,0.4164,False,-3.045260232316275,0.0316478340727151,-0.8999997854258872
-2.8857137143042477,-0.899999785425889,5.913981633974483,0.1528,0.4164,False,-2.8857137143042477,0.02992684124273434,-0.899999785425889
-2.7995824062265102,-0.8500008106239427,6.003981633974483,0.1476,0.4164,False,-2.7995824062265102,0.0279427367915516,-0.8500008106239427
-2.626159486282711,-0.700000071527489,6.083981633974483,0.1391,0.4164,False,-2.626159486282711,0.02651743468822947,-0.700000071527489
-2.466746613347679,-0.5999998569505909,6.153981633974483,0.1315,0.4164,False,-2.466746613347679,0.02515118024768812,-0.5999998569505909
-2.3327588318492323,-0.6499997258205745,6.233981633974483,0.1241,0.4164,False,-2.3327588318492323,0.02334498185466448,-0.6499997258205745
-2.242554323458451,-0.5999996185321272,0.020796326794896514,0.11939999999999999,0.4164,False,-2.242554323458451,0.021561766509520654,-0.5999996185321272
-2.1357663635114355,-0.5500005245213746,0.08079632679489657,0.11470000000000001,0.4164,False,-2.1357663635114355,0.020362950727988813,-0.5500005245213746
-1.9693436456764606,-0.5999998569505909,0.14079632679489662,0.107,0.4164,False,-1.9693436456764606,0.019126196786756155,-0.5999998569505909
-1.869969497566022,-0.49999964237369365,0.20079632679489645,0.10279999999999999,0.4164,False,-1.869969497566022,0.01781822512306548,-0.49999964237369365
-1.7302586235666846,-0.39999990463372814,0.2507963267948965,0.0965,0.4164,False,-1.7302586235666846,0.01695401372052002,-0.39999990463372814
-1.6031619352426794,-0.39999990463372814,0.30079632679489654,0.0902,0.4164,False,-1.6031619352426794,0.015823378673387425,-0.39999990463372814
-1.52031760216535,-0.4000003814700914,0.3407963267948966,0.0862,0.4164,False,-1.52031760216535,0.014692250493929374,-0.4000003814700914
-1.4092146419074247,-0.39999990463372814,0.3807963267948966,0.0809,0.4164,False,-1.4092146419074247,0.013788453067970758,-0.39999990463372814
-1.3165925690048592,-0.3499997973452782,0.42079632679489665,0.0764,0.4164,False,-1.3165925690048592,0.01273463779770563,-0.3499997973452782
-1.2325449601142016,-0.2500000596053118,0.46079632679489646,0.0722,0.4164,False,-1.2325449601142016,0.011460683399568582,-0.2500000596053118
-1.137638882244828,-0.30000016689376174,0.4907963267948965,0.0673,0.4164,False,-1.137638882244828,0.010244183476680362,-0.30000016689376174
-1.0583229005019243,-0.3500003337863298,0.5207963267948965,0.0633,0.4164,False,-1.0583229005019243,0.00909063081984793,-0.3500003337863298
-0.99197252456271,-0.2500000596053127,0.5507963267948965,0.059800000000000006,0.4164,False,-0.99197252456271,0.007971120614681521,-0.2500000596053127
-0.9098123223126813,-0.30000016689376174,0.5707963267948966,0.0554,0.4164,False,-0.9098123223126813,0.006752380074959137,-0.30000016689376174
-0.8679937181254502,-0.30000016689376174,0.6007963267948966,0.0535,0.4164,False,-0.8679937181254502,0.005608283442143991,-0.30000016689376174
-0.8017742623139493,-0.19999995231686363,0.6207963267948966,0.0499,0.4164,False,-0.8017742623139493,0.00451992507139991,-0.19999995231686363
-0.7218351663690243,-0.2500002384188065,0.6407963267948965,0.0454,0.4164,False,-0.7218351663690243,0.00341456396969447,-0.2500002384188065
-0.6710586626764382,-0.2500000596053118,0.6607963267948965,0.042300000000000004,0.4164,False,-0.6710586626764382,0.002358299582658794,-0.2500000596053118
-0.6157143230235992,-0.19999995231686274,0.6807963267948965,0.039,0.4164,False,-0.6157143230235992,0.001204813783566055,-0.19999995231686274
-0.5609611465290099,-0.19999995231686452,0.6907963267948966,0.0356,0.4164,False,-0.5609611465290099,0.00013916808518027232,-0.19999995231686452
-0.5058290940420261,-0.04999963045151734,0.7107963267948966,0.0321,0.4164,False,-0.5058290940420261,-0.0010265537365043843,-0.04999963045151734
-0.4537941338544313,0.05000004768376165,0.7207963267948966,0.0288,0.4164,False,-0.4537941338544313,-0.0019957604405242604,0.05000004768376165
-0.4134239162249833,0.0,0.7407963267948966,0.0263,0.4164,False,-0.4134239162249833,-0.002969347438726883,0.0
-0.4053496823563291,0.05000010728844906,0.7507963267948966,0.0259,0.4164,False,-0.4053496823563291,-0.0039497901637152435,0.05000010728844906
-0.3730158423415907,2.3841846541472478e-07,0.7607963267948965,0.024,0.4164,False,-0.3730158423415907,-0.004940874725577476,2.3841846541472478e-07
-0.3630538866668868,-0.049999868869982755,0.7707963267948965,0.0235,0.4164,False,-0.3630538866668868,-0.0055464702888776765,-0.049999868869982755
-0.34942890546263755,0.0,0.7807963267948965,0.0227,0.4164,False,-0.34942890546263755,-0.00625530636971692,0.0
-0.33521306456256544,0.0,0.7907963267948965,0.0217,0.4164,False,-0.33521306456256544,-0.006927356909726127,0.0
-0.33244942377885545,0.0,0.7907963267948965,0.021400000000000002,0.4164,False,-0.33244942377885545,-0.007379379822647484,0.0
-0.31646628538177374,-0.049999868869983644,0.7907963267948965,0.0203,0.4164,False,-0.31646628538177374,-0.007834424345779795,-0.049999868869983644
-0.30464092614815946,-0.049999868869983644,0.7907963267948965,0.0195,0.4164,False,-0.30464092614815946,-0.008107121655758524,-0.049999868869983644
-0.29417154969423687,-0.05000004768376076,0.7907963267948965,0.0187,0.4164,False,-0.29417154969423687,-0.008353586673426906,-0.05000004768376076
-0.278656426792691,-0.05000010728844817,0.7907963267948965,0.0176,0.4164,False,-0.278656426792691,-0.008590145167745268,-0.05000010728844817
-0.2753289972132875,-0.05000010728844906,0.7807963267948965,0.0173,0.4164,False,-0.2753289972132875,-0.008629350969610138,-0.05000010728844906
-0.24872112945440628,-2.3841846541472478e-07,0.7807963267948965,0.015600000000000001,0.4164,False,-0.24872112945440628,-0.008897154740338488,-2.3841846541472478e-07
-0.2338054503680381,0.09999997615843181,0.7707963267948965,0.0146,0.4164,False,-0.2338054503680381,-0.009263382238660722,0.09999997615843181
-0.21886501723395935,0.05000004768376076,0.7607963267948965,0.013500000000000002,0.4164,False,-0.21886501723395935,-0.009518412578604238,0.05000004768376076
-0.21993469819400538,0.049999868869983644,0.7607963267948965,0.013500000000000002,0.4164,False,-0.21993469819400538,-0.009729988877357827,0.049999868869983644
-0.2280204395655336,0.049999868869983644,0.7607963267948965,0.013999999999999999,0.4164,False,-0.2280204395655336,-0.009914339767698439,0.049999868869983644
-0.23099733464478386,0.0,0.7607963267948965,0.014199999999999999,0.4164,False,-0.23099733464478386,-0.010085144231194637,0.0
-0.23235498377816033,-0.05000010728844906,0.7607963267948965,0.0144,0.4164,False,-0.23235498377816033,-0.010316537216475569,-0.05000010728844906
-0.21982301693050918,-0.05000004768376165,0.7507963267948966,0.0137,0.4164,False,-0.21982301693050918,-0.010365177009022744,-0.05000004768376165
-0.21329266645519,0.049999868869983644,0.7507963267948966,0.013300000000000001,0.4164,False,-0.21329266645519,-0.01047627014020738,0.049999868869983644
-0.18614286583691028,0.20000019073532993,0.7507963267948966,0.0115,0.4164,False,-0.18614286583691028,-0.01077251715071491,0.20000019073532993
-0.17398625549627647,0.20000019073532815,0.7607963267948965,0.0106,0.4164,False,-0.17398625549627647,-0.011000441299005131,0.20000019073532815
-0.19357351103559559,-2.3841846541472478e-07,0.7607963267948965,0.011699999999999999,0.4164,False,-0.19357351103559559,-0.011262599180739234,-2.3841846541472478e-07
-0.2223692095419076,0.0,0.7707963267948965,0.013500000000000002,0.4164,False,-0.2223692095419076,-0.011560664473304932,0.0
-0.21171980671651375,0.09999997615843093,0.7707963267948965,0.013000000000000001,0.4164,False,-0.21171980671651375,-0.011948728852315994,0.09999997615843093
-0.2087439894864304,0.049999868869983644,0.7807963267948965,0.0129,0.4164,False,-0.2087439894864304,-0.012390507197356354,0.049999868869983644
-0.19881187722280938,-0.049999868869983644,0.7907963267948965,0.0123,0.4164,False,-0.19881187722280938,-0.013060081665949711,-0.049999868869983644
-0.1873234240053425,-0.049999868869983644,0.7907963267948965,0.0115,0.4164,False,-0.1873234240053425,-0.013317737557001526,-0.049999868869983644
-0.1716847924184019,0.0,0.7907963267948965,0.0105,0.4164,False,-0.1716847924184019,-0.01370263311149881,0.0
-0.16032237710250272,0.0,0.8007963267948965,0.0098,0.4164,False,-0.16032237710250272,-0.01404078864573433,0.0
-0.15175651408022675,-0.05000010728844728,0.8007963267948965,0.009300000000000001,0.4164,False,-0.15175651408022675,-0.014410798194735163,-0.05000010728844728
-0.1266429920007587,-0.09999997615843093,0.8007963267948965,0.0078000000000000005,0.4164,False,-0.1266429920007587,-0.014919428266191479,-0.09999997615843093
-0.10216957252134105,-0.049999868869983644,0.8007963267948965,0.0063,0.4164,False,-0.10216957252134105,-0.015017018344577344,-0.049999868869983644
-0.06786343056568273,-0.05000004768376076,0.7907963267948965,0.0042,0.4164,False,-0.06786343056568273,-0.015135564168474901,-0.05000004768376076
-0.05613874178054635,-0.05000010728844906,0.7907963267948965,0.0034999999999999996,0.4164,False,-0.05613874178054635,-0.015292908758825463,-0.05000010728844906
-0.033342752964494626,0.10000021457689812,0.7807963267948965,0.0021,0.4164,False,-0.033342752964494626,-0.015537114716464667,0.10000021457689812
-0.025358058048597743,0.19999995231686274,0.7807963267948965,0.0016,0.4164,False,-0.025358058048597743,-0.015753722927421103,0.19999995231686274
-0.030157620849758152,0.14999984502841457,0.7707963267948965,0.0019,0.4164,False,-0.030157620849758152,-0.015788255131810196,0.14999984502841457
-0.045913982017175094,0.05000004768376165,0.7707963267948965,0.0029,0.4164,False,-0.045913982017175094,-0.015719016857923918,0.05000004768376165
-0.06160465586919705,0.049999868869982755,0.7607963267948965,0.0039000000000000003,0.4164,False,-0.06160465586919705,-0.015863945265448046,0.049999868869982755
-0.05562181511811676,0.049999868869983644,0.7607963267948965,0.0034999999999999996,0.4164,False,-0.05562181511811676,-0.016042344281971908,0.049999868869983644
-0.06875229145790991,0.0999997377399664,0.7507963267948966,0.0043,0.4164,False,-0.06875229145790991,-0.016108138981635496,0.0999997377399664
-0.06903521160671007,0.14999984502841546,0.7407963267948966,0.0043,0.4164,False,-0.06903521160671007,-0.016055794848597524,0.14999984502841546
-0.07749280800671139,0.05000004768376165,0.7307963267948966,0.0048,0.4164,False,-0.07749280800671139,-0.01614990320724144,0.05000004768376165
-0.08266673840844868,0.0,0.7307963267948966,0.0051,0.4164,False,-0.08266673840844868,-0.016155391435330718,0.0
-0.07953809351230774,0.05000010728844906,0.7207963267948966,0.0049,0.4164,False,-0.07953809351230774,-0.016213642460476293,0.05000010728844906
-0.0845940456084583,0.05000010728844906,0.7207963267948966,0.0052,0.4164,False,-0.0845940456084583,-0.016264673613941072,0.05000010728844906
-0.08490851945842257,-0.05000010728844906,0.7107963267948966,0.0052,0.4164,False,-0.08490851945842257,-0.0160918797645485,-0.05000010728844906
-0.07668416858324316,0.0,0.7007963267948966,0.004699999999999999,0.4164,False,-0.07668416858324316,-0.01608546053241253,0.0
-0.06178914501469606,0.05000010728844906,0.6907963267948966,0.0038,0.4164,False,-0.06178914501469606,-0.015872764719285896,0.05000010728844906
-0.03725727570582224,0.0,0.6907963267948966,0.0023,0.4164,False,-0.03725727570582224,-0.015825515245638997,0.0
-0.038672368272747316,0.049999868869982755,0.6707963267948965,0.0024,0.4164,False,-0.038672368272747316,-0.015545406202163539,0.049999868869982755
-0.038581889585294626,0.15000008344688087,0.6707963267948965,0.0024,0.4164,False,-0.038581889585294626,-0.01549349637273425,0.15000008344688087
-0.05000193870042437,0.2000001907350457,0.6607963267948965,0.0031,0.4164,False,-0.05000193870042437,-0.015275589836578474,0.2000001907350457
-0.046923421493802714,0.15000008344688087,0.6607963267948965,0.0029,0.4164,False,-0.046923421493802714,-0.015329735316297022,0.15000008344688087
-0.08148335875035395,0.09999997615843181,0.6607963267948965,0.005,0.4164,False,-0.08148335875035395,-0.01532623914814756,0.09999997615843181
-0.09521951049474746,0.05000010728844817,0.6507963267948965,0.0058,0.4164,False,-0.09521951049474746,-0.015393345592480593,0.05000010728844817
-0.10857909532514035,0.0,0.6507963267948965,0.0066,0.4164,False,-0.10857909532514035,-0.015517443044361893,0.0
-0.08868271846237295,0.0,0.6407963267948965,0.0054,0.4164,False,-0.08868271846237295,-0.015617291231484628,0.0
-0.07237486980458764,0.049999868869983644,0.6307963267948966,0.0044,0.4164,False,-0.07237486980458764,-0.015578691290064508,0.049999868869983644
-0.07899566085366463,0.0999999761584327,0.6207963267948966,0.0048,0.4164,False,-0.07899566085366463,-0.015649870450647942,0.0999999761584327
-0.09372369093136718,0.09999997615843181,0.6207963267948966,0.005699999999999999,0.4164,False,-0.09372369093136718,-0.01573887713077101,0.09999997615843181
-0.08046364160206747,0.09999997615843181,0.6107963267948966,0.0049,0.4164,False,-0.08046364160206747,-0.01566421381967132,0.09999997615843181
-0.07373967661453566,0.1000000953675233,0.6007963267948966,0.0045000000000000005,0.4164,False,-0.07373967661453566,-0.01569793438364716,0.1000000953675233
-0.08040390801300769,0.05000010728844906,0.5907963267948966,0.0049,0.4164,False,-0.08040390801300769,-0.015667637032464595,0.05000010728844906
-0.09362158636152007,0.0,0.5907963267948966,0.005699999999999999,0.4164,False,-0.09362158636152007,-0.015548700075803881,0.0
-0.10346806374482431,0.0,0.5807963267948966,0.0063,0.4164,False,-0.10346806374482431,-0.015456629294570139,0.0
-0.09676788149392221,0.0,0.5707963267948966,0.0059,0.4164,False,-0.09676788149392221,-0.015395890682959741,0.0
-0.08216153258840223,0.15000014305128406,0.5607963267948965,0.005,0.4164,False,-0.08216153258840223,-0.015185385223750014,0.15000014305128406
-0.07721032298880819,0.10000045299536264,0.5607963267948965,0.004699999999999999,0.4164,False,-0.07721032298880819,-0.015183179377431,0.10000045299536264
-0.0721945799699415,2.384184663029032e-07,0.5607963267948965,0.0044,0.4164,False,-0.0721945799699415,-0.015202985150727386,2.384184663029032e-07
-0.09528789004442034,0.09999997615843181,0.5507963267948965,0.0058,0.4164,False,-0.09528789004442034,-0.015273816184922198,0.09999997615843181
-0.08500984159938266,0.0999999761584327,0.5507963267948965,0.0052,0.4164,False,-0.08500984159938266,-0.015419020822287315,0.0999999761584327
-0.07476430127592187,0.05000004768376165,0.5407963267948965,0.0046,0.4164,False,-0.07476430127592187,-0.015593225070530447,0.05000004768376165
-0.082601501056902,-0.049999868869983644,0.5407963267948965,0.0051,0.4164,False,-0.082601501056902,-0.015844075377702077,-0.049999868869983644
-0.08309007491095244,2.3841846541472478e-07,0.5407963267948965,0.0051,0.4164,False,-0.08309007491095244,-0.015928759835422905,2.3841846541472478e-07
-0.07845570265715422,0.05000010728844906,0.5407963267948965,0.0048,0.4164,False,-0.07845570265715422,-0.016130742778955577,0.05000010728844906
-0.05052390184869772,0.0,0.5307963267948965,0.0031,0.4164,False,-0.05052390184869772,-0.016425021433806426,0.0
-0.04721313687442979,0.050000047683759874,0.5307963267948965,0.0029,0.4164,False,-0.04721313687442979,-0.016605708073346683,0.050000047683759874
-0.03733125717103472,0.05000010728844728,0.5207963267948965,0.0023,0.4164,False,-0.03733125717103472,-0.016719756752148065,0.05000010728844728
-0.025849510589899906,0.10000021457689812,0.5207963267948965,0.0016,0.4164,False,-0.025849510589899906,-0.016854141631522292,0.10000021457689812
-0.011278201734186503,0.10000021457689723,0.5107963267948965,0.0007000000000000001,0.4164,False,-0.011278201734186503,-0.016968990346024095,0.10000021457689723
-0.009636802349343271,0.05000010728844906,0.5107963267948965,0.0006,0.4164,False,-0.009636802349343271,-0.017016432113537743,0.05000010728844906
-0.02241515861917957,0.10000009536752241,0.5007963267948965,0.0014000000000000002,0.4164,False,-0.02241515861917957,-0.017229603241073706,0.10000009536752241
-0.014353847011401936,0.14999984502841546,0.5007963267948965,0.0009,0.4164,False,-0.014353847011401936,-0.017456574924007758,0.14999984502841546
-0.02853518325193174,0.0999997377399664,0.5007963267948965,0.0018,0.4164,False,-0.02853518325193174,-0.017826120643151682,0.0999997377399664
-0.03316280778548322,-0.049999868869983644,0.5007963267948965,0.0021,0.4164,False,-0.03316280778548322,-0.01815799615904909,-0.049999868869983644
-0.033071345070373334,-0.09999997615843181,0.5007963267948965,0.0021,0.4164,False,-0.033071345070373334,-0.01827708692419296,-0.09999997615843181
-0.0328550334618422,-0.10000009536752241,0.4907963267948965,0.0021,0.4164,False,-0.0328550334618422,-0.01838347057541506,-0.10000009536752241
-0.0078202197715317,-0.0999999761584327,0.4807963267948965,0.0005,0.4164,False,-0.0078202197715317,-0.01833560026407889,-0.0999999761584327
0.037744814794099704,0.10000045299536264,0.47079632679489647,-0.0024,0.4164,True,0.037744814794099704,-0.01844568598730481,0.10000045299536264
0.07730206096732625,0.10000045299536264,0.47079632679489647,-0.0049,0.4164,True,0.07730206096732625,-0.01866044978870469,0.10000045299536264
0.09935977370583249,2.3841846541472478e-07,0.46079632679489646,-0.0063,0.4164,True,0.09935977370583249,-0.01893279341820588,2.3841846541472478e-07
0.08634440698069439,0.10000009536752241,0.45079632679489645,-0.0055000000000000005,0.4164,True,0.08634440698069439,-0.01912212420581852,0.10000009536752241
0.0939254267886685,0.1999997138983991,0.45079632679489645,-0.006,0.4164,True,0.0939254267886685,-0.019359074541094153,0.1999997138983991
0.27273646843839616,0.1999997138983991,0.44079632679489666,-0.0175,0.4164,True,0.27273646843839616,-0.01964574672095496,0.1999997138983991
0.637653763044605,0.1999997138983991,0.42079632679489665,-0.040999999999999995,0.4164,True,0.637653763044605,-0.01962143891541922,0.1999997138983991
0.9842445440739104,0.3500000357637445,0.40079632679489663,-0.0637,0.4164,True,0.9842445440739104,-0.019505224011104612,0.3500000357637445
1.32889981938054,0.5500005245213737,0.3707963267948966,-0.0863,0.4164,True,1.32889981938054,-0.019066215449061178,0.5500005245213737
1.6792682339328795,0.6499999642390408,0.3407963267948966,-0.10890000000000001,0.4164,True,1.6792682339328795,-0.018370175519761847,0.6499999642390408
2.040071860434855,0.5499997496621436,0.30079632679489654,-0.1316,0.4164,True,2.040071860434855,-0.017157773511487225,0.5499997496621436
2.4106084403258525,0.5999996185321272,0.2507963267948965,-0.1542,0.4164,True,2.4106084403258525,-0.015883419040383616,0.5999996185321272
2.7774711313854414,0.900000262262818,0.19079632679489666,-0.17679999999999998,0.4164,True,2.7774711313854414,-0.014200742008122682,0.900000262262818
3.0301895809318795,1.000000953675226,0.1107963267948966,-0.19219999999999998,0.4164,True,3.0301895809318795,-0.012344393806214722,1.000000953675226
3.025435302888176,0.8999997854258872,0.030796326794896522,-0.1918,0.4164,True,3.025435302888176,-0.010022890716891227,0.8999997854258872
3.021683765780549,0.949999892714338,6.223981633974483,-0.1918,0.4164,True,3.021683765780549,-0.007877115381166398,0.949999892714338
3.0244574408273115,0.9499998927143363,6.123981633974482,-0.1918,0.4164,True,3.0244574408273115,-0.005397442293402469,0.9499998927143363
3.051861228054929,0.8499996781374382,6.023981633974483,-0.1918,0.4164,True,3.051861228054929,-0.0028624844832120548,0.8499996781374382
3.056388719803458,0.9000008583077044,5.923981633974483,-0.1918,0.4164,True,3.056388719803458,-0.0003465084845465122,0.9000008583077044
3.0604994604653246,0.9000000238443544,5.813981633974483,-0.1918,0.4164,True,3.0604994604653246,0.0025740890341697346,0.9000000238443544
3.0811402236653342,0.9000000238443544,5.713981633974482,-0.1918,0.4164,True,3.0811402236653342,0.005473731416116797,0.9000000238443544
3.0990792340921014,0.850000154974369,5.593981633974483,-0.1918,0.4164,True,3.0990792340921014,0.008634844412674744,0.850000154974369
3.110853909318295,0.850000154974369,5.493981633974483,-0.1918,0.4164,True,3.110853909318295,0.011867689725393945,0.850000154974369
3.11831470744653,0.9500009059914643,5.383981633974482,-0.1918,0.4164,True,3.11831470744653,0.016364554131163604,0.9500009059914643
3.148203988829158,0.8499999165559053,5.273981633974483,-0.1918,0.4164,True,3.148203988829158,0.0213833044821499,0.8499999165559053
3.1909026041670674,0.9000000238443544,5.163981633974483,-0.19190000000000002,0.4164,True,3.1909026041670674,0.027092586350210425,0.9000000238443544
3.2508853344777386,0.9000000238443544,5.043981633974482,-0.19190000000000002,0.4164,True,3.2508853344777386,0.034195375065071906,0.9000000238443544
3.3093353901689917,0.7999998092674563,4.943981633974483,-0.1905,0.4164,True,3.3093353901689917,0.04052833807393631,0.7999998092674563
3.3092723402419324,0.8000007629401793,4.843981633974483,-0.1859,0.4164,True,3.3092723402419324,0.045768566567978085,0.8000007629401793
3.3258300386571835,0.7999998092674545,4.733981633974483,-0.18230000000000002,0.4164,True,3.3258300386571835,0.04914211123208129,0.7999998092674545
3.3370055284703835,0.7499997019790072,4.623981633974482,-0.1793,0.4164,True,3.3370055284703835,0.04826352849185735,0.7499997019790072
3.3426886645407445,0.8499994397189745,4.523981633974483,-0.17670000000000002,0.4164,True,3.3426886645407445,0.044080857831030794,0.8499994397189745
3.3229718932253998,0.8499994397189745,4.423981633974483,-0.1734,0.4164,True,3.3229718932253998,0.03804834482723979,0.8499994397189745
3.3119483413631468,0.7000006675726596,4.333981633974483,-0.1707,0.4164,True,3.3119483413631468,0.03223014293090268,0.7000006675726596
3.2698677479130023,0.7499997019790072,4.243981633974483,-0.1666,0.4164,True,3.2698677479130023,0.027405757799671707,0.7499997019790072
3.237439689346771,0.7499997019790037,4.143981633974483,-0.16269999999999998,0.4164,True,3.237439689346771,0.022642333632914097,0.7499997019790037
3.2194556317677816,0.6499999642390399,4.053981633974483,-0.1597,0.4164,True,3.2194556317677816,0.019012227757769926,0.6499999642390399
3.199843836817038,0.6499999642390435,3.9639816339744827,-0.1568,0.4164,True,3.199843836817038,0.015710387263065208,0.6499999642390435
3.1624965133183025,0.6500006198888961,3.873981633974483,-0.1534,0.4164,True,3.1624965133183025,0.012940456078711228,0.6500006198888961
3.120864935696714,0.5999998569505927,3.793981633974483,-0.1502,0.4164,True,3.120864935696714,0.01056861155498017,0.5999998569505927
3.054481707949619,0.6499999642390399,3.723981633974483,-0.1464,0.4164,True,3.054481707949619,0.008747667607487828,0.6499999642390399
2.9702246930247105,0.6499999642390399,3.643981633974483,-0.1427,0.4164,True,2.9702246930247105,0.006974207279574037,0.6499999642390399
2.8891791752638114,0.5499997496621454,3.5739816339744825,-0.1392,0.4164,True,2.8891791752638114,0.005413147642726439,0.5499997496621454
2.7843810025833826,0.5500005245213728,3.513981633974483,-0.13449999999999998,0.4164,True,2.7843810025833826,0.004064942795173392,0.5500005245213728
2.68154542295538,0.5499999880806108,3.4539816339744824,-0.1297,0.4164,True,2.68154542295538,0.002553845346567759,0.5499999880806108
2.606429480938493,0.4499997735037127,3.393981633974483,-0.1261,0.4164,True,2.606429480938493,0.0008042989635573676,0.4499997735037127
2.536387859543686,0.4499997735037091,3.333981633974483,-0.1231,0.4164,True,2.536387859543686,-0.0007194052647616851,0.4499997735037091
2.4513945682904787,0.4499997735037127,3.2839816339744825,-0.1198,0.4164,True,2.4513945682904787,-0.0020264181331258488,0.4499997735037127
2.344003350384761,0.4500004291538531,3.2339816339744827,-0.1159,0.4164,True,2.344003350384761,-0.003360803304611525,0.4500004291538531
2.23790238180299,0.40000014305219267,3.183981633974483,-0.1121,0.4164,True,2.23790238180299,-0.004494726871975059,0.40000014305219267
2.178259634840463,0.3500000357637454,3.143981633974483,-0.11,0.4164,True,2.178259634840463,-0.005783154824433256,0.3500000357637454
2.066968456911642,0.39999990463372725,3.103981633974483,-0.105,0.4164,True,2.066968456911642,-0.006760425064941746,0.39999990463372725
2.0128426282378062,0.29999969005682914,3.0639816339744828,-0.1027,0.4164,True,2.0128426282378062,-0.00789296384292399,0.29999969005682914
1.9422782579859874,0.2500002384188065,3.0239816339744827,-0.0993,0.4164,True,1.9422782579859874,-0.009176108746081628,0.2500002384188065
1.868830563715963,0.25000005960530913,2.9839816339744827,-0.0955,0.4164,True,1.868830563715963,-0.010124595798422112,0.25000005960530913
1.8206992602319059,0.30000016689375997,2.9439816339744826,-0.0929,0.4164,True,1.8206992602319059,-0.01118126996231848,0.30000016689375997
1.7329465587493817,0.4499997735037127,2.893981633974483,-0.0895,0.4164,True,1.7329465587493817,-0.012360034695927077,0.4499997735037127
1.6658773425831082,0.39999966621526184,2.853981633974483,-0.0876,0.4164,True,1.6658773425831082,-0.013430193499709236,0.39999966621526184
1.593289308115092,0.40000038147008965,2.8239816339744825,-0.0848,0.4164,True,1.593289308115092,-0.014635034602710185,0.40000038147008965
1.510911220524276,0.4500000119221781,2.7839816339744825,-0.0806,0.4164,True,1.510911220524276,-0.015703736013596908,0.4500000119221781
1.4074678269011447,0.2999996900568327,2.753981633974483,-0.0754,0.4164,True,1.4074678269011447,-0.016652639731076453,0.2999996900568327
1.3179756901673203,0.24999982118684372,2.723981633974483,-0.0705,0.4164,True,1.3179756901673203,-0.01738319792828991,0.24999982118684372
1.2325183026087265,0.1999997138984,2.7039816339744824,-0.0664,0.4164,True,1.2325183026087265,-0.018124900319401137,0.1999997138984
1.121853922758658,0.10000009536752685,2.683981633974483,-0.060599999999999994,0.4164,True,1.121853922758658,-0.018997929121912678,0.10000009536752685
1.0730680439745068,0.05000010728844728,2.6639816339744824,-0.057699999999999994,0.4164,True,1.0730680439745068,-0.019957570233203503,0.05000010728844728
1.034617150689676,0.05000010728844728,2.643981633974483,-0.0555,0.4164,True,1.034617150689676,-0.020764621400105522,0.05000010728844728
1.0124231938448367,0.09999997615842915,2.633981633974483,-0.0542,0.4164,True,1.0124231938448367,-0.021456004961484244,0.09999997615842915
0.9822545421334502,0.0999999761584327,2.6139816339744826,-0.053,0.4164,True,0.9822545421334502,-0.02219415604864892,0.0999999761584327
0.9487129761314329,0.10000009536752685,2.603981633974483,-0.051699999999999996,0.4164,True,0.9487129761314329,-0.023005343582589703,0.10000009536752685
0.9152054697600005,0.0999999761584327,2.603981633974483,-0.050199999999999995,0.4164,True,0.9152054697600005,-0.0236271261246057,0.0999999761584327
0.8836831259794475,0.09999997615842915,2.603981633974483,-0.048499999999999995,0.4164,True,0.8836831259794475,-0.023874500300949814,0.09999997615842915
0.8573050889424758,0.05000010728844728,2.603981633974483,-0.0472,0.4164,True,0.8573050889424758,-0.02416428931169084,0.05000010728844728
0.8050498937101881,-0.05000010728844728,2.603981633974483,-0.0446,0.4164,True,0.8050498937101881,-0.024433221555384573,-0.05000010728844728
0.7918639213940014,-0.10000009536751975,2.603981633974483,-0.0444,0.4164,True,0.7918639213940014,-0.024660077770575526,-0.10000009536751975
0.7741609237591455,-0.0999999761584327,2.603981633974483,-0.044199999999999996,0.4164,True,0.7741609237591455,-0.02555322468319409,-0.0999999761584327
0.7725903969785197,-0.09999997615843625,2.593981633974483,-0.044800000000000006,0.4164,True,0.7725903969785197,-0.026451483959053963,-0.09999997615843625
0.7771808539694057,-0.14999984502841457,2.593981633974483,-0.0453,0.4164,True,0.7771808539694057,-0.02674303492738079,-0.14999984502841457
0.775244675868815,-0.09999973773996373,2.603981633974483,-0.045599999999999995,0.4164,True,0.775244675868815,-0.027182369525112073,-0.09999973773996373
0.7872147031214707,-0.050000047683759874,2.603981633974483,-0.046799999999999994,0.4164,True,0.7872147031214707,-0.027764131228163864,-0.050000047683759874
0.8056634702945258,-0.09999997615843625,2.603981633974483,-0.0484,0.4164,True,0.8056634702945258,-0.02866293236981371,-0.09999997615843625
0.818597621428692,-0.04999986886998897,2.6139816339744826,-0.049,0.4164,True,0.818597621428692,-0.029024795717781448,-0.04999986886998897
0.8276566111905868,0.0,2.6139816339744826,-0.0496,0.4164,True,0.8276566111905868,-0.029559788204062677,0.0
0.8204731524370728,-0.05000010728844728,2.6139816339744826,-0.049400000000000006,0.4164,True,0.8204731524370728,-0.03012845557675322,-0.05000010728844728
0.8302449256460688,-0.050000047683759874,2.6139816339744826,-0.0501,0.4164,True,0.8302449256460688,-0.030713848486448057,-0.050000047683759874
0.8427388422329006,0.0,2.6239816339744824,-0.051,0.4164,True,0.8427388422329006,-0.03113478189609575,0.0
0.8316410258475583,0.0,2.6239816339744824,-0.0506,0.4164,True,0.8316410258475583,-0.03167866111542866,0.0
0.8414445039665123,0.0,2.6239816339744824,-0.0512,0.4164,True,0.8414445039665123,-0.032026245438443374,0.0
0.8373767364084438,0.05000010728844728,2.633981633974483,-0.051,0.4164,True,0.8373767364084438,-0.03212581748527496,0.05000010728844728
0.8348735064021108,-0.050000047683759874,2.633981633974483,-0.051,0.4164,True,0.8348735064021108,-0.03231837247447081,-0.050000047683759874
0.816568982089941,-0.10000021457689456,2.643981633974483,-0.05,0.4164,True,0.816568982089941,-0.03255103779434865,-0.10000021457689456
0.83265012411054,0.0,2.643981633974483,-0.0507,0.4164,True,0.83265012411054,-0.03274624861626255,0.0
0.849764392000175,-0.04999986886998187,2.643981633974483,-0.051500000000000004,0.4164,True,0.849764392000175,-0.03270738676525767,-0.04999986886998187
0.8464630974857311,-0.09999997615842915,2.643981633974483,-0.0513,0.4164,True,0.8464630974857311,-0.03287739127174003,-0.09999997615842915
0.854331169291245,-0.050000047683759874,2.6539816339744826,-0.0519,0.4164,True,0.854331169291245,-0.03314453897664866,-0.050000047683759874
0.868829338118648,-0.04999986886998542,2.6539816339744826,-0.0527,0.4164,True,0.868829338118648,-0.03322255047653654,-0.04999986886998542
0.8824069739423038,-0.04999986886998542,2.6639816339744824,-0.053399999999999996,0.4164,True,0.8824069739423038,-0.03319686253230487,-0.04999986886998542
0.8859747756961237,-0.04999986886998187,2.6639816339744824,-0.0536,0.4164,True,0.8859747756961237,-0.033199401055146904,-0.04999986886998187
0.9077948610646877,-0.09999997615842915,2.673981633974483,-0.0546,0.4164,True,0.9077948610646877,-0.03324783512629637,-0.09999997615842915
0.9163880004234966,-0.050000047683759874,2.673981633974483,-0.0546,0.4164,True,0.9163880004234966,-0.03305978729878986,-0.050000047683759874
0.9288648324549009,0.04999986886998187,2.673981633974483,-0.0552,0.4164,True,0.9288648324549009,-0.03314847681403267,0.04999986886998187
0.9514016504569166,0.04999986886998542,2.673981633974483,-0.056600000000000004,0.4164,True,0.9514016504569166,-0.03342103695635463,0.04999986886998542
0.9538334726711843,0.0,2.683981633974483,-0.0564,0.4164,True,0.9538334726711843,-0.03336435367202997,0.0
0.9286475553869713,0.05000010728844728,2.683981633974483,-0.0546,0.4164,True,0.9286475553869713,-0.03335696048478782,0.05000010728844728
0.9362808554152878,0.050000047683759874,2.683981633974483,-0.0548,0.4164,True,0.9362808554152878,-0.03346520157216544,0.050000047683759874
0.9417181598703541,0.04999986886998542,2.683981633974483,-0.0548,0.4164,True,0.9417181598703541,-0.03354557289460264,0.04999986886998542
0.9222201589923141,0.04999986886998542,2.683981633974483,-0.0533,0.4164,True,0.9222201589923141,-0.033377965694825734,0.04999986886998542
0.9112630924261629,0.04999986886998187,2.683981633974483,-0.0524,0.4164,True,0.9112630924261629,-0.033354276065819956,0.04999986886998187
0.9075455635418368,0.04999986886998187,2.683981633974483,-0.0519,0.4164,True,0.9075455635418368,-0.0334187935860324,0.04999986886998187
0.9050673513349643,0.0,2.673981633974483,-0.0516,0.4164,True,0.9050673513349643,-0.033457804825224584,0.0
0.8847542499583041,0.04999986886998187,2.673981633974483,-0.0508,0.4164,True,0.8847542499583041,-0.033916845292442765,0.04999986886998187
0.8796399871204508,0.09999997615842915,2.673981633974483,-0.0508,0.4164,True,0.8796399871204508,-0.034413954248363424,0.09999997615842915
0.849113310510058,0.05000010728844728,2.6639816339744824,-0.0492,0.4164,True,0.849113310510058,-0.03461235961351908,0.05000010728844728
0.8295887415315845,0.05000010728844728,2.6639816339744824,-0.0482,0.4164,True,0.8295887415315845,-0.03476802537239801,0.05000010728844728
0.8013455915167437,0.050000047683759874,2.6639816339744824,-0.046900000000000004,0.4164,True,0.8013455915167437,-0.03523142986071414,0.050000047683759874
0.7778134581925946,-0.04999986886998187,2.6639816339744824,-0.0458,0.4164,True,0.7778134581925946,-0.03563631205392642,-0.04999986886998187
0.764272218011443,-0.09999997615842915,2.6639816339744824,-0.045,0.4164,True,0.764272218011443,-0.03574037346543384,-0.09999997615842915
0.7658523961633066,-0.09999997615842915,2.6539816339744826,-0.0449,0.4164,True,0.7658523961633066,-0.03586141827106346,-0.09999997615842915
0.7900344949824095,-0.04999986886998187,2.6539816339744826,-0.045899999999999996,0.4164,True,0.7900344949824095,-0.03585064012832584,-0.04999986886998187
0.8025610551300382,0.0,2.6639816339744824,-0.0462,0.4164,True,0.8025610551300382,-0.03584995826749333,0.0
0.7918592552006966,0.04999986886998187,2.6639816339744824,-0.0455,0.4164,True,0.7918592552006966,-0.036128824895497284,0.04999986886998187
0.7991534490132906,0.04999986886998187,2.673981633974483,-0.046,0.4164,True,0.7991534490132906,-0.03641742774908709,0.04999986886998187
0.7801495218865044,0.0,2.673981633974483,-0.0451,0.4164,True,0.7801495218865044,-0.036680913022624474,0.0
0.7729450511646918,0.05000010728844728,2.673981633974483,-0.0451,0.4164,True,0.7729450511646918,-0.03714910872787717,0.05000010728844728
0.748199054182383,0.10000009536751975,2.673981633974483,-0.0443,0.4164,True,0.748199054182383,-0.037939297147231765,0.10000009536751975
0.7282251034627124,0.14999984502841812,2.683981633974483,-0.0435,0.4164,True,0.7282251034627124,-0.03825210517588128,0.14999984502841812
0.6924168981941649,0.1999999523168654,2.683981633974483,-0.0415,0.4164,True,0.6924168981941649,-0.038351699858514124,0.1999999523168654
0.6630021621708321,0.15000008344687998,2.6939816339744826,-0.039599999999999996,0.4164,True,0.6630021621708321,-0.03802807460847932,0.15000008344687998
0.6173136378072733,-2.3841846541472478e-07,2.7039816339744824,-0.0368,0.4164,True,0.6173136378072733,-0.03773893629167013,-2.3841846541472478e-07
0.5982749257607622,-0.1000000953675233,2.713981633974483,-0.0356,0.4164,True,0.5982749257607622,-0.0375428827290066,-0.1000000953675233
0.5745163710020861,-0.09999997615842915,2.713981633974483,-0.0342,0.4164,True,0.5745163710020861,-0.037638293014883015,-0.09999997615842915
0.5830847259991911,-0.15000008344688354,2.713981633974483,-0.0348,0.4164,True,0.5830847259991911,-0.03805087464538219,-0.15000008344688354
0.5944127020752995,-0.15000008344688354,2.713981633974483,-0.0356,0.4164,True,0.5944127020752995,-0.038321241255594,-0.15000008344688354
0.6197056942306424,-0.09999997615842915,2.713981633974483,-0.0373,0.4164,True,0.6197056942306424,-0.038914867365455755,-0.09999997615842915
0.6207901011087009,-0.050000047683759874,2.713981633974483,-0.0374,0.4164,True,0.6207901011087009,-0.039278359005957816,-0.050000047683759874
0.6408953884801352,-0.04999986886998187,2.713981633974483,-0.0384,0.4164,True,0.6408953884801352,-0.03929096470968743,-0.04999986886998187
0.6241438410382582,-0.04999986886998187,2.713981633974483,-0.0375,0.4164,True,0.6241438410382582,-0.03957368627456283,-0.04999986886998187
0.6338802013696577,0.0,2.723981633974483,-0.0383,0.4164,True,0.6338802013696577,-0.03992115434461595,0.0
0.6129261202747904,0.0,2.7339816339744827,-0.037200000000000004,0.4164,True,0.6129261202747904,-0.040092233534463145,0.0
0.6041836353796859,-0.050000047683759874,2.7439816339744825,-0.0368,0.4164,True,0.6041836353796859,-0.040089759858047753,-0.050000047683759874
0.5963370062092215,-0.0999999761584327,2.7439816339744825,-0.0363,0.4164,True,0.5963370062092215,-0.04013157547897869,-0.0999999761584327
0.5941778024148903,-0.15000008344687998,2.753981633974483,-0.036000000000000004,0.4164,True,0.5941778024148903,-0.040044062189075864,-0.15000008344687998
0.5946402226779531,-0.15000008344687998,2.763981633974483,-0.036000000000000004,0.4164,True,0.5946402226779531,-0.0400736105022273,-0.15000008344687998
0.4189256235218581,-0.15000008344687998,2.763981633974483,-0.0255,0.4164,True,0.4189256235218581,-0.040268174710684494,-0.15000008344687998
0.03436829927246991,-0.15000014305128317,2.7739816339744827,-0.0021,0.4164,True,0.03436829927246991,-0.04024909198300852,-0.15000014305128317
-0.33685312459730293,-0.1999997138984,2.793981633974483,0.0206,0.4164,False,-0.33685312459730293,-0.040077308954257394,-0.1999997138984
-0.7104589405777166,-0.3500000357637454,2.803981633974483,0.0434,0.4164,False,-0.7104589405777166,-0.039587945384146096,-0.3500000357637454
-1.0797297872087082,-0.4499997735037091,2.833981633974483,0.0661,0.4164,False,-1.0797297872087082,-0.039090627414388984,-0.4499997735037091
-1.4470485366182808,-0.6000000953690581,2.8739816339744824,0.08869999999999999,0.4164,False,-1.4470485366182808,-0.03820992212310659,-0.6000000953690581
-1.813870373066078,-0.750000715256423,2.923981633974483,0.11130000000000001,0.4164,False,-1.813870373066078,-0.03720105358727734,-0.750000715256423
-2.1670797608642443,-0.9499994158774037,2.9839816339744827,0.13390000000000002,0.4164,False,-2.1670797608642443,-0.03622529558723317,-0.9499994158774037
-2.516055049455496,-1.0499996304543018,3.053981633974483,0.1566,0.4164,False,-2.516055049455496,-0.03502396574437399,-1.0499996304543018
-2.8686146089561184,-0.949999892714338,3.133981633974483,0.17920000000000003,0.4164,False,-2.8686146089561184,-0.03322797551949622,-0.949999892714338
-3.048229338601009,-1.0500001072912326,3.223981633974483,0.1918,0.4164,False,-3.048229338601009,-0.031347377445083424,-1.0500001072912326
-3.0232617091710092,-1.2000011444102725,3.3239816339744825,0.1917,0.4164,False,-3.0232617091710092,-0.029634122818316618,-1.2000011444102725
-3.004258132923848,-1.1999997139011853,3.433981633974483,0.1917,0.4164,False,-3.004258132923848,-0.027339855860222483,-1.1999997139011853
-2.9717828016808308,-1.0499993920358364,3.5339816339744825,0.1917,0.4164,False,-2.9717828016808308,-0.02521676287732882,-1.0499993920358364
-2.945334034003607,-0.9499996542958691,3.633981633974483,0.1917,0.4163,False,-2.945334034003607,-0.02321064514859596,-0.9499996542958691
-2.930752975191003,-0.9999997615843199,3.7439816339744825,0.1917,0.4163,False,-2.930752975191003,-0.020246869724747277,-0.9999997615843199
-2.9463925828898887,-0.950000905991466,3.853981633974483,0.1917,0.4163,False,-2.9463925828898887,-0.016881576284654944,-0.950000905991466
-2.960264375451226,-0.8499999165559053,3.9639816339744827,0.1917,0.4163,False,-2.960264375451226,-0.012977638368681446,-0.8499999165559053
-2.979746138131165,-0.8499999165559018,4.073981633974483,0.1917,0.4163,False,-2.979746138131165,-0.008199568592174352,-0.8499999165559018
-2.9945783550740908,-0.8499999165559053,4.193981633974483,0.1917,0.4163,False,-2.9945783550740908,-0.0018789782318605196,-0.8499999165559053
-3.021887545433524,-0.7999998092674581,4.303981633974483,0.1917,0.4163,False,-3.021887545433524,0.005613001658086021,-0.7999998092674581
-3.052383656867357,-0.8000007629401793,4.413981633974483,0.1917,0.4163,False,-3.052383656867357,0.014139852806864124,-0.8000007629401793
-3.096207935551313,-0.8499996781374382,4.5339816339744825,0.1917,0.4163,False,-3.096207935551313,0.025824665747335725,-0.8499996781374382
-3.1440585673198256,-0.7999995708489926,4.643981633974483,0.1917,0.4163,False,-3.1440585673198256,0.03663695262456516,-0.7999995708489926
-3.184239820947239,-0.7499997019790072,4.743981633974483,0.1917,0.4163,False,-3.184239820947239,0.045382191332466675,-0.7499997019790072
-3.203603293752175,-0.7999998092674545,4.853981633974483,0.19,0.4164,False,-3.203603293752175,0.051204197738206204,-0.7999998092674545
-3.2328501070180757,-0.7000006675726596,4.953981633974482,0.188,0.4164,False,-3.2328501070180757,0.05268364537611893,-0.7000006675726596
-3.262503113011775,-0.6999995946905582,5.053981633974483,0.1861,0.4164,False,-3.262503113011775,0.05165880488639323,-0.6999995946905582
-3.2920038322295606,-0.7999998092674563,5.163981633974483,0.184,0.4164,False,-3.2920038322295606,0.0490408446965734,-0.7999998092674563
-3.317948021809823,-0.7999998092674563,5.253981633974483,0.18239999999999998,0.4164,False,-3.317948021809823,0.046143374313405074,-0.7999998092674563
-3.334379157556154,-0.8499999165559036,5.353981633974483,0.17920000000000003,0.4164,False,-3.334379157556154,0.04293723426051481,-0.8499999165559036
-3.357931613740607,-0.8500008106239427,5.453981633974482,0.177,0.4164,False,-3.357931613740607,0.03965269535504438,-0.8500008106239427
-3.271870842472751,-0.7499999403974726,5.553981633974483,0.17059999999999997,0.4164,False,-3.271870842472751,0.03720615188602702,-0.7499999403974726
-3.199582465896386,-0.7499999403974709,5.643981633974483,0.16510000000000002,0.4164,False,-3.199582465896386,0.034837485654131056,-0.7499999403974709
-3.159137022604466,-0.7999998092674563,5.743981633974483,0.1605,0.4164,False,-3.159137022604466,0.032516769129580625,-0.7999998092674563
-3.1123971687339598,-0.7499997019790055,5.833981633974483,0.1567,0.4164,False,-3.1123971687339598,0.03057365548701977,-0.7499997019790055
-3.0058530161350556,-0.7000006675726596,5.913981633974483,0.151,0.4164,False,-3.0058530161350556,0.02910382746126775,-0.7000006675726596
-2.8669553224929007,-0.6499999642390417,5.9939816339744825,0.1437,0.4164,False,-2.8669553224929007,0.027696822562189714,-0.6499999642390417
-2.8100110682119923,-0.5499997496621418,6.063981633974483,0.1393,0.4164,False,-2.8100110682119923,0.026225492076482976,-0.5499997496621418
-2.728280769531601,-0.5999996185321255,6.133981633974483,0.1341,0.4164,False,-2.728280769531601,0.024938328387041957,-0.5999996185321255
-2.595360319891211,-0.6499997258205745,6.203981633974482,0.1278,0.4164,False,-2.595360319891211,0.02370017227388171,-0.6499997258205745
-2.5290833108205546,-0.5500005245213746,6.263981633974483,0.1253,0.4164,False,-2.5290833108205546,0.022786381837682317,-0.5500005245213746
-2.3659209683017925,-0.5499997496621436,0.04079632679489653,0.1174,0.4164,False,-2.3659209683017925,0.021430629856883234,-0.5499997496621436
-2.241198228006817,-0.5999998569505927,0.10079632679489658,0.11230000000000001,0.4164,False,-2.241198228006817,0.020504255630597393,-0.5999998569505927
-2.123703756200841,-0.5000001192106254,0.15079632679489663,0.1073,0.4164,False,-2.123703756200841,0.01957551250209723,-0.5000001192106254
-1.9916517479865168,-0.4500000119221763,0.20079632679489645,0.1017,0.4164,False,-1.9916517479865168,0.01846964710656463,-0.4500000119221763
-1.851513018427208,-0.40000038147009054,0.2407963267948965,0.0955,0.4164,False,-1.851513018427208,0.017530642647837765,-0.40000038147009054
-1.7492803652962758,-0.29999992847529633,0.29079632679489653,0.09140000000000001,0.4164,False,-1.7492803652962758,0.016393929471278997,-0.29999992847529633
-1.658522491745534,-0.29999992847529633,0.3407963267948966,0.0872,0.4164,False,-1.658522491745534,0.015009510026150103,-0.29999992847529633
-1.568296825106108,-0.39999966621526273,0.3807963267948966,0.0832,0.4164,False,-1.568296825106108,0.01370037256783283,-0.39999966621526273
-1.5034811593003652,-0.44999977350371,0.43079632679489666,0.0809,0.4164,False,-1.5034811593003652,0.012269070289255113,-0.44999977350371
-1.3698352423708522,-0.350000333786328,0.47079632679489647,0.0746,0.4164,False,-1.3698352423708522,0.011002934722740245,-0.350000333786328
-1.269830315250682,-0.29999992847529633,0.5107963267948965,0.07,0.4164,False,-1.269830315250682,0.009596585339798961,-0.29999992847529633
-1.1541348386965935,-0.3500000357637454,0.5407963267948965,0.0645,0.4164,False,-1.1541348386965935,0.008609760304120409,-0.3500000357637454
-1.080750965435117,-0.30000016689376174,0.5807963267948966,0.0608,0.4164,False,-1.080750965435117,0.007110177098899554,-0.30000016689376174
-1.0018111458136674,-0.14999984502841546,0.6007963267948966,0.0567,0.4164,False,-1.0018111458136674,0.005922690787388362,-0.14999984502841546
-0.9138196517910933,-0.15000014305128406,0.6307963267948966,0.0521,0.4164,False,-0.9138196517910933,0.004806808661662468,-0.15000014305128406
-0.8507301265653858,-0.19999995231686452,0.6607963267948965,0.049,0.4164,False,-0.8507301265653858,0.0036053927398390613,-0.19999995231686452
-0.7989315288705675,-0.14999984502841546,0.6807963267948965,0.04650000000000001,0.4164,False,-0.7989315288705675,0.0027396028622628447,-0.14999984502841546
-0.7415270437212915,-0.14999984502841546,0.6907963267948966,0.0437,0.4164,False,-0.7415270437212915,0.0016781175315844707,-0.14999984502841546
-0.7102539032855161,-0.19999995231686452,0.7007963267948966,0.0424,0.4164,False,-0.7102539032855161,0.0009616273344676906,-0.19999995231686452
-0.6377351870318507,-0.15000014305128317,0.7207963267948966,0.0385,0.4164,False,-0.6377351870318507,0.0003196458563894217,-0.15000014305128317
-0.5938800143242806,-0.09999997615843093,0.7307963267948966,0.0362,0.4164,False,-0.5938800143242806,-0.0006166034789885823,-0.09999997615843093
-0.5490133855208283,-0.09999997615843181,0.7507963267948966,0.0338,0.4164,False,-0.5490133855208283,-0.0015685865963531898,-0.09999997615843181
-0.5103464917103306,-0.09999997615843181,0.7607963267948965,0.0317,0.4164,False,-0.5103464917103306,-0.0024387362041277567,-0.09999997615843181
-0.4845481164473094,-0.09999997615843181,0.7707963267948965,0.030299999999999997,0.4164,False,-0.4845481164473094,-0.0034103577732945787,-0.09999997615843181
-0.45026046822800586,-0.05000004768376165,0.7807963267948965,0.028399999999999998,0.4164,False,-0.45026046822800586,-0.004499345097165147,-0.05000004768376165
-0.4310406710942727,0.049999868869983644,0.7907963267948965,0.0274,0.4164,False,-0.4310406710942727,-0.005309297243815917,0.049999868869983644
-0.4047925101455798,0.049999868869983644,0.8007963267948965,0.0259,0.4164,False,-0.4047925101455798,-0.006223859158935379,0.049999868869983644
-0.37812522415999456,-0.049999868869983644,0.8007963267948965,0.024300000000000002,0.4164,False,-0.37812522415999456,-0.007220693226115214,-0.049999868869983644
-0.3748716935321108,-0.15000008344688087,0.8007963267948965,0.024300000000000002,0.4164,False,-0.3748716935321108,-0.00805716403681005,-0.15000008344688087
-0.3709864854042973,-0.20000019073504482,0.8107963267948965,0.024300000000000002,0.4164,False,-0.3709864854042973,-0.009031455218574118,-0.20000019073504482
-0.3405084251568018,-0.15000008344688087,0.8107963267948965,0.0225,0.4164,False,-0.3405084251568018,-0.009994205618104133,-0.15000008344688087
-0.3088790387715695,-0.15000008344688087,0.8107963267948965,0.0206,0.4163,False,-0.3088790387715695,-0.010660453344234879,-0.15000008344688087
-0.2834370173140519,-0.10000021457689723,0.8107963267948965,0.0191,0.4163,False,-0.2834370173140519,-0.011239265579060968,-0.10000021457689723
-0.2299993800767689,0.05000010728844817,0.8107963267948965,0.015700000000000002,0.4163,False,-0.2299993800767689,-0.011751737046999564,0.05000010728844817
-0.20218380661563173,0.05000004768376076,0.8107963267948965,0.013999999999999999,0.4163,False,-0.20218380661563173,-0.012415677495962583,0.05000004768376076
-0.19500289657133887,0.049999868869983644,0.8207963267948966,0.013600000000000001,0.4163,False,-0.19500289657133887,-0.013019074685671374,0.049999868869983644
-0.17996966966711941,0.15000008344688087,0.8207963267948966,0.0126,0.4163,False,-0.17996966966711941,-0.013771416892608144,0.15000008344688087
-0.17957444472563625,0.10000021457689723,0.8207963267948966,0.0126,0.4163,False,-0.17957444472563625,-0.014489902577271844,0.10000021457689723
-0.18586747948145912,0.05000010728844906,0.8207963267948966,0.0131,0.4163,False,-0.18586747948145912,-0.014965996312844244,0.05000010728844906
-0.1950838985268921,0.05000004768376165,0.8207963267948966,0.0137,0.4163,False,-0.1950838985268921,-0.015336097336707594,0.05000004768376165
-0.1889692056697821,0.049999868869983644,0.8207963267948966,0.0132,0.4163,False,-0.1889692056697821,-0.015543749592210266,0.049999868869983644
-0.19813398337320165,0.09999997615843181,0.8207963267948966,0.0138,0.4163,False,-0.19813398337320165,-0.01569964695006419,0.09999997615843181
-0.20277749365968692,0.09999997615843181,0.8107963267948965,0.0141,0.4163,False,-0.20277749365968692,-0.015999064071506093,0.09999997615843181
-0.20263217454529953,-2.3841846541472478e-07,0.8107963267948965,0.0141,0.4163,False,-0.20263217454529953,-0.016382389365361204,-2.3841846541472478e-07
-0.21799404540626263,-0.10000009536752241,0.8007963267948965,0.0152,0.4163,False,-0.21799404540626263,-0.016471487219681853,-0.10000009536752241
-0.22737337011597986,-0.09999997615843181,0.8007963267948965,0.0159,0.4163,False,-0.22737337011597986,-0.016561059379429293,-0.09999997615843181
-0.19912645273136834,-0.049999868869983644,0.7907963267948965,0.0138,0.4163,False,-0.19912645273136834,-0.01640843346839435,-0.049999868869983644
-0.16055094913812393,0.0,0.7807963267948965,0.0111,0.4163,False,-0.16055094913812393,-0.01629317914042993,0.0
-0.1511636582937705,0.10000021457689723,0.7707963267948965,0.0105,0.4163,False,-0.1511636582937705,-0.016377125344946186,0.10000021457689723
-0.15860866477582564,0.10000009536752241,0.7607963267948965,0.011000000000000001,0.4163,False,-0.15860866477582564,-0.016362492448651976,0.10000009536752241
-0.15769469394202199,0.049999868869983644,0.7507963267948966,0.0109,0.4163,False,-0.15769469394202199,-0.016129385474617754,0.049999868869983644
-0.18240662771869964,0.0999999761584327,0.7507963267948966,0.0127,0.4163,False,-0.18240662771869964,-0.01621139878792841,0.0999999761584327
-0.19654061310975324,0.14999984502841546,0.7507963267948966,0.0138,0.4163,False,-0.19654061310975324,-0.01639576955596613,0.14999984502841546
-0.18419224091512992,-4.7683692994127114e-07,0.7407963267948966,0.0129,0.4163,False,-0.18419224091512992,-0.016456859731848832,-4.7683692994127114e-07
-0.1899108609799682,-0.05000004768376165,0.7407963267948966,0.013300000000000001,0.4163,False,-0.1899108609799682,-0.016335424738747367,-0.05000004768376165
-0.20082396259169788,0.09999997615843181,0.7407963267948966,0.013999999999999999,0.4163,False,-0.20082396259169788,-0.01618331613876038,0.09999997615843181
-0.20189549994936948,0.049999868869983644,0.7407963267948966,0.013999999999999999,0.4163,False,-0.20189549994936948,-0.01631305266740021,0.049999868869983644
-0.19970356149412188,-0.049999868869983644,0.7307963267948966,0.0138,0.4163,False,-0.19970356149412188,-0.01615767107603807,-0.049999868869983644
-0.19041248798946356,-0.09999997615843181,0.7307963267948966,0.0131,0.4163,False,-0.19041248798946356,-0.016191727601327553,-0.09999997615843181
-0.1765952560978871,-0.10000009536752241,0.7207963267948966,0.0121,0.4163,False,-0.1765952560978871,-0.01602807242818747,-0.10000009536752241
-0.16041017648380185,-0.05000010728844906,0.7107963267948966,0.011000000000000001,0.4163,False,-0.16041017648380185,-0.015939087816812893,-0.05000010728844906
-0.13864571461928613,0.05000010728844906,0.7107963267948966,0.0095,0.4163,False,-0.13864571461928613,-0.015936964323618585,0.05000010728844906
-0.13847974407636265,0.19999971389839732,0.7007963267948966,0.0095,0.4163,False,-0.13847974407636265,-0.01594497428514052,0.19999971389839732
-0.1354692564387948,0.1999997138983982,0.6907963267948966,0.009300000000000001,0.4163,False,-0.1354692564387948,-0.01604468559860663,0.1999997138983982
-0.16137027722173033,0.1000000953675233,0.6907963267948966,0.0111,0.4163,False,-0.16137027722173033,-0.01628882692220653,0.1000000953675233
-0.1807277690005667,0.09999997615843181,0.6807963267948965,0.0124,0.4163,False,-0.1807277690005667,-0.016353700425697688,0.09999997615843181
-0.18884662208051847,0.0999999761584327,0.6807963267948965,0.013000000000000001,0.4163,False,-0.18884662208051847,-0.01658426584826564,0.0999999761584327
-0.18870080767830855,0.09999997615843181,0.6807963267948965,0.013000000000000001,0.4163,False,-0.18870080767830855,-0.016683067515785143,0.09999997615843181
-0.20014479890953424,0.049999868869982755,0.6807963267948965,0.0138,0.4163,False,-0.20014479890953424,-0.016800202445739786,0.049999868869982755
-0.21058370289380557,0.05000004768376165,0.6707963267948965,0.014499999999999999,0.4163,False,-0.21058370289380557,-0.016865375133901114,0.05000004768376165
-0.21854774730122056,0.0999999761584327,0.6707963267948965,0.015,0.4163,False,-0.21854774730122056,-0.0167922450187244,0.0999999761584327
-0.21067819647720146,0.09999997615843181,0.6707963267948965,0.014499999999999999,0.4163,False,-0.21067819647720146,-0.01683812792186967,0.09999997615843181
-0.22595025627904045,0.09999997615843181,0.6607963267948965,0.0155,0.4163,False,-0.22595025627904045,-0.016580316981973653,0.09999997615843181
-0.24299491748732088,0.0999999761584327,0.6507963267948965,0.0167,0.4163,False,-0.24299491748732088,-0.016384663739333453,0.0999999761584327
-0.2516963379898463,0.10000009536752241,0.6507963267948965,0.0173,0.4163,False,-0.2516963379898463,-0.016098438536882784,0.10000009536752241
-0.25841391555119375,0.09999997615843181,0.6307963267948966,0.0177,0.4163,False,-0.25841391555119375,-0.015780068208627984,0.09999997615843181
-0.2582524808597898,0.0999999761584327,0.6207963267948966,0.0176,0.4163,False,-0.2582524808597898,-0.01541758520855237,0.0999999761584327
-0.27954195442475477,0.14999984502841546,0.6207963267948966,0.019,0.4163,False,-0.27954195442475477,-0.01516936877229701,0.14999984502841546
-0.3085299540932029,0.2500000596053127,0.6107963267948966,0.021099999999999997,0.4163,False,-0.3085299540932029,-0.015156311489158357,0.2500000596053127
-0.31751068939728144,0.2000001907350457,0.6007963267948966,0.0218,0.4163,False,-0.31751068939728144,-0.0149974164428576,0.2000001907350457
-0.3290430719280255,2.3841846541472478e-07,0.5907963267948966,0.0227,0.4163,False,-0.3290430719280255,-0.014745347909528157,2.3841846541472478e-07
-0.3599656322968828,2.3841846541472478e-07,0.5807963267948966,0.024900000000000002,0.4163,False,-0.3599656322968828,-0.01448732104757025,2.3841846541472478e-07
-0.37331135004578836,0.05000010728844906,0.5807963267948966,0.0258,0.4163,False,-0.37331135004578836,-0.014379947462332917,0.05000010728844906
-0.3825819695777513,0.05000010728844817,0.5707963267948966,0.0264,0.4163,False,-0.3825819695777513,-0.014362170558976367,0.05000010728844817
-0.37934127628597647,0.10000009536752241,0.5607963267948965,0.026099999999999998,0.4163,False,-0.37934127628597647,-0.014420071672941855,0.10000009536752241
-0.3745169044737971,0.05000010728844906,0.5607963267948965,0.0258,0.4163,False,-0.3745169044737971,-0.014612308817096943,0.05000010728844906
-0.3913069811915156,0.0,0.5507963267948965,0.0271,0.4163,False,-0.3913069811915156,-0.014560583009092812,0.0
-0.38846540759794435,0.0,0.5507963267948965,0.0271,0.4163,False,-0.38846540759794435,-0.014860616287085722,0.0
-0.3944359039021898,0.0,0.5507963267948965,0.0275,0.4163,False,-0.3944359039021898,-0.01514665360896273,0.0
-0.37990656825191216,-0.10000009536752241,0.5507963267948965,0.026600000000000002,0.4163,False,-0.37990656825191216,-0.015506417070998183,-0.10000009536752241
-0.37684574451671393,-0.15000008344688087,0.5407963267948965,0.0264,0.4163,False,-0.37684574451671393,-0.015814846520756185,-0.15000008344688087
-0.36220156430962824,2.3841846541472478e-07,0.5407963267948965,0.0252,0.4163,False,-0.36220156430962824,-0.016000531271284348,2.3841846541472478e-07
-0.35276287220565583,0.05000010728844906,0.5507963267948965,0.024399999999999998,0.4163,False,-0.35276287220565583,-0.016391668015876604,0.05000010728844906
-0.3409871145215039,0.0,0.5507963267948965,0.0235,0.4163,False,-0.3409871145215039,-0.01723055109392632,0.0
-0.33225131476316916,0.0,0.5607963267948965,0.0227,0.4163,False,-0.33225131476316916,-0.017995135216034245,0.0
-0.32330564153681696,0.049999868869982755,0.5707963267948966,0.0218,0.4163,False,-0.32330564153681696,-0.018543631897654473,0.049999868869982755
-0.32322814479724077,-2.3841846541472478e-07,0.5807963267948966,0.0216,0.4163,False,-0.32322814479724077,-0.01906311414214995,-2.3841846541472478e-07
-0.3199289786540518,-0.09999997615843181,0.5907963267948966,0.021400000000000002,0.4163,False,-0.3199289786540518,-0.019681892362103846,-0.09999997615843181
-0.2978792637802711,-0.0999999761584327,0.6007963267948966,0.0202,0.4163,False,-0.2978792637802711,-0.020480378028479008,-0.0999999761584327
-0.2785167223753592,0.0,0.6107963267948966,0.019,0.4163,False,-0.2785167223753592,-0.021273567248425836,0.0
-0.2521889415826744,0.05000010728844906,0.6107963267948966,0.0172,0.4163,False,-0.2521889415826744,-0.021798576613435688,0.05000010728844906
-0.24252954801416826,-0.05000010728844906,0.6207963267948966,0.0165,0.4163,False,-0.24252954801416826,-0.022119084753326655,-0.05000010728844906
-0.2378284676315399,-0.09999997615843181,0.6407963267948965,0.0161,0.4163,False,-0.2378284676315399,-0.022720592798538188,-0.09999997615843181
-0.21753407047618042,-0.049999868869982755,0.6507963267948965,0.0146,0.4163,False,-0.21753407047618042,-0.023114894710589508,-0.049999868869982755
-0.19675493962912566,0.05000004768376076,0.6507963267948965,0.0131,0.4163,False,-0.19675493962912566,-0.023463019872141982,0.05000004768376076
-0.18299984927196178,2.3841846541472478e-07,0.6607963267948965,0.012199999999999999,0.4163,False,-0.18299984927196178,-0.023980975425439498,2.3841846541472478e-07
-0.16870797862345288,-0.09999997615843181,0.6607963267948965,0.0113,0.4163,False,-0.16870797862345288,-0.024413859716661705,-0.09999997615843181
-0.15135300977156274,-0.0999999761584327,0.6607963267948965,0.0102,0.4163,False,-0.15135300977156274,-0.024753757707972675,-0.0999999761584327
-0.13009221577769214,-0.09999997615843181,0.6607963267948965,0.0088,0.4163,False,-0.13009221577769214,-0.025056546176262483,-0.09999997615843181
-0.1123664604516259,-0.05000004768376076,0.6507963267948965,0.0076,0.4163,False,-0.1123664604516259,-0.024831470153623577,-0.05000004768376076
-0.08534778845286842,0.0999997377399664,0.6407963267948965,0.0058,0.4163,False,-0.08534778845286842,-0.024528235357497877,0.0999997377399664
-0.06459486099460059,0.19999995231686363,0.6307963267948966,0.0044,0.4163,False,-0.06459486099460059,-0.02432960876819008,0.19999995231686363
-0.05583800809977871,0.19999995231686452,0.6207963267948966,0.0038,0.4163,False,-0.05583800809977871,-0.024220390411419306,0.19999995231686452
-0.07484869187720243,0.19999995231686452,0.6207963267948966,0.0051,0.4163,False,-0.07484869187720243,-0.02413628474124903,0.19999995231686452
-0.09179195183345655,0.20000019073504482,0.6107963267948966,0.0063,0.4163,False,-0.09179195183345655,-0.024212224717669997,0.20000019073504482
-0.09103209989309827,0.10000021457689723,0.6107963267948966,0.0063,0.4163,False,-0.09103209989309827,-0.024314641073643447,0.10000021457689723
-0.10897331749669145,0.05000010728844906,0.6007963267948966,0.0076,0.4163,False,-0.10897331749669145,-0.024337655056380678,0.05000010728844906
-0.12178293807546148,0.14999984502841457,0.6007963267948966,0.0085,0.4163,False,-0.12178293807546148,-0.024232013591627112,0.14999984502841457
-0.12201487281624195,0.04999963045151645,0.5907963267948966,0.0085,0.4163,False,-0.12201487281624195,-0.024226975967687345,0.04999963045151645
-0.15682790954807962,0.0,0.5807963267948966,0.0109,0.4163,False,-0.15682790954807962,-0.02416159017387148,0.0
-0.16363565579145126,0.05000010728844906,0.5707963267948966,0.011399999999999999,0.4163,False,-0.16363565579145126,-0.024093054682910536,0.05000010728844906
-0.1525795151849512,0.05000010728844906,0.5707963267948966,0.010700000000000001,0.4163,False,-0.1525795151849512,-0.02423209086933869,0.05000010728844906
-0.1383872120726374,0.09999997615843181,0.5507963267948965,0.0097,0.4163,False,-0.1383872120726374,-0.024128695762201863,0.09999997615843181
-0.1355536864988522,0.049999868869983644,0.5407963267948965,0.0095,0.4163,False,-0.1355536864988522,-0.024029571937870763,0.049999868869983644
-0.15700326568955725,0.05000004768376165,0.5307963267948965,0.011000000000000001,0.4163,False,-0.15700326568955725,-0.023996190714262754,0.05000004768376165
-0.15547176082068795,0.09999997615843181,0.5207963267948965,0.0109,0.4163,False,-0.15547176082068795,-0.024024601481969,0.09999997615843181
-0.16577034939077323,0.09999997615843181,0.5207963267948965,0.0116,0.4163,False,-0.16577034939077323,-0.024181460826697497,0.09999997615843181
-0.1556732000967036,0.0999999761584327,0.5107963267948965,0.0109,0.4163,False,-0.1556732000967036,-0.024422134584407694,0.0999999761584327
0.14060978569265878,0.049999868869983644,0.5007963267948965,-0.0098,0.4163,True,0.14060978569265878,-0.02483486160430969,0.049999868869983644
0.473900500580049,0.05000004768376076,0.4907963267948965,-0.0327,0.4163,True,0.473900500580049,-0.024652398125069357,0.05000004768376076
0.8151216638407255,0.09999997615843181,0.47079632679489647,-0.0555,0.4163,True,0.8151216638407255,-0.02439611705929656,0.09999997615843181
1.155291546369402,0.250000298023779,0.44079632679489666,-0.078,0.4163,True,1.155291546369402,-0.023730251488779767,0.250000298023779
1.4263422430198676,0.3500000357637454,0.43079632679489666,-0.095,0.4163,True,1.4263422430198676,-0.023311566473804647,0.3500000357637454
1.866054311287478,0.29999992847529633,0.3907963267948966,-0.1233,0.4163,True,1.866054311287478,-0.022080529115196014,0.29999992847529633
2.2154750996685704,0.6500006198888961,0.3407963267948966,-0.1459,0.4163,True,2.2154750996685704,-0.020896369866054133,0.6500006198888961
2.5010736787039365,0.7000005483644189,0.29079632679489653,-0.1629,0.4164,True,2.5010736787039365,-0.019206591301704445,0.7000005483644189
2.889521116606645,0.6500004410759725,0.22079632679489647,-0.1855,0.4164,True,2.889521116606645,-0.017082383830750215,0.6500004410759725
3.028376184990753,0.8999997854258872,0.14079632679489662,-0.1918,0.4164,True,3.028376184990753,-0.014609679664778543,0.8999997854258872
3.0493366254197314,0.8499996781374382,0.010796326794896505,-0.1918,0.4164,True,3.0493366254197314,-0.010556707104757257,0.8499996781374382
3.081930095694523,0.8000007629401811,6.2439816339744825,-0.1918,0.4164,True,3.081930095694523,-0.009178914197703475,0.8000007629401811
3.1261038274061996,0.9499994158774072,6.143981633974483,-0.1918,0.4164,True,3.1261038274061996,-0.006377207365041513,0.9499994158774072
3.1599278311879204,1.0499996304543036,6.053981633974483,-0.1918,0.4164,True,3.1599278311879204,-0.00400072659794506,1.0499996304543036
3.201121301338828,0.9000000238443508,5.893981633974483,-0.1918,0.4164,True,3.201121301338828,-0.00014629351435934868,0.9000000238443508
3.2387874287346037,0.9500001311328035,5.843981633974483,-0.1918,0.4164,True,3.2387874287346037,0.0011522191975230998,0.9500001311328035
3.2744676100971652,1.2500011920940324,5.733981633974483,-0.1918,0.4164,True,3.2744676100971652,0.003353228207618776,1.2500011920940324
3.295405295039584,0.9500008463881979,5.563981633974483,-0.1918,0.4164,True,3.295405295039584,0.007824054972574726,0.9500008463881979
3.3209451183682313,1.050001060965096,5.503981633974483,-0.1918,0.4164,True,3.3209451183682313,0.0097750695812625,1.050001060965096
3.342993116427306,1.3500002741849961,5.333981633974483,-0.1918,0.4164,True,3.342993116427306,0.01610789539079856,1.3500002741849961
3.385541638308241,0.7499989867236128,5.223981633974483,-0.1918,0.4164,True,3.385541638308241,0.02092642340033796,0.7499989867236128
3.446060929683843,0.700000667572656,5.113981633974483,-0.1918,0.4164,True,3.446060929683843,0.027027641174328532,0.700000667572656
3.501003607938241,0.9999997615843181,5.053981633974483,-0.1918,0.4164,True,3.501003607938241,0.030035882494515893,0.9999997615843181
3.571662462534207,0.8999995470074218,4.943981633974483,-0.1918,0.4164,True,3.571662462534207,0.03737765972857104,0.8999995470074218
3.6233514892695626,0.9499994158774072,4.823981633974483,-0.18969999999999998,0.4164,True,3.6233514892695626,0.043704695101272145,0.9499994158774072
3.624885156793602,0.9499994158774072,4.653981633974483,-0.18530000000000002,0.4164,True,3.624885156793602,0.04660703066185522,0.9499994158774072
3.650750287635686,0.6500006198888961,4.553981633974483,-0.18289999999999998,0.4164,True,3.650750287635686,0.04203198178998906,0.6500006198888961
3.674504441330061,0.8499989628820437,4.443981633974483,-0.18059999999999998,0.4164,True,3.674504441330061,0.03544714871399676,0.8499989628820437
3.679080197349026,0.7999988555935929,4.333981633974483,-0.17739999999999997,0.4164,True,3.679080197349026,0.028200984011699508,0.7999988555935929
3.73030196520638,0.749998986723611,4.293981633974482,-0.1779,0.4164,True,3.73030196520638,0.025766869680270824,0.749998986723611
3.602088953253889,0.749998986723611,4.133981633974482,-0.17010000000000003,0.4164,True,3.602088953253889,0.01918170977075263,0.749998986723611
3.5584662970342773,0.8000007629401793,4.0339816339744825,-0.16699999999999998,0.4164,True,3.5584662970342773,0.01541131875227416,0.8000007629401793
3.5176469227792984,0.9500003695512689,3.9439816339744826,-0.16399999999999998,0.4164,True,3.5176469227792984,0.012626354653004608,0.9500003695512689
3.5039664655809215,0.4999994039552291,3.853981633974483,-0.1624,0.4164,True,3.5039664655809215,0.010195354731495472,0.4999994039552291
3.3298744684232626,0.6499990105651783,3.753981633974483,-0.1536,0.4164,True,3.3298744684232626,0.00820720585662279,0.6499990105651783
3.2788465636718005,0.8999995470074218,3.673981633974483,-0.15039999999999998,0.4164,True,3.2788465636718005,0.006140100331499,0.8999995470074218
3.240807477200309,0.6500006198888997,3.603981633974483,-0.1497,0.4164,True,3.240807477200309,0.004284539311517282,0.6500006198888997
3.11568831244082,0.5999996185321272,3.5239816339744827,-0.1449,0.4164,True,3.11568831244082,0.002618492386600941,0.5999996185321272
2.9426453798204597,0.4999994039552291,3.4439816339744826,-0.1381,0.4164,True,2.9426453798204597,0.0008587536727380567,0.4999994039552291
2.842667704586545,0.6499990105651783,3.383981633974483,-0.1341,0.4164,True,2.842667704586545,-0.0006283818838786959,0.6499990105651783
2.656178192103688,0.599998903276731,3.3239816339744825,-0.12619999999999998,0.4164,True,2.656178192103688,-0.002204792448090949,0.599998903276731
2.5996211875575175,0.4500004291538495,3.253981633974483,-0.1244,0.4164,True,2.5996211875575175,-0.004100866227948761,0.4500004291538495
2.470303045562221,0.6000000953690545,3.2039816339744824,-0.1188,0.4164,True,2.470303045562221,-0.0052474928763300305,0.6000000953690545
2.374956774820296,0.4499997735037162,3.143981633974483,-0.115,0.4164,True,2.374956774820296,-0.006556395278839112,0.4499997735037162
2.2083128623532247,0.30000016689375997,3.093981633974483,-0.1081,0.4164,True,2.2083128623532247,-0.0076840545352550365,0.30000016689375997
2.0985405473439065,0.4000003814706581,3.053981633974483,-0.1038,0.4164,True,2.0985405473439065,-0.008595282019762597,0.4000003814706581
1.9942279830422693,0.4000003814700932,3.003981633974483,-0.1,0.4164,True,1.9942279830422693,-0.00953076451478684,0.4000003814700932
1.9087240806424999,0.349999558926811,2.9839816339744827,-0.0977,0.4164,True,1.9087240806424999,-0.010181596533512995,0.349999558926811
1.8196744298692256,0.34999955892681456,2.923981633974483,-0.09449999999999999,0.4164,True,1.8196744298692256,-0.01183469364478576,0.34999955892681456
1.7504423983970863,0.2999996900568327,2.9039816339744826,-0.09140000000000001,0.4164,True,1.7504423983970863,-0.012367691312394714,0.2999996900568327
1.6609385322461583,0.24999958276838186,2.853981633974483,-0.0875,0.4164,True,1.6609385322461583,-0.013813618350076655,0.24999958276838186
1.5694722438359812,0.15000014305128317,2.833981633974483,-0.0833,0.4164,True,1.5694722438359812,-0.014313811935598459,0.15000014305128317
1.5240980989687176,0.19999995231686185,2.7839816339744825,-0.0815,0.4164,True,1.5240980989687176,-0.01610273321628183,0.19999995231686185
1.4811414366629372,0.25000005960531624,2.7739816339744827,-0.0793,0.4164,True,1.4811414366629372,-0.016701681961234154,0.25000005960531624
1.4266055115188232,0.2500000596053127,2.7439816339744825,-0.0766,0.4164,True,1.4266055115188232,-0.018091367548810328,0.2500000596053127
1.3617489854591347,0.19999995231686185,2.723981633974483,-0.07339999999999999,0.4164,True,1.3617489854591347,-0.018656416218953108,0.19999995231686185
1.277800754635149,0.2000001907350466,2.683981633974483,-0.0699,0.4164,True,1.277800754635149,-0.02009388161294324,0.2000001907350466
1.205140304620679,0.1999999523168654,2.6639816339744824,-0.0673,0.4164,True,1.205140304620679,-0.021436282231254288,0.1999999523168654
1.1382658330115891,0.19999995231686185,2.6539816339744826,-0.0643,0.4164,True,1.1382658330115891,-0.022093290784333395,0.19999995231686185
1.0998729723385339,0.1999999523168583,2.6239816339744824,-0.062400000000000004,0.4164,True,1.0998729723385339,-0.023082470568063593,0.1999999523168583
1.051510290513647,0.2500000596053127,2.6139816339744826,-0.059699999999999996,0.4164,True,1.051510290513647,-0.02373920840652372,0.2500000596053127
0.9982063179258133,0.25000023841881003,2.603981633974483,-0.0565,0.4164,True,0.9982063179258133,-0.023950363695205795,0.25000023841881003
0.9890485477335151,0.1999999523168654,2.593981633974483,-0.0554,0.4164,True,0.9890485477335151,-0.024982751568449504,0.1999999523168654
0.9754657543223647,0.14999984502841457,2.583981633974483,-0.054299999999999994,0.4164,True,0.9754657543223647,-0.025511468530196098,0.14999984502841457
0.9045709298534426,0.0999999761584327,2.583981633974483,-0.050300000000000004,0.4164,True,0.9045709298534426,-0.025828125048800325,0.0999999761584327
0.8534901628919956,0.0999999761584327,2.5739816339744825,-0.047599999999999996,0.4164,True,0.8534901628919956,-0.026415517429647817,0.0999999761584327
0.8234882779625616,0.10000009536751975,2.5739816339744825,-0.0458,0.4164,True,0.8234882779625616,-0.026983395858307974,0.10000009536751975
0.8031724944503571,0.05000010728844728,2.5639816339744828,-0.0446,0.4164,True,0.8031724944503571,-0.02709153296398605,0.05000010728844728
0.7632415183884711,0.0,2.5639816339744828,-0.0426,0.4164,True,0.7632415183884711,-0.027383749312436027,0.0
0.7373507297981363,0.0,2.5639816339744828,-0.0414,0.4164,True,0.7373507297981363,-0.027906933454651783,0.0
0.7207050040125916,0.0,2.5639816339744828,-0.0405,0.4164,True,0.7207050040125916,-0.028008641857020265,0.0
0.7135124661330824,0.0,2.5639816339744828,-0.0401,0.4164,True,0.7135124661330824,-0.0279107105274048,0.0
0.7113213443549501,0.04999986886998187,2.5639816339744828,-0.04,0.4164,True,0.7113213443549501,-0.02807546446051046,0.04999986886998187
0.7025645006995248,0.04999986886998187,2.5639816339744828,-0.0393,0.4164,True,0.7025645006995248,-0.02801250837706236,0.04999986886998187
0.690954971162438,0.0,2.5639816339744828,-0.0385,0.4164,True,0.690954971162438,-0.0281484987130989,0.0
0.6779042118225914,-0.05000010728844728,2.5639816339744828,-0.0377,0.4164,True,0.6779042118225914,-0.028582780308857296,-0.05000010728844728
0.6693150644793147,-0.050000047683759874,2.5639816339744828,-0.0373,0.4164,True,0.6693150644793147,-0.028690731655674855,-0.050000047683759874
0.6574256620654613,0.0,2.5639816339744828,-0.0371,0.4164,True,0.6574256620654613,-0.02926435144604465,0.0
0.6489553671953119,0.0,2.5639816339744828,-0.037000000000000005,0.4164,True,0.6489553671953119,-0.0300574480880151,0.0
0.6286888994651623,0.09999973773997084,2.5639816339744828,-0.036000000000000004,0.4164,True,0.6286888994651623,-0.030511623028262245,0.09999973773997084
0.6252273843263516,0.09999973773997084,2.553981633974483,-0.036000000000000004,0.4164,True,0.6252273843263516,-0.030951493336387477,0.09999973773997084
0.6046646858506791,0.0,2.553981633974483,-0.0352,0.4164,True,0.6046646858506791,-0.03142615537327207,0.0
0.5813662444833625,0.0,2.553981633974483,-0.0339,0.4164,True,0.5813662444833625,-0.03181264288040782,0.0
0.546817195098189,0.0,2.553981633974483,-0.0318,0.4164,True,0.546817195098189,-0.03211869692540228,0.0
0.5408229550732333,0.1499996066099456,2.553981633974483,-0.0318,0.4164,True,0.5408229550732333,-0.03273669705863169,0.1499996066099456
0.5202140214244068,0.1499996066099456,2.553981633974483,-0.031,0.4164,True,0.5202140214244068,-0.03326100648294661,0.1499996066099456
0.49601544975746065,0.05000004768376343,2.5639816339744828,-0.0298,0.4164,True,0.49601544975746065,-0.03345417243280847,0.05000004768376343
0.4438372246186555,2.3841846541472478e-07,2.5639816339744828,-0.0268,0.4164,True,0.4438372246186555,-0.03371117833390413,2.3841846541472478e-07
0.4259525817089178,-0.04999986886998542,2.5739816339744825,-0.0259,0.4164,True,0.4259525817089178,-0.034254507955598694,-0.04999986886998542
0.4041453799514387,-0.09999973773996373,2.5739816339744825,-0.024700000000000003,0.4164,True,0.4041453799514387,-0.034637614424525794,-0.09999973773996373
0.4102419959819459,-0.09999973773996373,2.583981633974483,-0.025099999999999997,0.4164,True,0.4102419959819459,-0.03483115309692854,-0.09999973773996373
0.41699639162907814,-0.10000009536752685,2.583981633974483,-0.025699999999999997,0.4164,True,0.41699639162907814,-0.03516659615458945,-0.10000009536752685
0.4229455050622592,-0.24999982118684727,2.583981633974483,-0.0262,0.4164,True,0.4229455050622592,-0.03576866321025782,-0.24999982118684727
0.4267949139546555,-0.1499996066099456,2.583981633974483,-0.0265,0.4164,True,0.4267949139546555,-0.03608323200854255,-0.1499996066099456
0.4507418567675622,0.0,2.583981633974483,-0.0282,0.4164,True,0.4507418567675622,-0.03669090039765666,0.0
0.4729531180780789,0.0,2.583981633974483,-0.0298,0.4164,True,0.4729531180780789,-0.03746103837790352,0.0
0.4713665108242478,-0.05000004768376343,2.593981633974483,-0.0296,0.4164,True,0.4713665108242478,-0.03746623070917028,-0.05000004768376343
0.4695031102844325,-0.050000107288450835,2.603981633974483,-0.029300000000000003,0.4164,True,0.4695031102844325,-0.03734182634551533,-0.050000107288450835
0.4624231431158148,0.0,2.6139816339744826,-0.028900000000000002,0.4164,True,0.4624231431158148,-0.03746880775875685,0.0
0.462346158082324,-0.09999973773996373,2.633981633974483,-0.0291,0.4164,True,0.462346158082324,-0.03768555489130465,-0.09999973773996373
0.4644429195814479,-0.14999984502841457,2.643981633974483,-0.0292,0.4164,True,0.4644429195814479,-0.03745887406686875,-0.14999984502841457
0.4775434412248081,-0.2000001907350466,2.6639816339744824,-0.0301,0.4164,True,0.4775434412248081,-0.0374570574052986,-0.2000001907350466
0.4836160821820423,-0.2999999284752981,2.673981633974483,-0.0305,0.4164,True,0.4836160821820423,-0.03767438122550924,-0.2999999284752981
0.5285101956961398,-0.29999992847529455,2.683981633974483,-0.0331,0.4164,True,0.5285101956961398,-0.037371400202490114,-0.29999992847529455
0.5744536948198693,-0.20000019073532727,2.6939816339744826,-0.0359,0.4164,True,0.5744536948198693,-0.03711625515998839,-0.20000019073532727
0.6064647384658196,-0.15000008344687998,2.7039816339744824,-0.0383,0.4164,True,0.6064647384658196,-0.03747719027369764,-0.15000008344687998
0.628614196007129,-0.15000014305128317,2.713981633974483,-0.04019999999999999,0.4164,True,0.628614196007129,-0.037903901839763346,-0.15000014305128317
0.6460253275094912,-0.050000107288450835,2.723981633974483,-0.041299999999999996,0.4164,True,0.6460253275094912,-0.0376541579432665,-0.050000107288450835
0.6802624546545276,0.0,2.7439816339744825,-0.0431,0.4164,True,0.6802624546545276,-0.03733696948427789,0.0
0.6970581999373018,-0.04999986886998542,2.7439816339744825,-0.0437,0.4164,True,0.6970581999373018,-0.03697999217226478,-0.04999986886998542
0.6997393777340807,-0.15000008344687998,2.753981633974483,-0.0435,0.4164,True,0.6997393777340807,-0.03673587592431667,-0.15000008344687998
0.7327396651254484,-0.10000009536751975,2.763981633974483,-0.0446,0.4164,True,0.7327396651254484,-0.0361225508168733,-0.10000009536751975
0.7630473673273956,0.0,2.763981633974483,-0.0454,0.4164,True,0.7630473673273956,-0.03564064295707565,0.0
0.7924312996023393,-0.05000010728844728,2.763981633974483,-0.0464,0.4164,True,0.7924312996023393,-0.03529473098672721,-0.05000010728844728
0.7926794431471407,-0.14999984502841812,2.7739816339744827,-0.0463,0.4164,True,0.7926794431471407,-0.03518598670165808,-0.14999984502841812
0.8002631970029089,-0.14999984502841812,2.7839816339744825,-0.0467,0.4164,True,0.8002631970029089,-0.035120534816519555,-0.14999984502841812
0.815526226087867,-0.050000047683759874,2.7739816339744827,-0.047599999999999996,0.4164,True,0.815526226087867,-0.03514690445022966,-0.050000047683759874
0.8478468033702444,0.04999986886998187,2.7739816339744827,-0.0496,0.4164,True,0.8478468033702444,-0.035327106777335665,0.04999986886998187
0.8637000590159172,0.04999986886998187,2.7739816339744827,-0.050499999999999996,0.4164,True,0.8637000590159172,-0.03545438227838118,0.04999986886998187
0.8482490278417197,0.1499996066099527,2.763981633974483,-0.0496,0.4164,True,0.8482490278417197,-0.035518122276971306,0.1499996066099527
0.8401376414040344,0.24999982118684727,2.763981633974483,-0.0492,0.4164,True,0.8401376414040344,-0.03550359829549385,0.24999982118684727
0.8053635258905396,0.15000014305128317,2.763981633974483,-0.0472,0.4164,True,0.8053635258905396,-0.03575159358841715,0.15000014305128317
0.7585503014136352,0.0999999761584327,2.763981633974483,-0.0438,0.4164,True,0.7585503014136352,-0.03528669434207049,0.0999999761584327
0.7426001145077384,0.04999986886998542,2.763981633974483,-0.042199999999999994,0.4164,True,0.7426001145077384,-0.03495463026687064,0.04999986886998542
0.7190012353726916,-3.552713678800501e-15,2.763981633974483,-0.0403,0.4164,True,0.7190012353726916,-0.03485139372329157,-3.552713678800501e-15
0.7151346325502469,-0.10000021457689812,2.763981633974483,-0.0397,0.4164,True,0.7151346325502469,-0.034953613717687224,-0.10000021457689812
0.7069769873087515,-0.05000004768376343,2.753981633974483,-0.038900000000000004,0.4164,True,0.7069769873087515,-0.03527941128521925,-0.05000004768376343
0.7348176395669163,0.0999999761584327,2.7439816339744825,-0.04,0.4164,True,0.7348176395669163,-0.0354887427184663,0.0999999761584327
0.7298772246478404,0.15000008344687998,2.7339816339744827,-0.0397,0.4164,True,0.7298772246478404,-0.035828876401427505,0.15000008344687998
0.7113988372350677,0.24999982118684372,2.7339816339744827,-0.0387,0.4164,True,0.7113988372350677,-0.036098705381984016,0.24999982118684372
0.6637338782269766,0.14999960660994915,2.7339816339744827,-0.0358,0.4164,True,0.6637338782269766,-0.03576333204893623,0.14999960660994915
0.6052714451606825,-0.10000009536751975,2.7439816339744825,-0.032400000000000005,0.4164,True,0.6052714451606825,-0.03545951864913336,-0.10000009536751975
0.5676419095385611,-0.19999995231686185,2.7339816339744827,-0.030299999999999997,0.4164,True,0.5676419095385611,-0.03546603620276675,-0.19999995231686185
0.5675578869081865,-0.09999973773996729,2.723981633974483,-0.030299999999999997,0.4164,True,0.5675578869081865,-0.035530734051603625,-0.09999973773996729
0.6208101409204416,0.0,2.713981633974483,-0.0332,0.4164,True,0.6208101409204416,-0.03558561023694441,0.0
0.6244008492236932,0.10000021457689812,2.7039816339744824,-0.0334,0.4164,True,0.6244008492236932,-0.035670588411875995,0.10000021457689812
0.6055417620863806,0.2500002384188029,2.7039816339744824,-0.0322,0.4164,True,0.6055417620863806,-0.03545229115333626,0.2500002384188029
0.5707372646024622,0.2500000596053127,2.7039816339744824,-0.03,0.4164,True,0.5707372646024622,-0.03507477357895918,0.2500000596053127
0.5365318723553539,0.2500000596053127,2.7039816339744824,-0.0279,0.4164,True,0.5365318723553539,-0.03493084524642553,0.2500000596053127
0.4454866961509442,0.15000032186534185,2.7039816339744824,-0.023,0.4164,True,0.4454866961509442,-0.034855466003111096,0.15000032186534185
0.3848750345910253,0.050000107288450835,2.7039816339744824,-0.019799999999999998,0.4164,True,0.3848750345910253,-0.03505528360524191,0.050000107288450835
0.3174536909615055,0.0,2.6939816339744826,-0.0165,0.4164,True,0.3174536909615055,-0.035492551926056874,0.0
0.27720023872730526,-0.050000107288450835,2.6939816339744826,-0.0146,0.4164,True,0.27720023872730526,-0.03599106209451357,-0.050000107288450835
0.25560465545466515,-0.05000010728844728,2.6939816339744826,-0.013600000000000001,0.4164,True,0.25560465545466515,-0.036534479079817904,-0.05000010728844728
0.22792933830887344,-0.09999997615842915,2.7039816339744824,-0.012199999999999999,0.4164,True,0.22792933830887344,-0.03672042841393733,-0.09999997615842915
0.23268596562760002,-0.20000019073533082,2.713981633974483,-0.0126,0.4164,True,0.23268596562760002,-0.03693615506818846,-0.20000019073533082
0.21973866982508844,-0.30000028610256635,2.723981633974483,-0.0121,0.4164,True,0.21973866982508844,-0.037502851573603765,-0.30000028610256635
0.2237770216815836,-0.29999992847529455,2.7339816339744827,-0.0124,0.4164,True,0.2237770216815836,-0.03778168416460349,-0.29999992847529455
0.26744053571423715,-0.3500000357637454,2.7439816339744825,-0.0149,0.4164,True,0.26744053571423715,-0.03807895142726568,-0.3500000357637454
0.26500706213257386,-0.35000003576374894,2.753981633974483,-0.0149,0.4164,True,0.26500706213257386,-0.03863727477251604,-0.35000003576374894
0.24465781892814428,-0.2999999284752981,2.7739816339744827,-0.0137,0.4164,True,0.24465781892814428,-0.03856056384611339,-0.2999999284752981
-0.1355455044390268,-0.40000038147008965,2.793981633974483,0.0075,0.4164,False,-0.1355455044390268,-0.037856705741631656,-0.40000038147008965
-0.5503030099790222,-0.49999988079215996,2.8239816339744825,0.030299999999999997,0.4164,False,-0.5503030099790222,-0.0375572145443878,-0.49999988079215996
-0.964156056306202,-0.4999998807921564,2.8639816339744826,0.053099999999999994,0.4164,False,-0.964156056306202,-0.037096424836753954,-0.4999998807921564
-1.3735532951578586,-0.5499997496621454,2.9139816339744824,0.0758,0.4164,False,-1.3735532951578586,-0.03648987170082238,-0.5499997496621454
-1.7670373460106954,-0.7000000715274908,2.973981633974483,0.09849999999999999,0.4164,False,-1.7670373460106954,-0.03598365451617531,-0.7000000715274908
-2.1445926522743006,-0.900000858307699,3.053981633974483,0.1211,0.4164,False,-2.1445926522743006,-0.03505709360650174,-0.900000858307699
-2.5249646098791914,-0.9499998927143345,3.133981633974483,0.1438,0.4164,False,-2.5249646098791914,-0.03380942998388454,-0.9499998927143345
-2.8936476621284744,-1.1000002145796834,3.213981633974483,0.1664,0.4164,False,-2.8936476621284744,-0.0322862908377173,-1.1000002145796834
-3.2528888130401703,-1.1999999523196507,3.3239816339744825,0.1887,0.4164,False,-3.2528888130401703,-0.030269010988707972,-1.1999999523196507
-3.297474369960769,-1.0499996304543018,3.433981633974483,0.1918,0.4164,False,-3.297474369960769,-0.02791990048857211,-1.0499996304543018
-3.320019600849204,-1.1000010490427456,3.543981633974483,0.1917,0.4164,False,-3.320019600849204,-0.02533012255330573,-1.1000010490427456
-3.3629465748854024,-1.099999976161218,3.6639816339744824,0.1917,0.4164,False,-3.3629465748854024,-0.02216441372765637,-1.099999976161218
-3.385551680580363,-0.8999995470074253,3.7839816339744825,0.1917,0.4164,False,-3.385551680580363,-0.01891101299081074,-0.8999995470074253
-3.430454720756325,-0.9999992847473926,3.893981633974483,0.1918,0.4164,False,-3.430454720756325,-0.015410921334782472,-0.9999992847473926
-3.4762611601434674,-1.1499996066127345,4.013981633974483,0.1918,0.4164,False,-3.4762611601434674,-0.010867194464467711,-1.1499996066127345
-3.5184437471598007,-1.0000009536752223,4.143981633974483,0.1918,0.4164,False,-3.5184437471598007,-0.005907284309555925,-1.0000009536752223
-3.515571097342999,-0.9499996542958691,4.243981633974483,0.1917,0.4164,False,-3.515571097342999,-0.0002109386813601863,-0.9499996542958691
-3.5020833099286772,-0.8499994397189745,4.363981633974483,0.1917,0.4164,False,-3.5020833099286772,0.007515998824175633,-0.8499994397189745
-3.5203860341977626,-0.6499999642390417,4.483981633974483,0.1918,0.4164,False,-3.5203860341977626,0.016977692321103435,-0.6499999642390417
-3.5400629868611238,-0.700000071527489,4.593981633974483,0.1918,0.4164,False,-3.5400629868611238,0.02691163317705007,-0.700000071527489
-3.574508120659715,-0.9000008583077026,4.723981633974483,0.1918,0.4164,False,-3.574508120659715,0.037437063158099596,-0.9000008583077026
-3.6486144137039767,-0.9499998927143363,4.843981633974483,0.1918,0.4164,False,-3.6486144137039767,0.04384337760519728,-0.9499998927143363
-3.693172191925274,-0.9499998927143363,4.963981633974482,0.1918,0.4164,False,-3.693172191925274,0.046536689089449794,-0.9499998927143363
-3.6798777187708467,-0.9499998927143363,5.083981633974483,0.18969999999999998,0.4164,False,-3.6798777187708467,0.04694445054722894,-0.9499998927143363
-3.603623485227668,-0.8499996781374382,5.193981633974483,0.1839,0.4164,False,-3.603623485227668,0.04568218560277574,-0.8499996781374382
-3.5859133999283426,-0.8500008106239445,5.293981633974482,0.1815,0.4164,False,-3.5859133999283426,0.0440158973751857,-0.8500008106239445
-3.495755474801555,-0.8499999165559036,5.393981633974483,0.1759,0.4164,False,-3.495755474801555,0.041948902038628055,-0.8499999165559036
-3.42692168758423,-0.6999995946905564,5.493981633974483,0.1728,0.4164,False,-3.42692168758423,0.04023615235268056,-0.6999995946905564
-3.3436381848896994,-0.7499994635605436,5.583981633974483,0.16690000000000002,0.4164,False,-3.3436381848896994,0.038103001572201076,-0.7499994635605436
-3.337851581392788,-0.8499996781374399,5.673981633974483,0.1638,0.4164,False,-3.337851581392788,0.035815409207750025,-0.8499996781374399
-3.290336807739793,-0.7000006675726578,5.753981633974483,0.1591,0.4164,False,-3.290336807739793,0.033865120807904464,-0.7000006675726578
-3.1992695545339886,-0.7499994635605436,5.833981633974483,0.1533,0.4164,False,-3.1992695545339886,0.03217753139069089,-0.7499994635605436
-3.076931413327804,-0.8999997854258872,5.913981633974483,0.1475,0.4164,False,-3.076931413327804,0.03069833104189294,-0.8999997854258872
-2.962576564436862,-0.8000000476859199,5.9939816339744825,0.14279999999999998,0.4164,False,-2.962576564436862,0.02955537426330991,-0.8000000476859199
-2.7808797867973913,-0.6999998331090218,6.063981633974483,0.1343,0.4164,False,-2.7808797867973913,0.028417436739973368,-0.6999998331090218
-2.6162037001679868,-0.7000006675726578,6.133981633974483,0.1268,0.4164,False,-2.6162037001679868,0.02732140877630119,-0.7000006675726578
-2.4594197040446555,-0.5500002264990762,6.203981633974482,0.1204,0.4164,False,-2.4594197040446555,0.026114444916691248,-0.5500002264990762
-2.3407448524887524,-0.39999990463372903,6.273981633974483,0.1153,0.4164,False,-2.3407448524887524,0.024904647119862833,-0.39999990463372903
-2.2257015448657924,-0.4999996423736963,0.05079632679489654,0.11,0.4164,False,-2.2257015448657924,0.023552248116089823,-0.4999996423736963
-2.1411295705857905,-0.49999964237369277,0.1107963267948966,0.10619999999999999,0.4164,False,-2.1411295705857905,0.022063558112326263,-0.49999964237369277
-2.0244865179431346,-0.40000038147008876,0.17079632679489665,0.1014,0.4164,False,-2.0244865179431346,0.02090320900452444,-0.40000038147008876
-1.9051748136151034,-0.4499997735037127,0.22079632679489647,0.096,0.4164,False,-1.9051748136151034,0.019504549245625443,-0.4499997735037127
-1.79688717651597,-0.4499997735037118,0.2807963267948965,0.09140000000000001,0.4164,False,-1.79688717651597,0.01806954999635237,-0.4499997735037118
-1.7089104208178825,-0.4499997735037118,0.33079632679489657,0.08779999999999999,0.4164,False,-1.7089104208178825,0.017092834750348902,-0.4499997735037118
-1.5862768188521241,-0.49999988079216084,0.3807963267948966,0.0819,0.4164,False,-1.5862768188521241,0.01596936159486286,-0.49999988079216084
-1.4645145625576692,-0.40000038147008876,0.43079632679489666,0.0767,0.4164,False,-1.4645145625576692,0.014802523345646544,-0.40000038147008876
-1.3458663598249632,-0.3499997973452782,0.47079632679489647,0.0713,0.4164,False,-1.3458663598249632,0.013818971322107397,-0.3499997973452782
-1.2265230489051442,-0.3499997973452791,0.5007963267948965,0.0653,0.4164,False,-1.2265230489051442,0.01265395655140814,-0.3499997973452791
-1.1717605094504733,-0.34999979734528,0.5407963267948965,0.0623,0.4164,False,-1.1717605094504733,0.011277286030034032,-0.34999979734528
-1.0458872117463849,-0.24999958276838186,0.5707963267948966,0.0557,0.4164,False,-1.0458872117463849,0.009935878391261643,-0.24999958276838186
-0.9641658552192558,-0.20000019073504482,0.6007963267948966,0.051399999999999994,0.4164,False,-0.9641658552192558,0.008649408798527413,-0.20000019073504482
-0.8883846220565144,-0.29999992847529633,0.6307963267948966,0.047400000000000005,0.4164,False,-0.8883846220565144,0.007253818133348254,-0.29999992847529633
-0.8229533774236231,-0.24999982118684727,0.6607963267948965,0.044199999999999996,0.4164,False,-0.8229533774236231,0.005977728970306698,-0.24999982118684727
-0.740759221783338,-0.15000008344688087,0.6907963267948966,0.0403,0.4164,False,-0.740759221783338,0.004801718758704791,-0.15000008344688087
-0.6701897930330474,-0.20000019073532815,0.7107963267948966,0.0368,0.4164,False,-0.6701897930330474,0.003919150937999992,-0.20000019073532815
-0.6121488137188729,-0.20000019073504394,0.7307963267948966,0.0338,0.4164,False,-0.6121488137188729,0.003092541445171558,-0.20000019073504394
-0.5533327680332845,-0.1999997138983982,0.7507963267948966,0.030699999999999998,0.4164,False,-0.5533327680332845,0.0025103809124663863,-0.1999997138983982
-0.4778195255888026,-0.29999992847529544,0.7607963267948965,0.026600000000000002,0.4164,False,-0.4778195255888026,0.0017499612519758388,-0.29999992847529544
-0.4365728190154586,-0.20000019073532993,0.7707963267948965,0.0242,0.4164,False,-0.4365728190154586,0.0010638786436505693,-0.20000019073532993
-0.3661698863460779,-0.15000008344688087,0.7807963267948965,0.020099999999999996,0.4164,False,-0.3661698863460779,0.0002914911529933965,-0.15000008344688087
-0.299116970883832,-0.15000014305128406,0.7907963267948965,0.0163,0.4164,False,-0.299116970883832,-0.0007213533025556577,-0.15000014305128406
-0.25423238905648604,-0.0999999761584327,0.8007963267948965,0.0139,0.4164,False,-0.25423238905648604,-0.0016492235148004729,-0.0999999761584327
-0.2152689865216616,-0.049999868869983644,0.8107963267948965,0.0118,0.4164,False,-0.2152689865216616,-0.0023258388644094314,-0.049999868869983644
-0.18510283779550457,-0.049999868869982755,0.8207963267948966,0.0102,0.4164,False,-0.18510283779550457,-0.0029291413615346856,-0.049999868869982755
-0.13930849986781588,2.3841846541472478e-07,0.8207963267948966,0.0077,0.4164,False,-0.13930849986781588,-0.003611216103190046,2.3841846541472478e-07
-0.11500705436842833,0.05000004768376076,0.8307963267948966,0.0064,0.4164,False,-0.11500705436842833,-0.004054981730447914,0.05000004768376076
-0.09086549691763206,0.0,0.8307963267948966,0.0051,0.4164,False,-0.09086549691763206,-0.0045996398030240205,0.0
-0.09388379730448734,0.0,0.8307963267948966,0.0053,0.4164,False,-0.09388379730448734,-0.004969010578076345,0.0
-0.07759589053338108,0.0,0.8307963267948966,0.0044,0.4164,False,-0.07759589053338108,-0.005248921790840789,0.0
-0.05975982892591896,-0.05000010728844817,0.8207963267948966,0.0034000000000000002,0.4164,False,-0.05975982892591896,-0.005434721366017468,-0.05000010728844817
-0.045568682279969956,0.0,0.8207963267948966,0.0026,0.4164,False,-0.045568682279969956,-0.005619216850260199,0.0
-0.026226083982142954,0.09999997615843181,0.8207963267948966,0.0015,0.4164,False,-0.026226083982142954,-0.00580997226332177,0.09999997615843181
-0.022776384598394327,0.049999868869983644,0.8107963267948965,0.0013,0.4164,False,-0.022776384598394327,-0.00579143386523439,0.049999868869983644
-0.019173243213454462,0.049999868869983644,0.8007963267948965,0.0011,0.4164,False,-0.019173243213454462,-0.005896531228489426,0.049999868869983644
-0.029413931373706077,0.049999868869983644,0.7907963267948965,0.0017000000000000001,0.4164,False,-0.029413931373706077,-0.0058446982648055045,0.049999868869983644
-0.018881685507226863,0.10000009536752241,0.7807963267948965,0.0011,0.4164,False,-0.018881685507226863,-0.005891889973436254,0.10000009536752241
-0.02562979576795984,0.15000008344688087,0.7807963267948965,0.0015,0.4164,False,-0.02562979576795984,-0.006089398073913086,0.15000008344688087
-0.025431883699633152,0.09999997615843181,0.7807963267948965,0.0015,0.4164,False,-0.025431883699633152,-0.006483926228966607,0.09999997615843181
-0.031973704269461556,2.3841846541472478e-07,0.7707963267948965,0.0019,0.4164,False,-0.031973704269461556,-0.006706421614135069,2.3841846541472478e-07
-0.05191445172597822,-0.049999868869982755,0.7707963267948965,0.0031,0.4164,False,-0.05191445172597822,-0.007005720666634446,-0.049999868869982755
-0.0552164991505002,0.05000004768376076,0.7607963267948965,0.0033,0.4164,False,-0.0552164991505002,-0.007185201176391083,0.05000004768376076
-0.028383219610401845,0.05000010728844817,0.7607963267948965,0.0017000000000000001,0.4164,False,-0.028383219610401845,-0.007462539055659251,0.05000010728844817
-0.018355749166433424,-0.05000010728844817,0.7507963267948966,0.0011,0.4164,False,-0.018355749166433424,-0.007727144141398352,-0.05000010728844817
-0.016621825829300847,0.04999963045151823,0.7407963267948966,0.001,0.4164,False,-0.016621825829300847,-0.007745411432153035,0.04999963045151823
-0.006612767590467663,0.14999984502841546,0.7307963267948966,0.0004,0.4164,False,-0.006612767590467663,-0.007686461706042176,0.14999984502841546
0.00988544130484313,0.10000009536752241,0.7307963267948966,-0.0006,0.4164,True,0.00988544130484313,-0.007706284452087167,0.10000009536752241
-0.0,0.14999984502841457,0.7207963267948966,0.0,0.4164,False,-0.0,-0.0076880008068185126,0.14999984502841457
-0.01806173707416832,0.19999995231686452,0.7107963267948966,0.0011,0.4164,False,-0.01806173707416832,-0.007622433138457135,0.19999995231686452
-0.029346293349220825,0.19999995231686274,0.7107963267948966,0.0018,0.4164,False,-0.029346293349220825,-0.007745508500812142,0.19999995231686274
-0.046568108615279435,0.14999984502841457,0.7007963267948966,0.0029,0.4164,False,-0.046568108615279435,-0.007651246714563692,0.14999984502841457
-0.060246356861565036,0.10000009536752241,0.6907963267948966,0.0038,0.4164,False,-0.060246356861565036,-0.007568765202809644,0.10000009536752241
-0.09812545635574178,0.09999997615843181,0.6807963267948965,0.0062,0.4164,False,-0.09812545635574178,-0.007331493219870292,0.09999997615843181
-0.10745707909240636,0.049999868869983644,0.6707963267948965,0.0067,0.4164,False,-0.10745707909240636,-0.00715583915847033,0.049999868869983644
-0.10990315575304396,0.049999868869982755,0.6607963267948965,0.0068000000000000005,0.4164,False,-0.10990315575304396,-0.007186935468806933,0.049999868869982755
-0.11318445229259666,0.09999997615843181,0.6407963267948965,0.006999999999999999,0.4164,False,-0.11318445229259666,-0.006997406840167869,0.09999997615843181
-0.11658048740110338,0.1000000953675233,0.6307963267948966,0.0072,0.4164,False,-0.11658048740110338,-0.0068964688118894205,0.1000000953675233
-0.12837092695578114,0.09999997615843181,0.6207963267948966,0.0079,0.4164,False,-0.12837092695578114,-0.006761748045372561,0.09999997615843181
-0.14661334656149738,0.09999997615843181,0.6007963267948966,0.0091,0.4164,False,-0.14661334656149738,-0.0068935114983068235,0.09999997615843181
-0.14562222214568285,0.0999999761584327,0.5907963267948966,0.0091,0.4164,False,-0.14562222214568285,-0.007027549421266413,0.0999999761584327
-0.15945204016662418,0.20000019073532993,0.5807963267948966,0.01,0.4164,False,-0.15945204016662418,-0.0071469103475764375,0.20000019073532993
-0.16588754741542452,0.15000014305128406,0.5707963267948966,0.0104,0.4163,False,-0.16588754741542452,-0.007133263304289579,0.15000014305128406
-0.18431883280755898,-0.049999868869983644,0.5707963267948966,0.0116,0.4164,False,-0.18431883280755898,-0.007136417148359266,-0.049999868869983644
-0.2141159338354207,0.050000345706913585,0.5607963267948965,0.013600000000000001,0.4164,False,-0.2141159338354207,-0.00699935793069948,0.050000345706913585
-0.201414569697442,0.15000008344688087,0.5507963267948965,0.0129,0.4164,False,-0.201414569697442,-0.0069630232923981695,0.15000008344688087
-0.2117420607529367,0.049999868869983644,0.5407963267948965,0.013600000000000001,0.4164,False,-0.2117420607529367,-0.006887736688616697,0.049999868869983644
-0.22943935203266236,0.05000004768376165,0.5407963267948965,0.0147,0.4164,False,-0.22943935203266236,-0.00677046974782731,0.05000004768376165
-0.21370640305399913,0.09999997615843181,0.5407963267948965,0.0137,0.4164,False,-0.21370640305399913,-0.0071641506724911125,0.09999997615843181
-0.21326424183629406,0.049999868869982755,0.5407963267948965,0.013600000000000001,0.4164,False,-0.21326424183629406,-0.00761601508922597,0.049999868869982755
-0.23649937142847818,-0.049999868869982755,0.5507963267948965,0.0149,0.4164,False,-0.23649937142847818,-0.00790075254476024,-0.049999868869982755
-0.2314706218531757,-0.09999997615843181,0.5507963267948965,0.0144,0.4164,False,-0.2314706218531757,-0.008360307588081973,-0.09999997615843181
-0.212812350518296,-0.1000000953675233,0.5507963267948965,0.0131,0.4164,False,-0.212812350518296,-0.008809129681250026,-0.1000000953675233
-0.18632248766930978,-0.05000010728844906,0.5507963267948965,0.011399999999999999,0.4164,False,-0.18632248766930978,-0.009279337557424848,-0.05000010728844906
-0.15901795688505588,0.05000010728844906,0.5407963267948965,0.0097,0.4164,False,-0.15901795688505588,-0.009516607762435823,0.05000010728844906
-0.13669885343251117,0.05000010728844906,0.5407963267948965,0.0083,0.4164,False,-0.13669885343251117,-0.009734458872753734,0.05000010728844906
-0.1403533793849701,0.0,0.5407963267948965,0.0085,0.4164,False,-0.1403533793849701,-0.010043758041861953,0.0
-0.1300109814876279,0.05000004768376165,0.5407963267948965,0.0079,0.4164,False,-0.1300109814876279,-0.010232750161926778,0.05000004768376165
-0.11648107582014651,0.14999984502841546,0.5507963267948965,0.0070999999999999995,0.4164,False,-0.11648107582014651,-0.01043387165035823,0.14999984502841546
-0.11060515769905295,0.14999984502841546,0.5507963267948965,0.0067,0.4164,False,-0.11060515769905295,-0.010549035768159203,0.14999984502841546
-0.12158908458398213,0.14999984502841546,0.5507963267948965,0.0073,0.4164,False,-0.12158908458398213,-0.010637153612774586,0.14999984502841546
-0.13058410705900392,0.19999995231686363,0.5607963267948965,0.0078000000000000005,0.4164,False,-0.13058410705900392,-0.010940873744171423,0.19999995231686363
-0.15107190919366287,0.05000004768376165,0.5607963267948965,0.009000000000000001,0.4164,False,-0.15107190919366287,-0.01126912461130998,0.05000004768376165
-0.15768177421300875,-0.14999984502841546,0.5707963267948966,0.009399999999999999,0.4164,False,-0.15768177421300875,-0.011444543462823609,-0.14999984502841546
-0.1541396502844049,-0.14999984502841457,0.5707963267948966,0.0092,0.4164,False,-0.1541396502844049,-0.011634565782999564,-0.14999984502841457
-0.12960495726060153,-0.09999997615843181,0.5707963267948966,0.0077,0.4164,False,-0.12960495726060153,-0.01166882416967378,-0.09999997615843181
-0.08738974858825607,-0.0999999761584327,0.5607963267948965,0.0052,0.4164,False,-0.08738974858825607,-0.011922134411078833,-0.0999999761584327
-0.05191243265700488,-0.05000004768376165,0.5607963267948965,0.0031,0.4164,False,-0.05191243265700488,-0.012039511850730013,-0.05000004768376165
-0.018371447698247917,0.0,0.5507963267948965,0.0011,0.4164,False,-0.018371447698247917,-0.012253630044078777,0.0
0.00502473720216038,0.10000021457689812,0.5507963267948965,-0.0003,0.4164,True,0.00502473720216038,-0.012300196807166491,0.10000021457689812
0.020088496460299192,0.19999995231686452,0.5407963267948965,-0.0012,0.4164,True,0.020088496460299192,-0.012470257572093761,0.19999995231686452
0.02514898771660666,0.14999984502841546,0.5407963267948965,-0.0015,0.4164,True,0.02514898771660666,-0.012716138868186875,0.14999984502841546
0.013425618946556321,0.15000014305128406,0.5407963267948965,-0.0008,0.4164,True,0.013425618946556321,-0.012786107804983859,0.15000014305128406
0.005031566916763087,0.10000021457689723,0.5307963267948965,-0.0003,0.4164,True,0.005031566916763087,-0.01296389810271456,0.10000021457689723
-0.0218372247286025,0.0,0.5307963267948965,0.0013,0.4164,False,-0.0218372247286025,-0.013131292699690829,0.0
-0.025300148488002983,0.04999986886998187,0.5207963267948965,0.0015,0.4164,False,-0.025300148488002983,-0.013195562343355408,0.04999986886998187
-0.0,0.09999997615843093,0.5107963267948965,0.0,0.4164,False,-0.0,-0.01322098818196296,0.09999997615843093
0.006915656244090899,0.05000004768376165,0.5007963267948965,-0.0004,0.4164,True,0.006915656244090899,-0.012973422593729083,0.05000004768376165
0.001725715650884876,0.049999868869982755,0.4907963267948965,-0.0001,0.4164,True,0.001725715650884876,-0.012913945608735903,0.049999868869982755
0.003472961837363023,0.09999997615843181,0.4907963267948965,-0.0002,0.4164,True,0.003472961837363023,-0.01268351591800026,0.09999997615843181
0.020998440656964892,0.09999997615843181,0.4807963267948965,-0.0012,0.4164,True,0.020998440656964892,-0.012608577394981384,0.09999997615843181
0.026472543796655205,0.09999997615843181,0.47079632679489647,-0.0015,0.4164,True,0.026472543796655205,-0.012183856435394633,0.09999997615843181
0.220488286244371,0.15000014305128406,0.46079632679489646,-0.0125,0.4164,True,0.220488286244371,-0.011878169394633998,0.15000014305128406
0.636610494440407,0.2999996900568309,0.44079632679489666,-0.0359,0.4164,True,0.636610494440407,-0.011508090399097963,0.2999996900568309
1.0408780582427128,0.4500000119221772,0.41079632679489664,-0.0587,0.4164,True,1.0408780582427128,-0.011206021247485964,0.4500000119221772
1.4378487993456575,0.5999996185321281,0.3907963267948966,-0.08130000000000001,0.4164,True,1.4378487993456575,-0.010851940836580453,0.5999996185321281
1.8278412383549023,0.5999996185321255,0.3507963267948966,-0.1039,0.4164,True,1.8278412383549023,-0.010101313576099993,0.5999996185321255
2.223325449597317,0.4500004291538495,0.31079632679489655,-0.1265,0.4164,True,2.223325449597317,-0.008952067503686763,0.4500004291538495
2.594217337086125,0.5999993801136618,0.2607963267948965,-0.149,0.4164,True,2.594217337086125,-0.007610825023350816,0.5999993801136618
3.0074299924433356,0.8499999165559053,0.18079632679489666,-0.17170000000000002,0.4164,True,3.0074299924433356,-0.0059584417395229135,0.8499999165559053
3.3755521521305147,0.8000000476859217,0.09079632679489658,-0.19149999999999998,0.4164,True,3.3755521521305147,-0.004214212340742216,0.8000000476859217
3.3763991961378963,0.900000262262818,0.0007963267948964958,-0.1918,0.4164,True,3.3763991961378963,-0.0022315223540821487,0.900000262262818
3.366651550420323,1.0500010013589858,6.183981633974483,-0.1918,0.4164,True,3.366651550420323,3.803146473720919e-05,1.0500010013589858
3.35458942651271,0.9999997615843199,6.083981633974483,-0.1918,0.4164,True,3.35458942651271,0.0024312583283190134,0.9999997615843199
3.334389794742296,0.9499996542958709,5.973981633974483,-0.1918,0.4164,True,3.334389794742296,0.004957874823617689,0.9499996542958709
3.336437492358484,0.9999995231658545,5.863981633974483,-0.1918,0.4164,True,3.336437492358484,0.007382971136077773,0.9999995231658545
3.3601540941726764,0.9999995231658563,5.753981633974483,-0.1918,0.4164,True,3.3601540941726764,0.010094398836400047,0.9999995231658563
3.388280329732418,0.9000008583077026,5.643981633974483,-0.1918,0.4164,True,3.388280329732418,0.012908960763989227,0.9000008583077026
3.448459815020915,0.899999785425889,5.523981633974483,-0.1918,0.4164,True,3.448459815020915,0.015924693313929178,0.899999785425889
3.510708397628004,0.9499998927143363,5.423981633974483,-0.1918,0.4164,True,3.510708397628004,0.01869128064397408,0.9499998927143363
3.545054711567358,0.9499998927143363,5.303981633974483,-0.1918,0.4164,True,3.545054711567358,0.02306863595152918,0.9499998927143363
3.631175226189198,0.8499996781374399,5.183981633974483,-0.1918,0.4164,True,3.631175226189198,0.027593049879958816,0.8499996781374399
3.673435491813093,0.850000810623941,5.073981633974483,-0.1918,0.4164,True,3.673435491813093,0.03294926387394348,0.850000810623941
3.739469220468362,0.8999997854258872,4.953981633974482,-0.1918,0.4164,True,3.739469220468362,0.0385093034328599,0.8999997854258872
3.8146251140949623,0.7999995708489909,4.843981633974483,-0.1918,0.4164,True,3.8146251140949623,0.04314591389684566,0.7999995708489909
3.8864762774173203,0.7999995708489926,4.733981633974483,-0.1916,0.4164,True,3.8864762774173203,0.04492909569536196,0.7999995708489926
3.9757195884614585,0.8499996781374399,4.623981633974482,-0.19010000000000002,0.4164,True,3.9757195884614585,0.0420889981485049,0.8499996781374399
3.940645993357823,0.7500007152564159,4.513981633974483,-0.1864,0.4164,True,3.940645993357823,0.03681292797239594,0.7500007152564159
3.9523765315025394,0.8499994397189745,4.413981633974483,-0.1833,0.4164,True,3.9523765315025394,0.030594571930483226,0.8499994397189745
3.9716062863255814,0.8499994397189745,4.303981633974483,-0.1815,0.4164,True,3.9716062863255814,0.02437632449761412,0.8499994397189745
3.9359166188981436,0.7499997019790037,4.213981633974482,-0.17739999999999997,0.4164,True,3.9359166188981436,0.01972281418679002,0.7499997019790037
3.867964813008527,0.8499999165559053,4.123981633974482,-0.1728,0.4164,True,3.867964813008527,0.016216554221979717,0.8499999165559053
3.837444724024575,0.8000007629401829,4.0339816339744825,-0.1703,0.4164,True,3.837444724024575,0.013001300573897527,0.8000007629401829
3.7288807067087104,0.6999998331090254,3.9439816339744826,-0.1653,0.4164,True,3.7288807067087104,0.010276960700772862,0.6999998331090254
3.6590141745037195,0.6999998331090254,3.8639816339744826,-0.1618,0.4164,True,3.6590141745037195,0.007985514548477887,0.6999998331090254
3.5754122113585836,0.6499999642390399,3.7739816339744827,-0.1583,0.4164,True,3.5754122113585836,0.005774236559849736,0.6499999642390399
3.4223801236372364,0.5999998569505927,3.7039816339744824,-0.1518,0.4164,True,3.4223801236372364,0.004036440971419584,0.5999998569505927
3.3681204321412372,0.6500006198888961,3.633981633974483,-0.1494,0.4164,True,3.3681204321412372,0.002427076424684864,0.6500006198888961
3.244687969254454,0.6499999642390399,3.553981633974483,-0.1431,0.4164,True,3.244687969254454,0.00017942703031119113,0.6499999642390399
3.214194800615167,0.5499997496621454,3.4839816339744827,-0.1414,0.4164,True,3.214194800615167,-0.0014227390277943752,0.5499997496621454
3.0383990567359658,0.5499997496621383,3.4139816339744824,-0.1341,0.4164,True,3.0383990567359658,-0.0029589395506023556,0.5499997496621383
2.8905073099164778,0.5999998569505927,3.343981633974483,-0.1288,0.4164,True,2.8905073099164778,-0.004663859365274007,0.5999998569505927
2.8216290907768022,0.5000004768376165,3.2839816339744825,-0.1272,0.4164,True,2.8216290907768022,-0.005981668010017209,0.5000004768376165
2.638777781156481,0.4499997735037091,3.2339816339744827,-0.1199,0.4164,True,2.638777781156481,-0.0071510597183454885,0.4499997735037091
2.5076791202396387,0.4499997735037127,3.173981633974483,-0.1149,0.4164,True,2.5076791202396387,-0.008476325070771874,0.4499997735037127
2.4301890990983575,0.4499997735037091,3.1239816339744824,-0.11220000000000001,0.4164,True,2.4301890990983575,-0.009459760202256428,0.4499997735037091
2.319152328364344,0.4499997735037091,3.083981633974483,-0.10779999999999999,0.4164,True,2.319152328364344,-0.010661674197740298,0.4499997735037091
2.223446227479566,0.4000003814700932,3.0339816339744825,-0.10369999999999999,0.4164,True,2.223446227479566,-0.011549657970541007,0.4000003814700932
2.1030654170823015,0.39999990463372725,2.9839816339744827,-0.0981,0.4164,True,2.1030654170823015,-0.012526852027993278,0.39999990463372725
2.0108163731457434,0.39999990463372725,2.933981633974483,-0.09480000000000001,0.4164,True,2.0108163731457434,-0.01353982877342005,0.39999990463372725
1.8922891594487496,0.3999999046337308,2.893981633974483,-0.09119999999999999,0.4164,True,1.8922891594487496,-0.0148134748451585,0.3999999046337308
1.7657399847802793,0.34999979734528,2.853981633974483,-0.0861,0.4164,True,1.7657399847802793,-0.016070106081501986,0.34999979734528
1.6908060051118967,0.3500003337863298,2.8139816339744828,-0.0825,0.4164,True,1.6908060051118967,-0.016930958121925826,0.3500003337863298
1.58915674842881,0.35000003576374183,2.7839816339744825,-0.07780000000000001,0.4164,True,1.58915674842881,-0.017754535245306017,0.35000003576374183
1.506916865261177,0.29999992847529455,2.753981633974483,-0.0741,0.4164,True,1.506916865261177,-0.018528829246287848,0.29999992847529455
1.4149654456364769,0.25000005960531624,2.723981633974483,-0.0699,0.4164,True,1.4149654456364769,-0.01938433745926455,0.25000005960531624
1.316021408826217,0.19999995231686185,2.7039816339744824,-0.06559999999999999,0.4164,True,1.316021408826217,-0.020242972770317676,0.19999995231686185
1.257010904275271,0.2000001907350395,2.683981633974483,-0.063,0.4164,True,1.257010904275271,-0.02081852609866828,0.2000001907350395
1.1849691933973563,0.1999999523168654,2.6639816339744824,-0.06,0.4164,True,1.1849691933973563,-0.021578299971318125,0.1999999523168654
1.133237741949391,0.1999999523168654,2.643981633974483,-0.0579,0.4164,True,1.133237741949391,-0.022402627792462555,0.1999999523168654
1.114457042191508,0.15000008344687998,2.633981633974483,-0.0571,0.4164,True,1.114457042191508,-0.023093165954706497,0.15000008344687998
1.0327710298740713,0.09999997615843625,2.6139816339744826,-0.0533,0.4164,True,1.0327710298740713,-0.023961656815916547,0.09999997615843625
0.9548501209780871,0.15000014305128317,2.603981633974483,-0.0492,0.4164,True,0.9548501209780871,-0.024507540814284995,0.15000014305128317
0.925786091668187,0.19999995231686185,2.593981633974483,-0.047400000000000005,0.4164,True,0.925786091668187,-0.025138103542479945,0.19999995231686185
0.895587214694289,0.14999984502841457,2.593981633974483,-0.0454,0.4164,True,0.895587214694289,-0.025410364066600785,0.14999984502841457
0.8705977834048377,0.05000010728844728,2.583981633974483,-0.044199999999999996,0.4164,True,0.8705977834048377,-0.025732651950792513,0.05000010728844728
0.7989856516183981,0.05000010728844728,2.593981633974483,-0.0408,0.4164,True,0.7989856516183981,-0.026059514461888134,0.05000010728844728
0.7677822160266612,0.10000009536752685,2.593981633974483,-0.0394,0.4164,True,0.7677822160266612,-0.026447365827523224,0.10000009536752685
0.7479781780614156,0.05000010728845439,2.593981633974483,-0.0385,0.4164,True,0.7479781780614156,-0.02692021952088064,0.05000010728845439
0.7306008182194128,0.05000010728844728,2.593981633974483,-0.037599999999999995,0.4164,True,0.7306008182194128,-0.02706727250763005,0.05000010728844728
0.6972110391056178,0.05000010728844728,2.593981633974483,-0.036000000000000004,0.4164,True,0.6972110391056178,-0.027172824657520477,0.05000010728844728
0.6768402974980678,-0.05000010728844728,2.593981633974483,-0.0351,0.4164,True,0.6768402974980678,-0.02749012945768133,-0.05000010728844728
0.6784032051203267,-0.050000047683759874,2.593981633974483,-0.0351,0.4164,True,0.6784032051203267,-0.027482144828213116,-0.050000047683759874
0.6669238181367252,-0.04999986886998897,2.593981633974483,-0.0345,0.4164,True,0.6669238181367252,-0.027493499725419566,-0.04999986886998897
0.659412135289937,-0.04999986886998897,2.593981633974483,-0.034300000000000004,0.4164,True,0.659412135289937,-0.027756750651583856,-0.04999986886998897
0.6600011946504222,0.0,2.593981633974483,-0.0345,0.4164,True,0.6600011946504222,-0.028079319779156085,0.0
0.6690071312256021,-0.05000010728844728,2.603981633974483,-0.0352,0.4164,True,0.6690071312256021,-0.028291234758313324,-0.05000010728844728
0.6417755590156838,-0.050000047683759874,2.603981633974483,-0.034300000000000004,0.4164,True,0.6417755590156838,-0.028783026908510496,-0.050000047683759874
0.6380901587073079,-0.04999986886998187,2.6139816339744826,-0.034300000000000004,0.4164,True,0.6380901587073079,-0.029202832193744734,-0.04999986886998187
0.6492643291488679,-0.09999997615842915,2.6139816339744826,-0.035,0.4164,True,0.6492643291488679,-0.0295345368539391,-0.09999997615842915
0.6586977272050134,-0.0999999761584327,2.6239816339744824,-0.0356,0.4164,True,0.6586977272050134,-0.029717485883448396,-0.0999999761584327
0.6559878943097472,-0.04999986886998542,2.633981633974483,-0.035699999999999996,0.4164,True,0.6559878943097472,-0.030123958304978868,-0.04999986886998542
0.6548976950047561,-0.050000047683759874,2.643981633974483,-0.0358,0.4164,True,0.6548976950047561,-0.030389188689363182,-0.050000047683759874
0.6676309317327384,-0.05000010728844728,2.643981633974483,-0.0365,0.4164,True,0.6676309317327384,-0.03070648884193262,-0.05000010728844728
0.6727775636949879,-0.05000010728844728,2.6539816339744826,-0.0369,0.4164,True,0.6727775636949879,-0.03098308583243113,-0.05000010728844728
0.6764848892036616,-2.3841846541472478e-07,2.6539816339744826,-0.037200000000000004,0.4164,True,0.6764848892036616,-0.03135820025520597,-2.3841846541472478e-07
0.6762649151107462,0.04999986886998187,2.6539816339744826,-0.0373,0.4164,True,0.6762649151107462,-0.03168268235585527,0.04999986886998187
0.6648666728567424,-0.050000047683759874,2.6539816339744826,-0.0369,0.4164,True,0.6648666728567424,-0.032049569998999196,-0.050000047683759874
0.6562723718261332,-0.14999984502841812,2.6539816339744826,-0.0366,0.4164,True,0.6562723718261332,-0.032442634502905916,-0.14999984502841812
0.6502340107784746,-0.1999999523168654,2.6539816339744826,-0.0363,0.4164,True,0.6502340107784746,-0.032623956467794646,-0.1999999523168654
0.6504581185831056,-0.15000008344687643,2.6539816339744826,-0.0363,0.4164,True,0.6504581185831056,-0.0327411474803813,-0.15000008344687643
0.686986644838146,-0.04999986886998187,2.6539816339744826,-0.038599999999999995,0.4164,True,0.686986644838146,-0.03312302368169351,-0.04999986886998187
0.7206029370207818,0.050000047683759874,2.6539816339744826,-0.0407,0.4164,True,0.7206029370207818,-0.033128848567536076,0.050000047683759874
0.70812995057383,0.05000010728844728,2.6539816339744826,-0.0406,0.4164,True,0.70812995057383,-0.03351101347044201,0.05000010728844728
0.6710729438959145,0.05000010728844728,2.6639816339744824,-0.0391,0.4164,True,0.6710729438959145,-0.033840796745328916,0.05000010728844728
0.6552739389541864,2.3841846541472478e-07,2.6639816339744824,-0.0385,0.4164,True,0.6552739389541864,-0.034070608257425306,2.3841846541472478e-07
0.6384665672987275,-0.09999997615842915,2.673981633974483,-0.0377,0.4164,True,0.6384665672987275,-0.03429089370652196,-0.09999997615842915
0.6398473321084241,-0.10000009536752685,2.673981633974483,-0.038,0.4164,True,0.6398473321084241,-0.03461281227236756,-0.10000009536752685
0.6473436020474095,-0.05000010728845439,2.673981633974483,-0.0387,0.4164,True,0.6473436020474095,-0.03512592285188421,-0.05000010728845439
0.6543474855008724,-0.05000010728844728,2.673981633974483,-0.0392,0.4164,True,0.6543474855008724,-0.03558796553429742,-0.05000010728844728
0.6600934715677187,-0.09999997615842915,2.673981633974483,-0.0398,0.4164,True,0.6600934715677187,-0.03623996191659505,-0.09999997615842915
0.6561860670972266,-0.09999997615842915,2.673981633974483,-0.0398,0.4164,True,0.6561860670972266,-0.036793649500944214,-0.09999997615842915
0.66595608663261,-0.10000009536751975,2.673981633974483,-0.0408,0.4164,True,0.66595608663261,-0.03749439946051078,-0.10000009536751975
0.6621600663396913,-0.0999999761584327,2.673981633974483,-0.041100000000000005,0.4164,True,0.6621600663396913,-0.03811928356716032,-0.0999999761584327
0.665716920244053,-0.04999986886998542,2.673981633974483,-0.04190000000000001,0.4164,True,0.665716920244053,-0.03892904114487204,-0.04999986886998542
0.6735735659591686,-0.04999986886998187,2.683981633974483,-0.0429,0.4163,True,0.6735735659591686,-0.03955873578972738,-0.04999986886998187
0.6720512817085059,-0.04999986886998187,2.683981633974483,-0.0433,0.4163,True,0.6720512817085059,-0.03995973424970286,-0.04999986886998187
0.6559536452729842,-0.050000047683759874,2.6939816339744826,-0.042800000000000005,0.4163,True,0.6559536452729842,-0.04060346788478514,-0.050000047683759874
0.6643644685443266,-0.0999999761584327,2.6939816339744826,-0.0438,0.4163,True,0.6643644685443266,-0.04128560407319497,-0.0999999761584327
0.6578074938981519,-0.0999999761584327,2.6939816339744826,-0.0435,0.4163,True,0.6578074938981519,-0.041670672687570895,-0.0999999761584327
0.6700595897280095,-2.3841846541472478e-07,2.6939816339744826,-0.0447,0.4163,True,0.6700595897280095,-0.04218297024554889,-2.3841846541472478e-07
0.6694822743921841,0.09999997615843625,2.7039816339744824,-0.045,0.4163,True,0.6694822743921841,-0.04257520249465716,0.09999997615843625
0.6887874478211187,0.0,2.713981633974483,-0.04650000000000001,0.4163,True,0.6887874478211187,-0.0429661881183108,0.0
0.6833702253101169,-0.050000107288450835,2.723981633974483,-0.045899999999999996,0.4163,True,0.6833702253101169,-0.04291175454172338,-0.050000107288450835
0.6727384785079461,-0.050000107288450835,2.7339816339744827,-0.045,0.4163,True,0.6727384785079461,-0.04271216837782531,-0.050000107288450835
0.6776771052450536,-0.0999999761584327,2.7339816339744827,-0.0452,0.4163,True,0.6776771052450536,-0.04274116149184999,-0.0999999761584327
0.6749925679703543,-0.04999986886998187,2.7439816339744825,-0.0451,0.4163,True,0.6749925679703543,-0.042951983966369234,-0.04999986886998187
0.6894975911810166,-0.050000047683759874,2.7439816339744825,-0.0462,0.4163,True,0.6894975911810166,-0.0431329769848047,-0.050000047683759874
0.7012028985946545,-0.09999997615842915,2.753981633974483,-0.0472,0.4163,True,0.7012028985946545,-0.043385877400663596,-0.09999997615842915
0.6981801437561826,-0.09999997615843625,2.753981633974483,-0.0472,0.4163,True,0.6981801437561826,-0.04347876171346575,-0.09999997615843625
0.7169964852927269,-0.09999997615843625,2.763981633974483,-0.0487,0.4163,True,0.7169964852927269,-0.043734313981894264,-0.09999997615843625
0.7198396801677,-0.04999986886998187,2.763981633974483,-0.0492,0.4163,True,0.7198396801677,-0.04411183590375335,-0.04999986886998187
0.7306515578340704,0.0,2.763981633974483,-0.05,0.4163,True,0.7306515578340704,-0.04408044601084355,0.0
0.7488215994208376,0.0,2.763981633974483,-0.051399999999999994,0.4163,True,0.7488215994208376,-0.04441481008566861,0.0
0.7492566850070185,0.05000010728844728,2.763981633974483,-0.051399999999999994,0.4163,True,0.7492566850070185,-0.04453259825718262,0.05000010728844728
0.7492107206424335,0.05000010728844728,2.763981633974483,-0.051399999999999994,0.4163,True,0.7492107206424335,-0.044707508859421305,0.05000010728844728
0.7432189381310799,0.05000010728845439,2.763981633974483,-0.0509,0.4163,True,0.7432189381310799,-0.04476289963031654,0.05000010728845439
0.7249519427425775,-0.050000047683759874,2.763981633974483,-0.0496,0.4163,True,0.7249519427425775,-0.04485806073689394,-0.050000047683759874
0.7167062721589668,-0.10000021457690167,2.753981633974483,-0.0493,0.4163,True,0.7167062721589668,-0.04528440320888051,-0.10000021457690167
0.709045312507057,-0.05000010728844728,2.753981633974483,-0.049100000000000005,0.4163,True,0.709045312507057,-0.045848770459266934,-0.05000010728844728
0.706834389941163,-0.05000010728844728,2.7439816339744825,-0.049100000000000005,0.4163,True,0.706834389941163,-0.046203004562454034,-0.05000010728844728
0.7219871344431561,0.05000010728844728,2.7439816339744825,-0.050499999999999996,0.4163,True,0.7219871344431561,-0.04670526945548041,0.05000010728844728
0.7191673955427195,0.15000014305128673,2.7339816339744827,-0.0507,0.4163,True,0.7191673955427195,-0.04733116750016366,0.15000014305128673
0.7208116167904633,0.10000021457690167,2.7339816339744827,-0.0512,0.4163,True,0.7208116167904633,-0.04800003536227536,0.10000021457690167
0.6969041124848644,0.0,2.7339816339744827,-0.049699999999999994,0.4163,True,0.6969041124848644,-0.04836315304709255,0.0
0.6604106734081118,0.0,2.7339816339744827,-0.0472,0.4163,True,0.6604106734081118,-0.04858109585050685,0.0
0.6497373243830795,0.10000021457689456,2.7339816339744827,-0.04650000000000001,0.4163,True,0.6497373243830795,-0.04882908364781513,0.10000021457689456
0.6318453221027889,0.10000009536751975,2.7339816339744827,-0.0452,0.4163,True,0.6318453221027889,-0.049010003958452286,0.10000009536751975
0.6381352272654983,-0.04999986886998187,2.7439816339744825,-0.0458,0.4163,True,0.6381352272654983,-0.04911116873992384,-0.04999986886998187
0.6198684646334724,-0.09999997615842915,2.753981633974483,-0.0449,0.4163,True,0.6198684646334724,-0.04939611294293794,-0.09999997615842915
0.5953574563709766,-0.14999984502841812,2.753981633974483,-0.0435,0.4163,True,0.5953574563709766,-0.04972133340397084,-0.14999984502841812
0.5932055410876831,-0.1999999523168654,2.763981633974483,-0.0438,0.4163,True,0.5932055410876831,-0.0501711677228136,-0.1999999523168654
0.5816719208230163,-0.10000009536751975,2.7739816339744827,-0.0434,0.4163,True,0.5816719208230163,-0.05073421115577696,-0.10000009536751975
0.6136375825413316,0.0,2.7839816339744825,-0.0458,0.4163,True,0.6136375825413316,-0.0508667245347304,0.0
0.6353237766219855,-0.10000021457689812,2.7839816339744825,-0.0472,0.4163,True,0.6353237766219855,-0.050763999028734665,-0.10000021457689812
0.6404617767838475,-0.10000021457689812,2.793981633974483,-0.0472,0.4163,True,0.6404617767838475,-0.050441330188134244,-0.10000021457689812
0.6797312310367989,-0.10000021457689812,2.793981633974483,-0.049800000000000004,0.4163,True,0.6797312310367989,-0.050393963477345996,-0.10000021457689812
0.6878300938052959,-0.1000000953675233,2.803981633974483,-0.0504,0.4163,True,0.6878300938052959,-0.05070542731784173,-0.1000000953675233
0.702116239216578,-0.04999986886998542,2.803981633974483,-0.051399999999999994,0.4163,True,0.702116239216578,-0.050923348011180675,-0.04999986886998542
0.7284728699458985,-0.0999999761584327,2.803981633974483,-0.0533,0.4163,True,0.7284728699458985,-0.05099399348970529,-0.0999999761584327
0.7163377859687807,-2.3841846541472478e-07,2.803981633974483,-0.0527,0.4163,True,0.7163377859687807,-0.05131976765962993,-2.3841846541472478e-07
0.7262984485056752,0.15000008344688354,2.803981633974483,-0.0536,0.4163,True,0.7262984485056752,-0.05158272146474209,0.15000008344688354
0.7174204225576484,0.10000009536752685,2.8139816339744828,-0.053200000000000004,0.4163,True,0.7174204225576484,-0.051803732043345006,0.10000009536752685
0.694154286320503,-0.04999986886998542,2.8239816339744825,-0.051699999999999996,0.4163,True,0.694154286320503,-0.05148735402942104,-0.04999986886998542
0.6531401133131363,-0.09999997615843625,2.8239816339744825,-0.0492,0.4163,True,0.6531401133131363,-0.05143494010861752,-0.09999997615843625
0.6207174126478859,-2.3841846541472478e-07,2.833981633974483,-0.0475,0.4163,True,0.6207174126478859,-0.051853387260484225,-2.3841846541472478e-07
0.6159620732730197,-0.0500003457069127,2.843981633974483,-0.0473,0.4163,True,0.6159620732730197,-0.05205030998143077,-0.0500003457069127
0.6217820867199596,-0.15000014305128317,2.843981633974483,-0.0478,0.4163,True,0.6217820867199596,-0.051870925238066835,-0.15000014305128317
0.6274922954379974,-0.05000010728844728,2.853981633974483,-0.0483,0.4163,True,0.6274922954379974,-0.05191354747102451,-0.05000010728844728
0.638810121817809,0.0,2.8639816339744826,-0.049100000000000005,0.4163,True,0.638810121817809,-0.0520391617365484,0.0
0.6625456079352409,0.0,2.8639816339744826,-0.0506,0.4163,True,0.6625456079352409,-0.05171196939440723,0.0
0.672500254366838,-0.10000021457690167,2.8739816339744824,-0.0513,0.4163,True,0.672500254366838,-0.05167060672883312,-0.10000021457690167
0.6848555907560916,-0.15000014305128673,2.8739816339744824,-0.0524,0.4163,True,0.6848555907560916,-0.05222872236831993,-0.15000014305128673
0.723809720712529,-0.05000010728844728,2.8739816339744824,-0.0553,0.4163,True,0.723809720712529,-0.052582547121710024,-0.05000010728844728
0.7506324274234896,0.0,2.8739816339744824,-0.0575,0.4163,True,0.7506324274234896,-0.05299638569559605,0.0
0.7571416050991653,0.0,2.8639816339744826,-0.0583,0.4163,True,0.7571416050991653,-0.0535653264430761,0.0
0.7478682859919376,0.0,2.8639816339744826,-0.057999999999999996,0.4163,True,0.7478682859919376,-0.05428320840508715,0.0
0.7286827125185066,0.0,2.8639816339744826,-0.0571,0.4163,True,0.7286827125185066,-0.055114574335319494,0.0
0.7178474453451201,0.0,2.853981633974483,-0.056600000000000004,0.4163,True,0.7178474453451201,-0.05550330883396668,0.0
0.7066594920498163,0.05000010728844728,2.843981633974483,-0.056299999999999996,0.4163,True,0.7066594920498163,-0.05634369524231475,0.05000010728844728
0.6824305811443325,0.09999997615843625,2.833981633974483,-0.0546,0.4163,True,0.6824305811443325,-0.05655484588549943,0.09999997615843625
0.6568301835851874,0.04999986886998897,2.833981633974483,-0.053,0.4163,True,0.6568301835851874,-0.05712184464053656,0.04999986886998897
0.6316376917148288,0.050000047683759874,2.8239816339744825,-0.0516,0.4163,True,0.6316376917148288,-0.05819089092592698,0.050000047683759874
0.604653990435702,0.05000010728844728,2.8239816339744825,-0.049100000000000005,0.4163,True,0.604653990435702,-0.05835941901943918,0.05000010728844728
0.6110561601290265,0.05000010728844728,2.8139816339744828,-0.0493,0.4163,True,0.6110561601290265,-0.058238720900087276,0.05000010728844728
0.44070700814905045,-0.04999963045151645,2.8139816339744828,-0.0353,0.4163,True,0.44070700814905045,-0.05802164942478757,-0.04999963045151645
0.15351595039847754,-0.14999984502841812,2.803981633974483,-0.0123,0.4163,True,0.15351595039847754,-0.058178290574581785,-0.14999984502841812
-0.12983080514218487,-0.2000001907350466,2.8139816339744828,0.0104,0.4163,False,-0.12983080514218487,-0.0583974901012375,-0.2000001907350466
-0.4132452143123904,-0.25000005960530913,2.8139816339744828,0.0331,0.4163,False,-0.4132452143123904,-0.05844924767088983,-0.25000005960530913
-0.6966447014622957,-0.19999995231686185,2.8239816339744825,0.0557,0.4163,False,-0.6966447014622957,-0.057962540705403506,-0.19999995231686185
-0.9757371194017386,-0.24999982118684727,2.833981633974483,0.0784,0.4163,False,-0.9757371194017386,-0.05808734423225231,-0.24999982118684727
-1.2624124466323041,-0.2999999284752981,2.853981633974483,0.1012,0.4163,False,-1.2624124466323041,-0.057754823796981505,-0.2999999284752981
-1.5434110339205098,-0.5500005245213764,2.883981633974483,0.12380000000000001,0.4163,False,-1.5434110339205098,-0.05717944653222008,-0.5500005245213764
-1.8277191864783235,-0.799999809267451,2.923981633974483,0.1466,0.4163,False,-1.8277191864783235,-0.056351701886495034,-0.799999809267451
-2.1210278821222706,-0.7499997019790037,2.963981633974483,0.16920000000000002,0.4163,False,-2.1210278821222706,-0.05506290747229364,-0.7499997019790037
-2.3571469525637476,-0.8499994397189781,3.013981633974483,0.1863,0.4163,False,-2.3571469525637476,-0.05331189003893153,-0.8499994397189781
-2.441912003370945,-0.8999995470074218,3.0739816339744825,0.19190000000000002,0.4163,False,-2.441912003370945,-0.05142993208948537,-0.8999995470074218
-2.4508876933162576,-0.7500007152564159,3.143981633974483,0.1917,0.4163,False,-2.4508876933162576,-0.04972327248573464,-0.7500007152564159
-2.465273006915118,-0.7999995708489926,3.213981633974483,0.1917,0.4163,False,-2.465273006915118,-0.04772059449575173,-0.7999995708489926
-2.4811954528390583,-0.8999997854258908,3.303981633974483,0.1917,0.4163,False,-2.4811954528390583,-0.04524953907844498,-0.8999997854258908
-2.503067996440911,-0.8000000476859199,3.393981633974483,0.1917,0.4163,False,-2.503067996440911,-0.042819137274719234,-0.8000000476859199
-2.5438369139207353,-0.8000000476859199,3.473981633974483,0.1917,0.4163,False,-2.5438369139207353,-0.04011992926137172,-0.8000000476859199
-2.580454163701604,-0.8000007629401829,3.5739816339744825,0.1917,0.4163,False,-2.580454163701604,-0.03721455424488577,-0.8000007629401829
-2.6059973822863816,-0.6999998331090218,3.673981633974483,0.1917,0.4163,False,-2.6059973822863816,-0.03442514481790185,-0.6999998331090218
-2.638609140714517,-0.6999998331090254,3.763981633974483,0.1917,0.4163,False,-2.638609140714517,-0.031099274411497183,-0.6999998331090254
-2.685905175602322,-0.7999995708489926,3.8639816339744826,0.1917,0.4163,False,-2.685905175602322,-0.027360093285661646,-0.7999995708489926
-2.717116804185025,-0.8999997854258837,3.973981633974483,0.1917,0.4163,False,-2.717116804185025,-0.022934823447711427,-0.8999997854258837
-2.7362358976128895,-0.8000007629401829,4.073981633974483,0.1917,0.4163,False,-2.7362358976128895,-0.01811458228795348,-0.8000007629401829
-2.761134639911842,-0.7999995708489926,4.173981633974483,0.1917,0.4163,False,-2.761134639911842,-0.011885621978945759,-0.7999995708489926
-2.798993280795337,-0.8499996781374364,4.2839816339744825,0.1917,0.4163,False,-2.798993280795337,-0.00396651237308833,-0.8499996781374364
-2.856789062639105,-0.7999998092674563,4.383981633974482,0.1917,0.4163,False,-2.856789062639105,0.0057149644318253605,-0.7999998092674563
-2.9052430342261086,-0.7999998092674581,4.483981633974483,0.19140000000000001,0.4163,False,-2.9052430342261086,0.016023330648012264,-0.7999998092674581
-2.9417642405554485,-0.700000667572656,4.593981633974483,0.19030000000000002,0.4163,False,-2.9417642405554485,0.02877308579110238,-0.700000667572656
-2.960402308859308,-0.5999998569505891,4.693981633974483,0.1869,0.4164,False,-2.960402308859308,0.039359759251656974,-0.5999998569505891
-2.9917938437925184,-0.6499999642390435,4.793981633974482,0.1838,0.4164,False,-2.9917938437925184,0.04702086744792987,-0.6499999642390435
-3.0799957025055784,-0.6999998331090254,4.903981633974483,0.18309999999999998,0.4164,False,-3.0799957025055784,0.05175912764731054,-0.6999998331090254
-3.141580101201498,-0.5999996185321237,5.013981633974483,0.1807,0.4164,False,-3.141580101201498,0.05233070345292171,-0.5999996185321237
-3.189396906559131,-0.6000005722051363,5.113981633974483,0.1791,0.4164,False,-3.189396906559131,0.05109637749858254,-0.6000005722051363
-3.241309370971945,-0.749999701979009,5.233981633974483,0.1776,0.4164,False,-3.241309370971945,0.04845098921200821,-0.749999701979009
-3.101961021091569,-0.7499997019790055,5.343981633974483,0.1664,0.4164,False,-3.101961021091569,0.04557810500668657,-0.7499997019790055
-2.7213720199107794,-0.7999995708489891,5.433981633974483,0.1432,0.4164,False,-2.7213720199107794,0.04289585847468793,-0.7999995708489891
-2.619316563086583,-0.7999995708489909,5.523981633974483,0.1366,0.4164,False,-2.619316563086583,0.04082418618628312,-0.7999995708489909
-2.5824070485471147,-0.6000005722051363,5.613981633974483,0.1334,0.4164,False,-2.5824070485471147,0.039091943779660986,-0.6000005722051363
-2.462206889254583,-0.5499997496621418,5.703981633974482,0.1252,0.4164,False,-2.462206889254583,0.037096086311565656,-0.5499997496621418
-2.4345119775932336,-0.6499999642390399,5.773981633974483,0.12179999999999999,0.4164,False,-2.4345119775932336,0.03506695762001756,-0.6499999642390399
-2.3836547009537754,-0.6000000953690581,5.853981633974483,0.1188,0.4164,False,-2.3836547009537754,0.03376924503613775,-0.6000000953690581
-2.358520229013716,-0.49999988079216173,5.913981633974483,0.1184,0.4164,False,-2.358520229013716,0.03298977075591681,-0.49999988079216173
-2.221031472164237,-0.500000476837613,5.983981633974483,0.1114,0.4164,False,-2.221031472164237,0.031892451483004416,-0.500000476837613
-2.1094315160650474,-0.49999988079215996,6.043981633974482,0.1058,0.4164,False,-2.1094315160650474,0.030929937996385982,-0.49999988079215996
-2.0289891850652477,-0.49999988079215996,6.103981633974483,0.1017,0.4164,False,-2.0289891850652477,0.030015840434392066,-0.49999988079215996
-2.0188109007514465,-0.4500000119221763,6.153981633974483,0.1017,0.4164,False,-2.0188109007514465,0.029260913598879886,-0.4500000119221763
-1.8406030407814407,-0.5000001192106254,6.203981633974482,0.09369999999999999,0.4164,False,-1.8406030407814407,0.028393039909794016,-0.5000001192106254
-1.7711939594718555,-0.500000476837613,6.253981633974483,0.0911,0.4164,False,-1.7711939594718555,0.027751692138617116,-0.500000476837613
-1.6136547731626945,-0.39999990463372725,0.0007963267948964958,0.08449999999999999,0.4164,False,-1.6136547731626945,0.02752344951759084,-0.39999990463372725
-1.484509932572424,-0.34999979734528,0.04079632679489653,0.079,0.4164,False,-1.484509932572424,0.02669099923998348,-0.34999979734528
-1.3871666551366661,-0.29999992847529633,0.07079632679489656,0.07490000000000001,0.4164,False,-1.3871666551366661,0.026080538253546892,-0.29999992847529633
-1.298075228241856,-0.3500000357637436,0.10079632679489658,0.0708,0.4164,False,-1.298075228241856,0.02531594574793329,-0.3500000357637436
-1.219313698502068,-0.350000333786328,0.1307963267948966,0.0674,0.4164,False,-1.219313698502068,0.024438402513571482,-0.350000333786328
-1.1530572685980345,-0.2500000596053127,0.16079632679489664,0.0644,0.4164,False,-1.1530572685980345,0.023439599667804716,-0.2500000596053127
-1.0660988258482993,-0.2500000596053136,0.18079632679489666,0.06,0.4164,False,-1.0660988258482993,0.022800012891357205,-0.2500000596053136
-0.9675854348493736,-0.2500000596053127,0.20079632679489645,0.054299999999999994,0.4164,False,-0.9675854348493736,0.02127396712717398,-0.2500000596053127
-0.9250779814549394,-0.19999995231686363,0.22079632679489647,0.051699999999999996,0.4164,False,-0.9250779814549394,0.020313342042815815,-0.19999995231686363
-0.8902389740572901,-0.2500002384188065,0.2407963267948965,0.049699999999999994,0.4164,False,-0.8902389740572901,0.019312236301031124,-0.2500002384188065
-0.8301720828038561,-0.29999992847529633,0.2607963267948965,0.0466,0.4164,False,-0.8301720828038561,0.01833164950063053,-0.29999992847529633
-0.7781184614743775,-0.24999982118684816,0.2807963267948965,0.0444,0.4164,False,-0.7781184614743775,0.018099757995931227,-0.24999982118684816
-0.6776178106666488,-0.15000008344688087,0.30079632679489654,0.0395,0.4164,False,-0.6776178106666488,0.018355053741392263,-0.15000008344688087
-0.6070544770688665,-0.049999868869982755,0.31079632679489655,0.036000000000000004,0.4164,False,-0.6070544770688665,0.01821589114303244,-0.049999868869982755
-0.5539467658342417,0.05000004768376076,0.33079632679489657,0.0329,0.4164,False,-0.5539467658342417,0.017925502496461035,0.05000004768376076
-0.5525874065280499,0.09999997615843181,0.3507963267948966,0.032400000000000005,0.4164,False,-0.5525874065280499,0.017234900929182843,0.09999997615843181
-0.55774554677194,0.0999999761584327,0.3707963267948966,0.032400000000000005,0.4164,False,-0.55774554677194,0.016504360253115587,0.0999999761584327
-0.5540439719020132,0.05000010728844906,0.3907963267948966,0.0323,0.4164,False,-0.5540439719020132,0.015956418030186832,0.05000010728844906
-0.5441547427066047,-0.05000010728844906,0.40079632679489663,0.0319,0.4164,False,-0.5441547427066047,0.015309421491000248,-0.05000010728844906
-0.5525077054332278,-0.05000004768376165,0.42079632679489665,0.0326,0.4164,False,-0.5525077054332278,0.014740511379576918,-0.05000004768376165
-0.5180893995860144,0.0,0.42079632679489665,0.0313,0.4164,False,-0.5180893995860144,0.014790067097378215,0.0
-0.4931748364736379,0.05000010728844906,0.42079632679489665,0.030299999999999997,0.4164,False,-0.4931748364736379,0.01481379157741851,0.05000010728844906
-0.47703749546623725,0.05000010728844906,0.43079632679489666,0.0294,0.4164,False,-0.47703749546623725,0.01452942570847461,0.05000010728844906
-0.4831391209129434,-0.05000010728844906,0.42079632679489665,0.029500000000000002,0.4164,False,-0.4831391209129434,0.014133437093608477,-0.05000010728844906
-0.4791253464321071,-0.1000000953675233,0.42079632679489665,0.0292,0.4164,False,-0.4791253464321071,0.013654400071072015,-0.1000000953675233
-0.47117675686911,-0.05000010728844906,0.40079632679489663,0.0287,0.4164,False,-0.47117675686911,0.013551369513093442,-0.05000010728844906
-0.4385162207317524,0.10000021457689812,0.3807963267948966,0.0268,0.4164,False,-0.4385162207317524,0.013571989848419709,0.10000021457689812
-0.4262930560321972,0.15000008344688087,0.3707963267948966,0.0262,0.4164,False,-0.4262930560321972,0.013701454833503946,0.15000008344688087
-0.43589271921805495,0.09999997615843181,0.3707963267948966,0.0271,0.4164,False,-0.43589271921805495,0.01373001695071792,0.09999997615843181
-0.4517189181680292,0.1000000953675233,0.3707963267948966,0.028399999999999998,0.4164,False,-0.4517189181680292,0.013588194468580813,0.1000000953675233
-0.4584454995395382,0.05000010728844906,0.3707963267948966,0.0291,0.4163,False,-0.4584454995395382,0.013349721171853126,0.05000010728844906
-0.4681019575365153,-0.05000010728844906,0.3707963267948966,0.029900000000000003,0.4163,False,-0.4681019575365153,0.013261659778129055,-0.05000010728844906
-0.4615427431996044,-0.05000010728844906,0.3707963267948966,0.029500000000000002,0.4163,False,-0.4615427431996044,0.013283289245575484,-0.05000010728844906
-0.460707761033469,0.0,0.3607963267948966,0.029500000000000002,0.4163,False,-0.460707761033469,0.013118672723294995,0.0
-0.44159075513530227,-0.05000004768376165,0.3607963267948966,0.0282,0.4164,False,-0.44159075513530227,0.012707829371843601,-0.05000004768376165
-0.42878336572730225,-2.3841846541472478e-07,0.3607963267948966,0.0273,0.4164,False,-0.42878336572730225,0.01229236943951352,-2.3841846541472478e-07
-0.4295479748663885,0.049999868869983644,0.3607963267948966,0.0273,0.4164,False,-0.4295479748663885,0.011788881385909326,0.049999868869983644
-0.419150619366074,0.0,0.3607963267948966,0.026600000000000002,0.4164,False,-0.419150619366074,0.011179087315134749,0.0
-0.40354150720816256,0.05000010728844906,0.3607963267948966,0.0256,0.4164,False,-0.40354150720816256,0.010489795911792629,0.05000010728844906
-0.4119378867151816,0.10000009536752241,0.3607963267948966,0.026000000000000002,0.4164,False,-0.4119378867151816,0.00975754267307542,0.10000009536752241
-0.42480609301744143,2.3841846541472478e-07,0.3607963267948966,0.026699999999999998,0.4164,False,-0.42480609301744143,0.009110334950632843,2.3841846541472478e-07
-0.41494644241408374,2.3841846541472478e-07,0.3607963267948966,0.026099999999999998,0.4164,False,-0.41494644241408374,0.008699631572127444,2.3841846541472478e-07
-0.42090912217033843,0.09999997615843181,0.3707963267948966,0.026600000000000002,0.4164,False,-0.42090912217033843,0.008150299691704757,0.09999997615843181
-0.41266513679070843,0.049999868869983644,0.3807963267948966,0.026099999999999998,0.4164,False,-0.41266513679070843,0.007578550990193583,0.049999868869983644
-0.4040621686260052,0.0,0.3907963267948966,0.0256,0.4164,False,-0.4040621686260052,0.007003739090328841,0.0
-0.4075118923342697,0.0,0.3907963267948966,0.0258,0.4164,False,-0.4075118923342697,0.006510645023886988,0.0
-0.3953750197144171,-0.05000010728844906,0.40079632679489663,0.025,0.4164,False,-0.3953750197144171,0.006205737438824591,-0.05000010728844906
-0.3875847004277559,-0.05000010728844906,0.40079632679489663,0.0245,0.4164,False,-0.3875847004277559,0.005809852739185313,-0.05000010728844906
-0.36892206473541417,0.0,0.41079632679489664,0.0233,0.4164,False,-0.36892206473541417,0.005321688225157792,0.0
-0.3576912445603503,-0.05000004768376076,0.42079632679489665,0.0225,0.4164,False,-0.3576912445603503,0.004915173116578674,-0.05000004768376076
-0.3493745536723971,-0.14999984502841546,0.42079632679489665,0.0219,0.4164,False,-0.3493745536723971,0.004600874899624796,-0.14999984502841546
-0.3386995555198206,-0.14999984502841546,0.42079632679489665,0.0212,0.4164,False,-0.3386995555198206,0.004303995071789578,-0.14999984502841546
-0.3127353266810326,-0.09999997615843181,0.41079632679489664,0.0195,0.4164,False,-0.3127353266810326,0.004105471895664439,-0.09999997615843181
-0.2755553019016117,-0.0999999761584327,0.41079632679489664,0.017,0.4164,False,-0.2755553019016117,0.0038707827909065704,-0.0999999761584327
-0.2522798662461336,0.0,0.41079632679489664,0.0155,0.4164,False,-0.2522798662461336,0.003472888557342394,0.0
-0.2343337311324703,0.0999999761584327,0.41079632679489664,0.0144,0.4164,False,-0.2343337311324703,0.0031039547093812798,0.0999999761584327
-0.2171050764402947,0.049999868869983644,0.42079632679489665,0.0132,0.4164,False,-0.2171050764402947,0.0025072190456841698,0.049999868869983644
-0.21553825449721833,0.0,0.42079632679489665,0.013000000000000001,0.4164,False,-0.21553825449721833,0.00183202174224542,0.0
-0.21685584521022663,0.0,0.43079632679489666,0.013000000000000001,0.4164,False,-0.21685584521022663,0.0014439602374117864,0.0
-0.21092563002678982,0.05000004768376076,0.43079632679489666,0.0127,0.4164,False,-0.21092563002678982,0.0009792165450173002,0.05000004768376076
-0.19287056790068716,0.09999997615843181,0.43079632679489666,0.011699999999999999,0.4164,False,-0.19287056790068716,0.0010797563475276907,0.09999997615843181
-0.20487311841941455,0.049999868869983644,0.44079632679489666,0.0125,0.4164,False,-0.20487311841941455,0.001180196126469675,0.049999868869983644
-0.19944729263150712,-0.049999868869983644,0.44079632679489666,0.012199999999999999,0.4164,False,-0.19944729263150712,0.0011848316463918224,-0.049999868869983644
-0.20200954591245537,-0.049999868869983644,0.44079632679489666,0.0123,0.4164,False,-0.20200954591245537,0.0010868987203458591,-0.049999868869983644
-0.19533213593363263,-0.10000009536752241,0.44079632679489666,0.0118,0.4164,False,-0.19533213593363263,0.0009859960199447338,-0.10000009536752241
-0.16463182935355736,-0.10000021457689723,0.43079632679489666,0.009899999999999999,0.4164,False,-0.16463182935355736,0.0008880020934961918,-0.10000021457689723
-0.15540621795016174,-0.05000010728844906,0.43079632679489666,0.009300000000000001,0.4164,False,-0.15540621795016174,0.0006971057319732659,-0.05000010728844906
-0.12434454434641437,-0.05000010728844906,0.41079632679489664,0.0074,0.4164,False,-0.12434454434641437,0.00041362491570672146,-0.05000010728844906
-0.10315685657049468,0.05000010728844906,0.40079632679489663,0.0060999999999999995,0.4164,False,-0.10315685657049468,0.0003178779438475489,0.05000010728844906
-0.07594740835148639,0.05000004768376165,0.40079632679489663,0.0045000000000000005,0.4164,False,-0.07594740835148639,0.0003180155268395361,0.05000004768376165
-0.07734963542357715,0.0,0.3907963267948966,0.0046,0.4164,False,-0.07734963542357715,0.0001331367534595926,0.0
-0.07225800965140874,0.05000010728844906,0.3907963267948966,0.0043,0.4164,False,-0.07225800965140874,-5.280901313285547e-05,0.05000010728844906
-0.06233165202733101,0.09999997615843181,0.3807963267948966,0.0037,0.4164,False,-0.06233165202733101,-0.00023848925752631965,0.09999997615843181
-0.06263843153214634,0.049999868869982755,0.3707963267948966,0.0037,0.4164,False,-0.06263843153214634,-0.00032992909884715986,0.049999868869982755
-0.07141661772104989,0.05000004768376165,0.3607963267948966,0.0042,0.4164,False,-0.07141661772104989,-0.00023662571198269163,0.05000004768376165
-0.07178284953910717,0.0999999761584327,0.3607963267948966,0.0042,0.4164,False,-0.07178284953910717,-0.00023552983126886242,0.0999999761584327
-0.06689213602121392,0.049999868869983644,0.3507963267948966,0.0039000000000000003,0.4164,False,-0.06689213602121392,-0.0003260499414432579,0.049999868869983644
-0.07046608499860876,0.0999997377399664,0.3407963267948966,0.0040999999999999995,0.4164,False,-0.07046608499860876,-0.0003252390987009676,0.0999997377399664
-0.07219930205336346,0.14999984502841546,0.33079632679489657,0.0042,0.4164,False,-0.07219930205336346,-0.0004167400916020039,0.14999984502841546
-0.07253685740967632,0.10000009536752241,0.33079632679489657,0.0042,0.4164,False,-0.07253685740967632,-0.0003241605705529204,0.10000009536752241
-0.10407068529695765,0.09999997615843181,0.32079632679489656,0.006,0.4164,False,-0.10407068529695765,-0.00023233136710740373,0.09999997615843181
-0.11478102253513175,0.049999868869983644,0.31079632679489655,0.0066,0.4164,False,-0.11478102253513175,-0.00023176957283517393,0.049999868869983644
-0.11476201580957444,0.0999997377399664,0.31079632679489655,0.0066,0.4164,False,-0.11476201580957444,-0.0003225753643847309,0.0999997377399664
-0.11528188791635206,0.14999984502841546,0.30079632679489654,0.0066,0.4164,False,-0.11528188791635206,-0.00032150360779321615,0.14999984502841546
-0.12452626928990575,0.15000014305128406,0.29079632679489653,0.0070999999999999995,0.4164,False,-0.12452626928990575,-0.0004101764490882191,0.15000014305128406
-0.15312219125347287,0.15000008344688087,0.2807963267948965,0.0087,0.4164,False,-0.15312219125347287,-0.0003193581453731281,0.15000008344688087
-0.1751441751002403,0.049999868869983644,0.2707963267948965,0.009899999999999999,0.4164,False,-0.1751441751002403,-0.000317972068469835,0.049999868869983644
-0.1888312912202536,0.0,0.2707963267948965,0.0106,0.4164,False,-0.1888312912202536,-0.00031579156624130824,0.0
-0.19829797245453185,0.05000010728844906,0.2607963267948965,0.0111,0.4164,False,-0.19829797245453185,-0.00022645720491619448,0.05000010728844906
-0.18899303924344388,0.1000000953675233,0.2507963267948965,0.0106,0.4164,False,-0.18899303924344388,-0.00013840765621806462,0.1000000953675233
-0.17607639348525259,0.09999997615843093,0.2407963267948965,0.009899999999999999,0.4164,False,-0.17607639348525259,-0.00022723819023313507,0.09999997615843093
-0.1913331939882146,0.04999986886998187,0.2407963267948965,0.0108,0.4164,False,-0.1913331939882146,-0.00022845077907205806,0.04999986886998187
-0.21927146113148505,0.0,0.2407963267948965,0.0123,0.4164,False,-0.21927146113148505,-0.00040443087196088945,0.0
-0.21365036949137084,0.0,0.23079632679489648,0.011899999999999999,0.4164,False,-0.21365036949137084,-0.0005778821300444538,0.0
-0.20091110879836344,0.05000004768376165,0.23079632679489648,0.0111,0.4164,False,-0.20091110879836344,-0.0006611564393949842,0.05000004768376165
-0.18779008593532026,0.05000010728844906,0.23079632679489648,0.0103,0.4164,False,-0.18779008593532026,-0.0010908277481321566,0.05000010728844906
-0.181766935418056,0.0,0.22079632679489647,0.009899999999999999,0.4164,False,-0.181766935418056,-0.0016873865899968488,0.0
-0.18663526860811955,0.04999986886998187,0.22079632679489647,0.0101,0.4164,False,-0.18663526860811955,-0.002021395236784416,0.04999986886998187
-0.1780388986604603,0.09999997615843093,0.22079632679489647,0.0095,0.4164,False,-0.1780388986604603,-0.0025029964044089056,0.09999997615843093
-0.1844702139273304,0.05000004768376165,0.21079632679489646,0.0097,0.4164,False,-0.1844702139273304,-0.0024641397503935977,0.05000004768376165
-0.1908605456953826,0.0,0.21079632679489646,0.01,0.4164,False,-0.1908605456953826,-0.002453204231199818,0.0
-0.1893146161365073,0.05000010728844906,0.20079632679489645,0.009899999999999999,0.4164,False,-0.1893146161365073,-0.002364237341328173,0.05000010728844906
-0.18779071350112506,0.0999999761584327,0.19079632679489666,0.0098,0.4164,False,-0.18779071350112506,-0.0023577018270409854,0.0999999761584327
-0.18203083913145612,0.15000008344688176,0.19079632679489666,0.0095,0.4164,False,-0.18203083913145612,-0.0022750740138583843,0.15000008344688176
-0.17841034896334512,0.15000014305128317,0.19079632679489666,0.009300000000000001,0.4164,False,-0.17841034896334512,-0.0021912603695586233,0.15000014305128317
-0.20089091753715682,0.05000010728844728,0.18079632679489666,0.0104,0.4164,False,-0.20089091753715682,-0.0019326337491861064,0.05000010728844728
-0.24402962081387514,-0.05000010728844728,0.18079632679489666,0.0125,0.4164,False,-0.24402962081387514,-0.0019118548064888381,-0.05000010728844728
-0.6575092889952872,-0.1999997138983982,0.17079632679489665,0.0335,0.4164,False,-0.6575092889952872,-0.0014158291108740373,-0.1999997138983982
-1.1012320162518814,-0.29999992847529633,0.17079632679489665,0.0562,0.41840000000000005,False,-1.1012320162518814,-0.0015780378184527958,-0.29999992847529633
-1.5488584328083952,-0.350000333786328,0.18079632679489666,0.0788,0.42340000000000005,False,-1.5488584328083952,-0.0020572303168565034,-0.350000333786328
-2.0129240114562053,-0.4499997735037109,0.20079632679489645,0.1015,0.42840000000000006,False,-2.0129240114562053,-0.0028331007906858803,-0.4499997735037109
-2.465220297785447,-0.34999955892681456,0.23079632679489648,0.1241,0.4334,False,-2.465220297785447,-0.004089520670639433,-0.34999955892681456
-2.905380211803276,-0.599998903276731,0.2507963267948965,0.1467,0.4384,False,-2.905380211803276,-0.004721513330137993,-0.599998903276731
-3.3102587692939016,-0.6999991178536282,0.32079632679489656,0.16940000000000002,0.44270000000000004,False,-3.3102587692939016,-0.007212285152742933,-0.6999991178536282
-3.6923272930580335,-0.8000007629401802,0.3907963267948966,0.19210000000000002,0.4429,False,-3.6923272930580335,-0.009115654002081516,-0.8000007629401802
-4.04143486514617,-1.0500001072912335,0.4807963267948965,0.2148,0.4429,False,-4.04143486514617,-0.011957607991799714,-1.0500001072912335
-4.387294910706131,-0.8999997854258881,0.5807963267948966,0.2345,0.4429,False,-4.387294910706131,-0.015347763648614452,-0.8999997854258881
-4.144032687833386,-0.8999997854258881,0.6907963267948966,0.2227,0.4429,False,-4.144032687833386,-0.019659378618708045,-0.8999997854258881
-3.664740327005395,-1.0500001072912344,0.7907963267948965,0.20010000000000003,0.4429,False,-3.664740327005395,-0.024358259027411414,-1.0500001072912344
-3.3173758292834217,-1.1500010967265095,0.8907963267948965,0.18530000000000002,0.4429,False,-3.3173758292834217,-0.02937262543076655,-1.1500010967265095
-3.03791604512321,-1.049999868872768,0.9807963267948966,0.174,0.4429,False,-3.03791604512321,-0.03400099197099498,-1.049999868872768
-2.599666082534538,-0.9999997615843195,1.0607963267948965,0.1528,0.4429,False,-2.599666082534538,-0.03839929335423062,-0.9999997615843195
-2.4970046797440415,-0.900000023844354,1.1407963267948966,0.15039999999999998,0.4429,False,-2.4970046797440415,-0.042676414637818134,-0.900000023844354
-2.087158507240504,-0.7999998092674563,1.2207963267948965,0.12890000000000001,0.4429,False,-2.087158507240504,-0.046428620116028725,-0.7999998092674563
-1.6800530129189928,-0.8000007629401804,1.2807963267948965,0.106,0.4429,False,-1.6800530129189928,-0.04899869834762189,-0.8000007629401804
-1.288731024281877,-0.7999998092674561,1.3507963267948966,0.0836,0.4429,False,-1.288731024281877,-0.05165475855300609,-0.7999998092674561
-0.9950763331876296,-0.799999809267456,1.4107963267948966,0.0663,0.4429,False,-0.9950763331876296,-0.0541210256910629,-0.799999809267456
-0.7687072686931554,-0.7999998092674558,1.4707963267948965,0.052300000000000006,0.4429,False,-0.7687072686931554,-0.05586910086096035,-0.7999998092674558
-0.5875957548511995,-0.8659264866285046,1.5207963267948965,0.0408,0.4429,False,-0.5875957548511995,-0.057274681941518614,-0.8659264866285046
-0.40375297040780367,-0.7659272663430935,1.5739816339744825,0.0286,0.4429,False,-0.40375297040780367,-0.05858144319151196,-0.7659272663430935
-0.22555199386336872,-0.5000001192106236,1.6239816339744824,0.0163,0.4429,False,-0.22555199386336872,-0.05961769002000998,-0.5000001192106236
-0.08061294519330837,-0.5000001192106236,1.6639816339744824,0.0059,0.4429,False,-0.08061294519330837,-0.06027065334394871,-0.5000001192106236
0.04871826948425697,-0.5499999880806102,1.7039816339744824,-0.0036,0.4429,True,0.04871826948425697,-0.06088346139262397,-0.5499999880806102
0.1414176474571584,-0.5499999880806103,1.7339816339744827,-0.0105,0.4429,True,0.1414176474571584,-0.061057695059593714,-0.5499999880806103
0.24776413685561555,-0.4500004291538511,1.763981633974483,-0.018500000000000003,0.4429,True,0.24776413685561555,-0.0611753307126984,-0.4500004291538511
0.33490121273570933,-0.39999966621526273,1.7939816339744832,-0.025099999999999997,0.4429,True,0.33490121273570933,-0.0611796300537281,-0.39999966621526273
0.4360744424129382,-0.24999934434991555,1.8239816339744825,-0.0326,0.4429,True,0.4360744424129382,-0.06078049455841311,-0.24999934434991555
0.524218610140209,-0.09999973773996462,1.843981633974483,-0.039,0.4429,True,0.524218610140209,-0.06016333546383343,-0.09999973773996462
0.6036466527667534,-0.14999984502841657,1.8539816339744828,-0.0449,0.4429,True,0.6036466527667534,-0.05987734133364834,-0.14999984502841657
0.6573637213810527,-0.10000009536752485,1.8639816339744826,-0.049,0.4429,True,0.6573637213810527,-0.05993491078966449,-0.10000009536752485
0.7073939264806356,-0.14999984502841213,1.8739816339744824,-0.0526,0.4429,True,0.7073939264806356,-0.05969612253988066,-0.14999984502841213
0.7292441314976433,-0.09999973773996418,1.8739816339744824,-0.0545,0.4429,True,0.7292441314976433,-0.0597363502814783,-0.09999973773996418
0.7529858689877676,-0.049999868869987196,1.8739816339744824,-0.056600000000000004,0.4429,True,0.7529858689877676,-0.059990131504070884,-0.049999868869987196
0.8432318049461874,-0.09999997615843403,1.8639816339744826,-0.064,0.4429,True,0.8432318049461874,-0.06083174248076591,-0.09999997615843403
0.8363737009264296,-0.05000004768376032,1.8539816339744828,-0.064,0.44310000000000005,True,0.8363737009264296,-0.061141799034071104,-0.05000004768376032
0.8148611572653088,0.04999986886998187,1.843981633974483,-0.0637,0.4474,True,0.8148611572653088,-0.06182696250464217,0.04999986886998187
0.7745527425722241,0.049999868869982755,1.8239816339744825,-0.0622,0.4524,True,0.7745527425722241,-0.06364236733251832,0.049999868869982755
0.7510304805206774,-4.440892098500626e-16,1.8139816339744828,-0.061200000000000004,0.45740000000000003,True,0.7510304805206774,-0.06521372086810986,-4.440892098500626e-16
0.7269184523072001,3.57577570100063e-05,1.803981633974483,-0.0596,0.46240000000000003,True,0.7269184523072001,-0.0653009345310026,3.57577570100063e-05
0.18533210097463176,-0.19912055119959282,1.5107963267948965,-0.0134,0.4647,True,0.18533210097463176,-0.05300894817477571,-0.19912055119959282
0.18936905486653566,-0.10000021457689523,1.5207963267948965,-0.0137,0.4597,True,0.18936905486653566,-0.05308610505257221,-0.10000021457689523
0.1820203172321938,0.0,1.5307963267948965,-0.0132,0.4547,True,0.1820203172321938,-0.053262944337296655,0.0
0.188771816026107,-0.09999973773996884,1.5307963267948965,-0.0137,0.4496,True,0.188771816026107,-0.05341321476571729,-0.09999973773996884
0.1349685865000563,-0.19999995231686407,1.5407963267948965,-0.0098,0.4446,True,0.1349685865000563,-0.053534098887407254,-0.19999995231686407
-0.16817309886688267,-0.2500002384188056,1.5507963267948965,0.012199999999999999,0.4396,False,-0.16817309886688267,-0.05358920656190874,-0.2500002384188056
-0.4847888355928157,-0.29999992847529855,1.5607963267948965,0.0352,0.43450000000000005,False,-0.4847888355928157,-0.05388383941374954,-0.29999992847529855
-0.7991642745581048,-0.35000003576374605,1.5839816339744832,0.057800000000000004,0.42950000000000005,False,-0.7991642745581048,-0.053956950294481686,-0.35000003576374605
-1.1236421342095144,-0.4499997735037107,1.6039816339744828,0.0806,0.42700000000000005,False,-1.1236421342095144,-0.05371556829878917,-0.4499997735037107
-1.4473176312077305,-0.6000000953690581,1.6439816339744828,0.1033,0.4194,False,-1.4473176312077305,-0.05374835838046658,-0.6000000953690581
-1.7849650853186874,-0.7500007152564168,1.6839816339744829,0.1259,0.4178,False,-1.7849650853186874,-0.05332798689717145,-0.7500007152564168
-2.123944576590054,-0.9499994158774032,1.7339816339744827,0.1487,0.41759999999999997,False,-2.123944576590054,-0.052950132945298246,-0.9499994158774032
-2.350657040495257,-1.0499996304543027,1.7939816339744832,0.1642,0.41759999999999997,False,-2.350657040495257,-0.052705888027346846,-1.0499996304543027
-2.1878736341818104,-0.9999997615843208,1.8539816339744828,0.1532,0.41759999999999997,False,-2.1878736341818104,-0.0525216238283885,-0.9999997615843208
-1.9645822605355399,-0.8999995470074253,1.9339816339744829,0.1371,0.41759999999999997,False,-1.9645822605355399,-0.05175049807708319,-0.8999995470074253
-1.8662155112269063,-0.8000007629401811,1.9939816339744825,0.1305,0.41759999999999997,False,-1.8662155112269063,-0.05119884207087182,-0.8000007629401811
-1.6981331385430969,-0.7999998092674572,2.0639816339744828,0.11810000000000001,0.41759999999999997,False,-1.6981331385430969,-0.0499449096325945,-0.7999998092674572
-1.5172712379988698,-0.6499994874021091,2.133981633974483,0.1054,0.41759999999999997,False,-1.5172712379988698,-0.048790960065731206,-0.6499994874021091
-1.3608174399629291,-0.54999974966214,2.1939816339744826,0.0944,0.41759999999999997,False,-1.3608174399629291,-0.04758219238958124,-0.54999974966214
-1.242288069805837,-0.54999974966214,2.263981633974483,0.0859,0.41759999999999997,False,-1.242288069805837,-0.046186072606182835,-0.54999974966214
-0.9510961021392657,-0.40000038147009054,2.3239816339744825,0.0654,0.41759999999999997,False,-0.9510961021392657,-0.04471862528844233,-0.40000038147009054
-0.7713242954464066,-0.39999966621526273,2.3739816339744824,0.0529,0.41759999999999997,False,-0.7713242954464066,-0.043419459266334864,-0.39999966621526273
-0.6578861260116017,-0.4999998807921626,2.433981633974483,0.045,0.41759999999999997,False,-0.6578861260116017,-0.04205159658805323,-0.4999998807921626
-0.5836931704682561,-0.45000001192218075,2.4939816339744825,0.0397,0.41759999999999997,False,-0.5836931704682561,-0.040427289133453406,-0.45000001192218075
-0.47936554213484395,-0.39999990463372814,2.543981633974483,0.0325,0.41759999999999997,False,-0.47936554213484395,-0.039094920851785855,-0.39999990463372814
-0.44123024247146975,-0.4500004291538504,2.593981633974483,0.0298,0.41759999999999997,False,-0.44123024247146975,-0.03762736329806593,-0.4500004291538504
-0.4105203599755186,-0.40000014305219,2.6539816339744826,0.0276,0.41759999999999997,False,-0.4105203599755186,-0.03600959570064403,-0.40000014305219
-0.32833283519773665,-0.29999992847529366,2.7039816339744824,0.022000000000000002,0.41759999999999997,False,-0.32833283519773665,-0.0345209330602925,-0.29999992847529366
-0.25087804365047056,-0.2999999284752981,2.753981633974483,0.0167,0.41759999999999997,False,-0.25087804365047056,-0.03283532627531878,-0.2999999284752981
-0.2474108308788186,-0.2999999284752981,2.803981633974483,0.0163,0.41759999999999997,False,-0.2474108308788186,-0.031088507009885195,-0.2999999284752981
-0.20239560491569072,-0.30000028610256635,2.853981633974483,0.0132,0.41759999999999997,False,-0.20239560491569072,-0.029397643639987172,-0.30000028610256635
-0.14590427894483504,-0.2500000596053127,2.893981633974483,0.009399999999999999,0.41759999999999997,False,-0.14590427894483504,-0.02785544717910134,-0.2500000596053127
-0.1288986197386123,-0.25000005960531624,2.933981633974483,0.008199999999999999,0.41759999999999997,False,-0.1288986197386123,-0.026309645896642222,-0.25000005960531624
-0.11311328461363229,-0.2500000596053109,2.963981633974483,0.0070999999999999995,0.41759999999999997,False,-0.11311328461363229,-0.02489018484738523,-0.2500000596053109
-0.09353886203770906,-0.1999999523168583,3.003981633974483,0.0058,0.41759999999999997,False,-0.09353886203770906,-0.023653760497699922,-0.1999999523168583
-0.04065312054835538,-0.2500002384188065,3.0339816339744825,0.0025,0.41759999999999997,False,-0.04065312054835538,-0.022593254775768398,-0.2500002384188065
-0.029433925064016063,-0.250000059605318,3.0639816339744828,0.0018,0.41759999999999997,False,-0.029433925064016063,-0.021599411283093825,-0.250000059605318
-0.004942417660138309,-0.2500000596053109,3.093981633974483,0.0003,0.41759999999999997,False,-0.004942417660138309,-0.020788693995052784,-0.2500000596053109
0.023182006421382954,-0.29999992847529455,3.1239816339744824,-0.0014000000000000002,0.41759999999999997,True,0.023182006421382954,-0.020031564298595587,-0.29999992847529455
0.03648377951409563,-0.1999997138983982,3.143981633974483,-0.0022,0.41759999999999997,True,0.03648377951409563,-0.019414861510958573,-0.1999997138983982
0.0729267533170188,-0.2000001907350466,3.1639816339744824,-0.0044,0.41759999999999997,True,0.0729267533170188,-0.019061147121042184,-0.2000001907350466
0.10449124690241085,-0.25000005960531624,3.1939816339744826,-0.0063,0.41759999999999997,True,0.10449124690241085,-0.018688205699737805,-0.25000005960531624
0.11161513973138644,-0.14999984502841635,3.213981633974483,-0.0067,0.41759999999999997,True,0.11161513973138644,-0.018239194041626505,-0.14999984502841635
0.1351014688756554,-0.1499998450284128,3.223981633974483,-0.008100000000000001,0.41759999999999997,True,0.1351014688756554,-0.01807156524367153,-0.1499998450284128
0.1514588663998173,-0.19999995231686363,3.2439816339744825,-0.0091,0.41759999999999997,True,0.1514588663998173,-0.01789374653135413,-0.19999995231686363
0.16478266378565645,-0.20000019073504482,3.263981633974483,-0.009899999999999999,0.41759999999999997,True,0.16478266378565645,-0.017524688691673063,-0.20000019073504482
0.16931027646324517,-0.1500000834468782,3.293981633974483,-0.0102,0.41759999999999997,True,0.16931027646324517,-0.017122858400433698,-0.1500000834468782
0.19108276765458918,-0.09999997615843448,3.3139816339744828,-0.0115,0.41759999999999997,True,0.19108276765458918,-0.016745691086523844,-0.09999997615843448
0.20592856336225426,-0.14999984502841812,3.333981633974483,-0.0123,0.41759999999999997,True,0.20592856336225426,-0.01619995354802082,-0.14999984502841812
0.20840970754048968,-0.19999995231686363,3.353981633974483,-0.0123,0.41759999999999997,True,0.20840970754048968,-0.015661437435593374,-0.19999995231686363
0.21972743862320676,-0.20000019073504482,3.383981633974483,-0.0128,0.41759999999999997,True,0.21972743862320676,-0.015094330868087247,-0.20000019073504482
0.2372245463472042,-0.1999999523168654,3.4039816339744826,-0.0138,0.41759999999999997,True,0.2372245463472042,-0.014634975035027795,-0.1999999523168654
0.25222914708637295,-0.14999984502841635,3.4139816339744824,-0.0147,0.41759999999999997,True,0.25222914708637295,-0.014461351082365402,-0.14999984502841635
0.2695542805199646,-0.14999984502841102,3.433981633974483,-0.015700000000000002,0.41759999999999997,True,0.2695542805199646,-0.014168863977466225,-0.14999984502841102
0.28541616832076905,-0.14999984502841635,3.4539816339744824,-0.0166,0.41759999999999997,True,0.28541616832076905,-0.014019399986934362,-0.14999984502841635
0.2985673771648231,-0.15000014305128673,3.463981633974483,-0.0173,0.41759999999999997,True,0.2985673771648231,-0.013923283157776231,-0.15000014305128673
0.315142559908525,-0.10000021457689634,3.4839816339744827,-0.0181,0.41759999999999997,True,0.315142559908525,-0.013754423500485656,-0.10000021457689634
0.3361792846488614,-0.05000010728844728,3.4939816339744825,-0.0191,0.41759999999999997,True,0.3361792846488614,-0.013399447612737377,-0.05000010728844728
0.332489280217408,-0.14999984502841812,3.513981633974483,-0.018799999999999997,0.41759999999999997,True,0.332489280217408,-0.013363482289520659,-0.14999984502841812
0.3551678416085045,-0.14999984502841635,3.5339816339744825,-0.0199,0.41759999999999997,True,0.3551678416085045,-0.01327225496607592,-0.14999984502841635
0.3582070782378405,-0.10000009536751975,3.543981633974483,-0.0199,0.41759999999999997,True,0.3582070782378405,-0.013190266460656411,-0.10000009536751975
0.3694565851481654,-0.14999984502841635,3.553981633974483,-0.0203,0.41759999999999997,True,0.3694565851481654,-0.013148989010375223,-0.14999984502841635
0.3728440710735992,-0.14999984502841635,3.5639816339744828,-0.0203,0.41759999999999997,True,0.3728440710735992,-0.013202745293474628,-0.14999984502841635
0.3937919554956213,-0.09999997615842915,3.5739816339744825,-0.0213,0.41759999999999997,True,0.3937919554956213,-0.013288182613429072,-0.09999997615842915
0.42121081024710477,-0.0999999761584327,3.593981633974483,-0.0227,0.41759999999999997,True,0.42121081024710477,-0.013484557003683437,-0.0999999761584327
0.430515948988578,-0.05000004768376343,3.593981633974483,-0.0231,0.41759999999999997,True,0.430515948988578,-0.01359492880564757,-0.05000004768376343
0.4335232999267628,-0.04999986886998187,3.603981633974483,-0.0231,0.41759999999999997,True,0.4335232999267628,-0.013595454425416485,-0.04999986886998187
0.43566859386178686,-0.09999997615843093,3.6139816339744826,-0.0231,0.41759999999999997,True,0.43566859386178686,-0.01369725994778066,-0.09999997615843093
0.4368216763965948,-0.05000010728844906,3.6239816339744824,-0.0231,0.41759999999999997,True,0.4368216763965948,-0.013834003149583352,-0.05000010728844906
0.45553975275048125,0.0,3.633981633974483,-0.0239,0.41759999999999997,True,0.45553975275048125,-0.013692450287293637,0.0
0.461421877852349,0.0,3.643981633974483,-0.024,0.41759999999999997,True,0.461421877852349,-0.013398912185463963,0.0
0.46332112196198777,-0.049999868869983644,3.6639816339744824,-0.024,0.41759999999999997,True,0.46332112196198777,-0.013304660684110129,-0.049999868869983644
0.4487580302417649,-0.0999999761584327,3.673981633974483,-0.0231,0.41759999999999997,True,0.4487580302417649,-0.013331094744469682,-0.0999999761584327
0.4442901506898918,-0.05000010728844906,3.683981633974483,-0.0226,0.41759999999999997,True,0.4442901506898918,-0.013350635189818522,-0.05000010728844906
0.457734357926187,-0.05000010728844728,3.683981633974483,-0.0231,0.41759999999999997,True,0.457734357926187,-0.013631219408615378,-0.05000010728844728
0.4726848135971957,-0.1000000953675233,3.6939816339744826,-0.023700000000000002,0.41759999999999997,True,0.4726848135971957,-0.013996480161274796,-0.1000000953675233
0.4812781340033231,-0.050000107288450835,3.6939816339744826,-0.0239,0.41759999999999997,True,0.4812781340033231,-0.014387970331728003,-0.050000107288450835
0.26834762344601704,-0.10000021457689634,3.6939816339744826,-0.0132,0.41759999999999997,True,0.26834762344601704,-0.014703924898808996,-0.10000021457689634
-0.19824373312470758,-0.2499998211868455,3.7039816339744824,0.0097,0.41759999999999997,False,-0.19824373312470758,-0.014268444590804296,-0.2499998211868455
-0.664577255273273,-0.29999992847529633,3.713981633974483,0.0323,0.41759999999999997,False,-0.664577255273273,-0.013752207861520146,-0.29999992847529633
-1.1363803493836553,-0.3000002861025681,3.7439816339744825,0.0548,0.41759999999999997,False,-1.1363803493836553,-0.013018539095239605,-0.3000002861025681
-1.6155922915112195,-0.3999996662152636,3.7839816339744825,0.0774,0.41759999999999997,False,-1.6155922915112195,-0.01196227095794491,-0.3999996662152636
-2.0811866504256114,-0.6000000953690581,3.833981633974483,0.1,0.41759999999999997,False,-2.0811866504256114,-0.010320130517089954,-0.6000000953690581
-2.551085088455207,-0.6999998331090218,3.9039816339744826,0.12240000000000001,0.41759999999999997,False,-2.551085088455207,-0.008045214199532623,-0.6999998331090218
-3.0241086224952,-0.8000000476859217,3.9839816339744827,0.1448,0.41759999999999997,False,-3.0241086224952,-0.005589995601242552,-0.8000000476859217
-3.5030336950139356,-0.9000008583077044,4.073981633974483,0.1675,0.41759999999999997,False,-3.5030336950139356,-0.0021794496971322733,-0.9000008583077044
-4.0023044170337245,-0.9499996542958709,4.183981633974483,0.19,0.41759999999999997,False,-4.0023044170337245,0.002181432223698475,-0.9499996542958709
-4.068013801418139,-0.9499996542958709,4.313981633974483,0.19269999999999998,0.41759999999999997,False,-4.068013801418139,0.007648867469596271,-0.9499996542958709
-3.9918888927548233,-0.8999997854258872,4.443981633974483,0.1895,0.41759999999999997,False,-3.9918888927548233,0.014135942578047324,-0.8999997854258872
-3.90942532544747,-0.8999997854258872,4.553981633974483,0.1865,0.41759999999999997,False,-3.90942532544747,0.02061667481481915,-0.8999997854258872
-3.7614993521395648,-0.9000008583077026,4.683981633974483,0.1814,0.41759999999999997,False,-3.7614993521395648,0.028087618772515362,-0.9000008583077026
-3.69574993640304,-0.8499999165559053,4.803981633974483,0.17859999999999998,0.41759999999999997,False,-3.69574993640304,0.0340993704533415,-0.8499999165559053
-3.6161238488979746,-0.8499999165559089,4.903981633974483,0.17489999999999997,0.41759999999999997,False,-3.6161238488979746,0.03818879290605296,-0.8499999165559089
-3.534439560548188,-0.8000000476859199,5.013981633974483,0.17149999999999999,0.41759999999999997,False,-3.534439560548188,0.0412469630835886,-0.8000000476859199
-3.5162233158563234,-0.6499997258205781,5.113981633974483,0.1703,0.41759999999999997,False,-3.5162233158563234,0.04238424004491634,-0.6499997258205781
-3.4300012911194475,-0.700000667572656,5.213981633974482,0.1655,0.41759999999999997,False,-3.4300012911194475,0.04236495734583566,-0.700000667572656
-3.406087617853144,-0.7000000715274872,5.323981633974483,0.1637,0.41759999999999997,False,-3.406087617853144,0.04157519060931229,-0.7000000715274872
-3.3533552182418243,-0.5999998569505962,5.413981633974483,0.1604,0.41759999999999997,False,-3.3533552182418243,0.04037491942090177,-0.5999998569505962
-3.3081354557117075,-0.6499997258205745,5.513981633974483,0.1576,0.41759999999999997,False,-3.3081354557117075,0.03903808964038469,-0.6499997258205745
-3.274489631985198,-0.6999998331090289,5.613981633974483,0.1553,0.41759999999999997,False,-3.274489631985198,0.03748793327630474,-0.6999998331090289
-3.205326000240656,-0.6500006198888961,5.693981633974483,0.1522,0.41759999999999997,False,-3.205326000240656,0.036292311695705216,-0.6500006198888961
-3.161394463622159,-0.6999995946905528,5.773981633974483,0.15039999999999998,0.41759999999999997,False,-3.161394463622159,0.03514443085357962,-0.6999995946905528
-3.0864410347584106,-0.6999995946905635,5.853981633974483,0.147,0.41759999999999997,False,-3.0864410347584106,0.03395090500222382,-0.6999995946905635
-2.9887623114096287,-0.5499999880806072,5.923981633974483,0.1423,0.41759999999999997,False,-2.9887623114096287,0.03266306576625476,-0.5499999880806072
-2.860887057014941,-0.6000000953690581,5.9939816339744825,0.1365,0.41759999999999997,False,-2.860887057014941,0.031440998861395925,-0.6000000953690581
-2.7669172553210784,-0.5500005245213764,6.053981633974483,0.1325,0.41759999999999997,False,-2.7669172553210784,0.030160116190666404,-0.5500005245213764
-2.6622673253593887,-0.3999999046337237,6.113981633974483,0.1275,0.41759999999999997,False,-2.6622673253593887,0.02908572922388862,-0.3999999046337237
-2.5830154051419942,-0.4500000119221781,6.173981633974483,0.1235,0.41759999999999997,False,-2.5830154051419942,0.027691216677329503,-0.4500000119221781
-2.4681821240405166,-0.49999988079215996,6.223981633974483,0.11800000000000001,0.41759999999999997,False,-2.4681821240405166,0.026497661677060583,-0.49999988079215996
-2.394830575816444,-0.4499997735037127,0.0007963267948964958,0.1151,0.41759999999999997,False,-2.394830575816444,0.025459933784412747,-0.4499997735037127
-2.2960325482067274,-0.4500004291538531,0.05079632679489654,0.1112,0.41759999999999997,False,-2.2960325482067274,0.024467617954532766,-0.4500004291538531
-2.1382480701718936,-0.45000001192217454,0.1107963267948966,0.1042,0.41759999999999997,False,-2.1382480701718936,0.023333932118284915,-0.45000001192217454
-2.096922192299188,-0.39999990463372725,0.16079632679489664,0.1026,0.41759999999999997,False,-2.096922192299188,0.02231680865282818,-0.39999990463372725
-1.9497856735584185,-0.4499997735037091,0.20079632679489645,0.0964,0.41759999999999997,False,-1.9497856735584185,0.021387695698040724,-0.4499997735037091
-1.8727348840271998,-0.4499997735037127,0.2607963267948965,0.09359999999999999,0.41759999999999997,False,-1.8727348840271998,0.020216706930887948,-0.4499997735037127
-1.799205513759601,-0.3500003337863298,0.31079632679489655,0.0901,0.41759999999999997,False,-1.799205513759601,0.01906681740312402,-0.3500003337863298
-1.7281856153219495,-0.3499997973452764,0.3607963267948966,0.0864,0.41759999999999997,False,-1.7281856153219495,0.01764721433624053,-0.3499997973452764
-1.596090390414963,-0.3999999046337308,0.3907963267948966,0.0803,0.41759999999999997,False,-1.596090390414963,0.016593842245612552,-0.3999999046337308
-1.4886858543056796,-0.39999990463372725,0.43079632679489666,0.0759,0.41759999999999997,False,-1.4886858543056796,0.015413021094702004,-0.39999990463372725
-1.3638287271064893,-0.3999999046337308,0.47079632679489647,0.0702,0.41759999999999997,False,-1.3638287271064893,0.01444545655107262,-0.3999999046337308
-1.273798425816257,-0.4000003814700861,0.5007963267948965,0.066,0.41759999999999997,False,-1.273798425816257,0.013087045769939564,-0.4000003814700861
-1.2010570332023525,-0.3500000357637383,0.5307963267948965,0.0629,0.41759999999999997,False,-1.2010570332023525,0.01189976675342138,-0.3500000357637383
-1.0481574969052063,-0.2999999284752981,0.5607963267948965,0.0556,0.41759999999999997,False,-1.0481574969052063,0.010551675983048847,-0.2999999284752981
-0.9900765019752693,-0.25000005960530913,0.5807963267948966,0.0528,0.41759999999999997,False,-0.9900765019752693,0.009406298829579801,-0.25000005960530913
-0.9297236480806257,-0.1999999523168654,0.6007963267948966,0.0501,0.41759999999999997,False,-0.9297236480806257,0.00804662203281379,-0.1999999523168654
-0.8157041716995312,-0.10000009536752685,0.6207963267948966,0.0444,0.41759999999999997,False,-0.8157041716995312,0.006562948832959082,-0.10000009536752685
-0.7148763485487031,0.0,0.6407963267948965,0.0394,0.41759999999999997,False,-0.7148763485487031,0.005393157043052296,0.0
-0.6615197491594799,-0.15000032186534895,0.6707963267948965,0.0369,0.41759999999999997,False,-0.6615197491594799,0.004270097425180194,-0.15000032186534895
-0.6134243281204355,-0.20000019073532727,0.6807963267948965,0.0347,0.41759999999999997,False,-0.6134243281204355,0.0032080666191037477,-0.20000019073532727
-0.5923716250705794,-0.15000008344687998,0.6907963267948966,0.0342,0.41759999999999997,False,-0.5923716250705794,0.0025718257375234813,-0.15000008344687998
-0.5173153930929073,-0.2000001907350466,0.7007963267948966,0.030299999999999997,0.41759999999999997,False,-0.5173153930929073,0.0015456535513317768,-0.2000001907350466
-0.44839967603760295,-0.15000008344687998,0.7007963267948966,0.0264,0.41759999999999997,False,-0.44839967603760295,0.0011077910423529893,-0.15000008344687998
-0.4253674735678395,-0.04999986886998187,0.7107963267948966,0.0252,0.41759999999999997,False,-0.4253674735678395,0.00039772309813673284,-0.04999986886998187
-0.3577688684860372,0.0,0.7107963267948966,0.0213,0.41759999999999997,False,-0.3577688684860372,-0.0005921257866206772,0.0
-0.3304188244092259,0.0,0.7207963267948966,0.019799999999999998,0.41759999999999997,False,-0.3304188244092259,-0.0015028636766095445,0.0
-0.31473948564786985,0.0,0.7307963267948966,0.019,0.41759999999999997,False,-0.31473948564786985,-0.002242509845279209,0.0
-0.298324108611628,-0.04999986886998542,0.7307963267948966,0.0182,0.41759999999999997,False,-0.298324108611628,-0.0031833681997881233,-0.04999986886998542
-0.2707118482310652,2.3841846541472478e-07,0.7307963267948966,0.0166,0.41759999999999997,False,-0.2707118482310652,-0.0039354157390999655,2.3841846541472478e-07
-0.25464901993924755,0.05000010728845439,0.7407963267948966,0.015700000000000002,0.41759999999999997,False,-0.25464901993924755,-0.0045954684561216805,0.05000010728845439
-0.23294695006444718,0.0,0.7407963267948966,0.014499999999999999,0.41759999999999997,False,-0.23294695006444718,-0.005189076199357445,0.0
-0.21568323834023798,0.050000047683759874,0.7407963267948966,0.013600000000000001,0.41759999999999997,False,-0.21568323834023798,-0.005907427276408919,0.050000047683759874
-0.20311304035469968,0.05000010728844728,0.7407963267948966,0.0129,0.41759999999999997,False,-0.20311304035469968,-0.006414553792849027,0.05000010728844728
-0.1934362770028757,0.05000010728844728,0.7407963267948966,0.0124,0.41759999999999997,False,-0.1934362770028757,-0.006854032672655657,0.05000010728844728
-0.20206511256331386,0.05000010728844728,0.7407963267948966,0.013000000000000001,0.41759999999999997,False,-0.20206511256331386,-0.007260489252549607,0.05000010728844728
-0.19876349920337036,0.050000107288450835,0.7307963267948966,0.0128,0.41759999999999997,False,-0.19876349920337036,-0.007639815442027976,0.050000107288450835
-0.18065571114898885,0.05000004768376698,0.7307963267948966,0.011699999999999999,0.41759999999999997,False,-0.18065571114898885,-0.007958656789326184,0.05000004768376698
-0.17095814088756442,3.552713678800501e-15,0.7307963267948966,0.0111,0.41759999999999997,False,-0.17095814088756442,-0.008355682188671347,3.552713678800501e-15
-0.17058202486554266,0.05000010728844373,0.7207963267948966,0.0111,0.41759999999999997,False,-0.17058202486554266,-0.008558149457727272,0.05000010728844373
-0.1683903830843158,0.050000107288450835,0.7207963267948966,0.011000000000000001,0.41759999999999997,False,-0.1683903830843158,-0.008771118610964171,0.050000107288450835
-0.15685103570195294,-0.050000107288450835,0.7107963267948966,0.0103,0.41759999999999997,False,-0.15685103570195294,-0.00919730839355001,-0.050000107288450835
-0.1506068584851225,0.0,0.7107963267948966,0.009899999999999999,0.41759999999999997,False,-0.1506068584851225,-0.009299615022795566,0.0
-0.15090116374507948,0.0999999761584327,0.7007963267948966,0.009899999999999999,0.41759999999999997,False,-0.15090116374507948,-0.009461401647020758,0.0999999761584327
-0.13541475905990244,0.0999999761584256,0.6907963267948966,0.0089,0.41759999999999997,False,-0.13541475905990244,-0.009756136348487772,0.0999999761584256
-0.12618743393736398,0.050000107288450835,0.6907963267948966,0.0083,0.41759999999999997,False,-0.12618743393736398,-0.010046110223408225,0.050000107288450835
-0.12583897079420867,0.05000010728844728,0.6807963267948965,0.0083,0.41759999999999997,False,-0.12583897079420867,-0.010258615022968386,0.05000010728844728
-0.1271091975232587,0.1000000953675233,0.6807963267948965,0.0084,0.41759999999999997,False,-0.1271091975232587,-0.010375282434319056,0.1000000953675233
-0.13042223465448663,0.050000107288450835,0.6707963267948965,0.0086,0.41759999999999997,False,-0.13042223465448663,-0.010542791285535105,0.050000107288450835
-0.13677115895542363,-0.050000107288450835,0.6707963267948965,0.009000000000000001,0.41759999999999997,False,-0.13677115895542363,-0.010611848594965745,-0.050000107288450835
-0.12329500011717932,-0.0999999761584327,0.6607963267948965,0.008100000000000001,0.41759999999999997,False,-0.12329500011717932,-0.01068807014601379,-0.0999999761584327
-0.10808509231565913,-0.04999986886998542,0.6607963267948965,0.0070999999999999995,0.41759999999999997,False,-0.10808509231565913,-0.010677463004494708,-0.04999986886998542
-0.08196967371528974,0.050000047683759874,0.6407963267948965,0.0054,0.41759999999999997,False,-0.08196967371528974,-0.010604583990524276,0.050000047683759874
-0.06525565111556789,0.14999984502841812,0.6407963267948965,0.0043,0.41759999999999997,False,-0.06525565111556789,-0.010721063792780802,0.14999984502841812
-0.056661459878733236,0.1999999523168654,0.6307963267948966,0.0037,0.41759999999999997,False,-0.056661459878733236,-0.010719267267979744,0.1999999523168654
-0.07375185960617889,0.15000008344688354,0.6307963267948966,0.0048,0.41759999999999997,False,-0.07375185960617889,-0.010752414355537705,0.15000008344688354
-0.08880773517054179,0.09999997615842915,0.6307963267948966,0.0058,0.41759999999999997,False,-0.08880773517054179,-0.01078945121223396,0.09999997615842915
-0.09924415569829848,0.10000009536751975,0.6207963267948966,0.006500000000000001,0.41759999999999997,False,-0.09924415569829848,-0.01073691053501006,0.10000009536751975
-0.09626733649647926,0.05000010728844728,0.6007963267948966,0.0063,0.41759999999999997,False,-0.09626733649647926,-0.010524180591805226,0.05000010728844728
-0.09913198910659093,0.05000010728844728,0.5907963267948966,0.006500000000000001,0.41759999999999997,False,-0.09913198910659093,-0.01025174155414901,0.05000010728844728
-0.11442932174574891,0.14999984502841812,0.5907963267948966,0.0075,0.41759999999999997,False,-0.11442932174574891,-0.010166935206279435,0.14999984502841812
-0.1196466719676798,0.25000005960531624,0.5807963267948966,0.0078000000000000005,0.41759999999999997,False,-0.1196466719676798,-0.01011282749306213,0.25000005960531624
-0.12400198553349133,0.1000000953675233,0.5707963267948966,0.008100000000000001,0.41759999999999997,False,-0.12400198553349133,-0.010131420993111187,0.1000000953675233
-0.12875832240246782,-0.05000010728844728,0.5707963267948966,0.0084,0.41759999999999997,False,-0.12875832240246782,-0.00993041901990848,-0.05000010728844728
-0.14231125099782077,0.10000021457689456,0.5607963267948965,0.009300000000000001,0.41759999999999997,False,-0.14231125099782077,-0.009657225405767007,0.10000021457689456
-0.1392630896673863,0.24999982118684372,0.5507963267948965,0.0091,0.41759999999999997,False,-0.1392630896673863,-0.009556570909999108,0.24999982118684372
-0.13153765253788016,0.1999997138984,0.5407963267948965,0.0086,0.41759999999999997,False,-0.13153765253788016,-0.009832165824993848,0.1999997138984
-0.14666715701458816,0.0,0.5407963267948965,0.0096,0.41759999999999997,False,-0.14666715701458816,-0.009735729132639252,0.0
-0.1692032409896219,-2.3841846541472478e-07,0.5307963267948965,0.0111,0.41759999999999997,False,-0.1692032409896219,-0.009663791328071474,-2.3841846541472478e-07
-0.16860210708278325,0.0999999761584327,0.5207963267948965,0.0111,0.41759999999999997,False,-0.16860210708278325,-0.009613358379266029,0.0999999761584327
-0.16218500899216248,0.09999997615842915,0.5107963267948965,0.010700000000000001,0.41759999999999997,False,-0.16218500899216248,-0.009540101407769643,0.09999997615842915
-0.1682749219193646,0.0999999761584327,0.5107963267948965,0.0111,0.41759999999999997,False,-0.1682749219193646,-0.009630750177954579,0.0999999761584327
-0.157514067610801,0.10000009536752685,0.5007963267948965,0.0104,0.41759999999999997,False,-0.157514067610801,-0.009642732849038715,0.10000009536752685
-0.1650954722928008,0.0999999761584327,0.4907963267948965,0.0109,0.41759999999999997,False,-0.1650954722928008,-0.009646895092761005,0.0999999761584327
-0.18215834783286303,0.0999999761584256,0.47079632679489647,0.012,0.41759999999999997,False,-0.18215834783286303,-0.009625697168001763,0.0999999761584256
-0.17009173946873551,0.0999999761584327,0.47079632679489647,0.011200000000000002,0.41759999999999997,False,-0.17009173946873551,-0.009706079584072023,0.0999999761584327
-0.1909649519926681,0.0999999761584327,0.46079632679489646,0.0126,0.41759999999999997,False,-0.1909649519926681,-0.009911954005288624,0.0999999761584327
-0.19833578898131216,0.15000014305128673,0.45079632679489645,0.0131,0.41759999999999997,False,-0.19833578898131216,-0.010022907763295933,0.15000014305128673
-0.20094861155226612,0.10000021457689812,0.45079632679489645,0.013300000000000001,0.41759999999999997,False,-0.20094861155226612,-0.010329756242568424,0.10000021457689812
-0.20757491261509428,-3.552713678800501e-15,0.44079632679489666,0.0138,0.41759999999999997,False,-0.20757491261509428,-0.010567130154326138,-3.552713678800501e-15
-0.20960850747053272,0.09999973773997084,0.43079632679489666,0.013999999999999999,0.41759999999999997,False,-0.20960850747053272,-0.010617160104298114,0.09999973773997084
-0.20831531242404577,0.19999995231686185,0.43079632679489666,0.013999999999999999,0.41759999999999997,False,-0.20831531242404577,-0.01078997882826611,0.19999995231686185
-0.05326995253598231,0.15000014305127962,0.42079632679489665,0.0036,0.41759999999999997,False,-0.05326995253598231,-0.011348561493433287,0.15000014305127962
0.2894340448420118,0.14999984502841812,0.41079632679489664,-0.0196,0.41759999999999997,True,0.2894340448420118,-0.011573261203799631,0.14999984502841812
0.6249894338309034,0.3000001668937635,0.3907963267948966,-0.0424,0.41759999999999997,True,0.6249894338309034,-0.011529833647162101,0.3000001668937635
0.9609223540505106,0.3000001668937635,0.3707963267948966,-0.0652,0.41759999999999997,True,0.9609223540505106,-0.011269798162344347,0.3000001668937635
1.2960580319966855,0.2500000596053127,0.3407963267948966,-0.0877,0.41759999999999997,True,1.2960580319966855,-0.010382636762918633,0.2500000596053127
1.6388657024842501,0.500000476837613,0.30079632679489654,-0.1103,0.41759999999999997,True,1.6388657024842501,-0.009267400690661952,0.500000476837613
1.9839818560844762,0.5500002264990762,0.2507963267948965,-0.133,0.41759999999999997,True,1.9839818560844762,-0.007768698801931454,0.5500002264990762
2.322403287628169,0.5000001192106218,0.18079632679489666,-0.1557,0.41759999999999997,True,2.322403287628169,-0.0059005081763625206,0.5000001192106218
2.673285320505941,0.899999070170491,0.1107963267948966,-0.1783,0.41759999999999997,True,2.673285320505941,-0.0038874262302188638,0.899999070170491
2.9423608163170716,0.8499989628820401,0.04079632679489653,-0.19519999999999998,0.41759999999999997,True,2.9423608163170716,-0.0017705903598560788,0.8499989628820401
2.9482313987346385,0.6000005722051363,6.233981633974483,-0.1949,0.41759999999999997,True,2.9482313987346385,0.0007494458679492007,0.6000005722051363
2.948110065592078,0.9499991774589454,6.143981633974483,-0.1949,0.41759999999999997,True,2.948110065592078,0.0032830850775014044,0.9499991774589454
2.960548338568204,0.8999990701704874,6.053981633974483,-0.1949,0.41759999999999997,True,2.960548338568204,0.005814053311751126,0.8999990701704874
2.9801549306633897,0.7499994635605454,5.953981633974482,-0.1949,0.41759999999999997,True,2.9801549306633897,0.0085125089027784,0.7499994635605454
3.0110245433901226,1.0000000000027818,5.863981633974483,-0.1949,0.41759999999999997,True,3.0110245433901226,0.010946255451199429,1.0000000000027818
3.0521984482915556,1.0000009536752223,5.773981633974483,-0.1949,0.41759999999999997,True,3.0521984482915556,0.013284013506528608,1.0000009536752223
3.101710960041842,0.8499999165559053,5.663981633974483,-0.1949,0.41759999999999997,True,3.101710960041842,0.01588427962026645,0.8499999165559053
3.162656297116993,0.8499999165559053,5.563981633974483,-0.1949,0.41759999999999997,True,3.162656297116993,0.018406263167766657,0.8499999165559053
3.2243734006944873,0.999999523165858,5.463981633974482,-0.1949,0.41759999999999997,True,3.2243734006944873,0.020962819263595882,0.999999523165858
3.2778977920139347,0.749998986723611,5.353981633974483,-0.1949,0.41759999999999997,True,3.2778977920139347,0.024591259880738587,0.749998986723611
3.3381728196042793,0.7000006675726596,5.223981633974483,-0.1949,0.41759999999999997,True,3.3381728196042793,0.028907437124888358,0.7000006675726596
3.42000167930062,0.9000000238443526,5.123981633974482,-0.1949,0.41759999999999997,True,3.42000167930062,0.03306846797996677,0.9000000238443526
3.5282699099954153,0.7499997019790072,5.003981633974483,-0.1949,0.41759999999999997,True,3.5282699099954153,0.038439059075643295,0.7499997019790072
3.636540070699495,0.8499994397189763,4.873981633974482,-0.1949,0.41759999999999997,True,3.636540070699495,0.0442604801639677,0.8499994397189763
3.7423290973150767,0.9499996542958709,4.763981633974483,-0.1949,0.41759999999999997,True,3.7423290973150767,0.04711415818872138,0.9499996542958709
3.823024527640672,0.8000007629401793,4.643981633974483,-0.19469999999999998,0.41759999999999997,True,3.823024527640672,0.04486588932930312,0.8000007629401793
3.831733094419308,0.8499994397189727,4.523981633974483,-0.1902,0.41759999999999997,True,3.831733094419308,0.03798303107473399,0.8499994397189727
3.830437428072382,0.8999995470074236,4.423981633974483,-0.1859,0.41759999999999997,True,3.830437428072382,0.030141982589166418,0.8999995470074236
3.8402359851564922,0.7999998092674563,4.313981633974483,-0.1839,0.41759999999999997,True,3.8402359851564922,0.02301217901951727,0.7999998092674563
3.8196969346897744,0.8499999165559036,4.203981633974482,-0.1814,0.41759999999999997,True,3.8196969346897744,0.01732755798240841,0.8499999165559036
3.771921960769506,0.9000008583077026,4.103981633974483,-0.1772,0.41759999999999997,True,3.771921960769506,0.01328913219939008,0.9000008583077026
3.7429251742394873,0.8000000476859217,4.003981633974483,-0.1747,0.41759999999999997,True,3.7429251742394873,0.009466573069876852,0.8000000476859217
3.6344473494985983,0.8000000476859217,3.9039816339744826,-0.16899999999999998,0.41759999999999997,True,3.6344473494985983,0.006083136915758366,0.8000000476859217
3.528864792712181,0.8499999165559036,3.8139816339744828,-0.1638,0.41759999999999997,True,3.528864792712181,0.0035007949667440956,0.8499999165559036
3.493988760760728,0.7499997019790072,3.723981633974483,-0.1624,0.41759999999999997,True,3.493988760760728,0.001513457321650999,0.7499997019790072
3.3397859742106917,0.6000005722051345,3.633981633974483,-0.1557,0.41759999999999997,True,3.3397859742106917,-0.00010567611167167238,0.6000005722051345
3.1799303415840434,0.5999996185321272,3.5639816339744828,-0.1484,0.41759999999999997,True,3.1799303415840434,-0.0016559097153206442,0.5999996185321272
3.0899359753018625,0.6499997258205763,3.4839816339744827,-0.1441,0.41759999999999997,True,3.0899359753018625,-0.003564364478574904,0.6499997258205763
2.999422367700126,0.5499999880806108,3.4139816339744824,-0.1404,0.41759999999999997,True,2.999422367700126,-0.005118335957418036,0.5499999880806108
2.8563769360979228,0.6500002026575089,3.343981633974483,-0.13419999999999999,0.41759999999999997,True,2.8563769360979228,-0.0065353121810908035,0.6500002026575089
2.76936190292848,0.700000667572656,3.293981633974483,-0.12990000000000002,0.41759999999999997,True,2.76936190292848,-0.007704269556441096,0.700000667572656
2.6739627628480243,0.5499999880806055,3.223981633974483,-0.1252,0.41759999999999997,True,2.6739627628480243,-0.009064980102680347,0.5499999880806055
2.5805055026228367,0.5499999880806108,3.173981633974483,-0.1213,0.41759999999999997,True,2.5805055026228367,-0.010083091080784739,0.5499999880806108
2.4338766879909324,0.5499999880806108,3.1239816339744824,-0.1158,0.41759999999999997,True,2.4338766879909324,-0.010901030054960051,0.5499999880806108
2.249825689764635,0.44999977350371,3.0739816339744825,-0.1084,0.41759999999999997,True,2.249825689764635,-0.012402287979503832,0.44999977350371
2.0991038373681588,0.30000028610256635,3.0239816339744827,-0.1026,0.41759999999999997,True,2.0991038373681588,-0.01336811049146088,0.30000028610256635
1.9815743367542225,0.24999982118684638,2.9839816339744827,-0.0983,0.41759999999999997,True,1.9815743367542225,-0.01413014441471927,0.24999982118684638
1.8960462669273774,0.24999982118684727,2.933981633974483,-0.096,0.41759999999999997,True,1.8960462669273774,-0.015473801528694745,0.24999982118684727
1.8075522252765266,0.29999969005682825,2.893981633974483,-0.09269999999999999,0.41759999999999997,True,1.8075522252765266,-0.016929460515690088,0.29999969005682825
1.7471545046873347,0.2999996900568336,2.853981633974483,-0.09,0.41759999999999997,True,1.7471545046873347,-0.01800470248233746,0.2999996900568336
1.66440840613564,0.25000023841881003,2.8139816339744828,-0.0868,0.41759999999999997,True,1.66440840613564,-0.019492495041564088,0.25000023841881003
1.5778585537060617,0.34999979734528086,2.7739816339744827,-0.0834,0.41759999999999997,True,1.5778585537060617,-0.020958839188384083,0.34999979734528086
1.5013446165261273,0.3499997973452764,2.7439816339744825,-0.0802,0.41759999999999997,True,1.5013446165261273,-0.022095316652433094,0.3499997973452764
1.421164803237014,0.29999992847529366,2.713981633974483,-0.0762,0.41759999999999997,True,1.421164803237014,-0.023421012133680946,0.29999992847529366
1.3235671090017902,0.3500000357637463,2.683981633974483,-0.0719,0.41759999999999997,True,1.3235671090017902,-0.024941887407636434,0.3500000357637463
1.2317036497705962,0.30000028610256635,2.673981633974483,-0.0681,0.41759999999999997,True,1.2317036497705962,-0.02557794359223802,0.30000028610256635
1.1345115602921405,0.15000008344688176,2.6639816339744824,-0.0636,0.41759999999999997,True,1.1345115602921405,-0.026509425221756113,0.15000008344688176
1.0807176025219036,-2.3841846452654636e-07,2.643981633974483,-0.0613,0.41759999999999997,True,1.0807176025219036,-0.027569941896282132,-2.3841846452654636e-07
1.0044579061177707,-0.05000010728845261,2.6239816339744824,-0.057800000000000004,0.41759999999999997,True,1.0044579061177707,-0.028758741087932527,-0.05000010728845261
0.9756325856985901,-0.05000010728844728,2.603981633974483,-0.0572,0.41759999999999997,True,0.9756325856985901,-0.03015561781848865,-0.05000010728844728
0.968625299539074,-0.05000004768376076,2.583981633974483,-0.0579,0.41759999999999997,True,0.968625299539074,-0.03148117279356431,-0.05000004768376076
0.9409761107373732,0.09999973773996906,2.5739816339744825,-0.0572,0.41759999999999997,True,0.9409761107373732,-0.03273564244606334,0.09999973773996906
0.9392076901083852,0.19999995231686452,2.5639816339744828,-0.057800000000000004,0.41759999999999997,True,0.9392076901083852,-0.03364036121740037,0.19999995231686452
0.899342866940085,0.19999995231686363,2.543981633974483,-0.055999999999999994,0.41759999999999997,True,0.899342866940085,-0.03505011165972849,0.19999995231686363
0.8584902101608471,0.19999995231686363,2.5339816339744825,-0.0541,0.41759999999999997,True,0.8584902101608471,-0.036178444134806996,0.19999995231686363
0.8092129751152728,0.1500001430512805,2.5339816339744825,-0.051500000000000004,0.41759999999999997,True,0.8092129751152728,-0.036605710115745684,0.1500001430512805
0.7638309675891035,0.09999997615843448,2.5339816339744825,-0.048499999999999995,0.41759999999999997,True,0.7638309675891035,-0.037378695202370096,0.09999997615843448
0.7469119797385702,0.09999997615843448,2.5239816339744827,-0.0475,0.41759999999999997,True,0.7469119797385702,-0.03864477667183441,0.09999997615843448
0.7012423261138485,0.05000010728844728,2.5239816339744827,-0.0449,0.41759999999999997,True,0.7012423261138485,-0.0388432128792829,0.05000010728844728
0.6734265117873631,0.05000010728844817,2.5239816339744827,-0.0435,0.41759999999999997,True,0.6734265117873631,-0.0397444605263947,0.05000010728844817
0.6594430083006595,0.050000047683759874,2.5239816339744827,-0.042699999999999995,0.41759999999999997,True,0.6594430083006595,-0.04057326867557233,0.050000047683759874
0.6386950899681365,0.04999986886998187,2.5239816339744827,-0.0416,0.41759999999999997,True,0.6386950899681365,-0.040999184718414995,0.04999986886998187
0.6278025863648293,0.04999986886998187,2.5239816339744827,-0.0412,0.41759999999999997,True,0.6278025863648293,-0.041760431656605326,0.04999986886998187
0.6114846708661608,-0.04999986886998187,2.5239816339744827,-0.0404,0.41759999999999997,True,0.6114846708661608,-0.042481683122689747,-0.04999986886998187
0.5822700371994383,-0.09999997615842915,2.5239816339744827,-0.039,0.41759999999999997,True,0.5822700371994383,-0.0430409110882009,-0.09999997615842915
0.571279002263691,-0.10000009536752064,2.5239816339744827,-0.0388,0.41759999999999997,True,0.571279002263691,-0.04401573884014046,-0.10000009536752064
0.5666194873044105,-0.05000010728844817,2.5239816339744827,-0.0388,0.41759999999999997,True,0.5666194873044105,-0.044671713375803196,-0.05000010728844817
0.5876029856449103,0.0,2.5339816339744825,-0.0406,0.41759999999999997,True,0.5876029856449103,-0.04522511586763498,0.0
0.5889675882337932,-0.09999973773996906,2.5339816339744825,-0.0408,0.41759999999999997,True,0.5889675882337932,-0.04531152443823597,-0.09999973773996906
0.5891107718889509,-0.09999973773996906,2.543981633974483,-0.041100000000000005,0.41759999999999997,True,0.5891107718889509,-0.04562747856168346,-0.09999973773996906
0.5792532855239388,-0.050000047683759874,2.543981633974483,-0.0407,0.41759999999999997,True,0.5792532855239388,-0.04606643341270564,-0.050000047683759874
0.6025198128169456,-0.05000010728844728,2.543981633974483,-0.0426,0.41759999999999997,True,0.6025198128169456,-0.046445238962248586,-0.05000010728844728
0.5960425330042972,-0.05000010728844728,2.553981633974483,-0.042300000000000004,0.41759999999999997,True,0.5960425330042972,-0.04653573248362701,-0.05000010728844728
0.6118633911703932,-0.05000010728844817,2.553981633974483,-0.0436,0.41759999999999997,True,0.6118633911703932,-0.04690881350241831,-0.05000010728844817
0.6183750192234482,0.05000010728844817,2.5639816339744828,-0.0441,0.41759999999999997,True,0.6183750192234482,-0.047089754865873516,0.05000010728844817
0.6287389541097038,0.050000047683759874,2.5739816339744825,-0.0449,0.41759999999999997,True,0.6287389541097038,-0.047388527462722846,0.050000047683759874
0.6252621020408702,-0.049999868869982755,2.593981633974483,-0.0443,0.41759999999999997,True,0.6252621020408702,-0.046891718073551594,-0.049999868869982755
0.6156859718188517,-0.09999997615843448,2.593981633974483,-0.0436,0.41759999999999997,True,0.6156859718188517,-0.046720765036839286,-0.09999997615843448
0.6264617601289456,-0.09999997615843448,2.603981633974483,-0.044199999999999996,0.41759999999999997,True,0.6264617601289456,-0.046802425976184434,-0.09999997615843448
0.6472152211534631,-0.15000008344687732,2.6239816339744824,-0.0453,0.41759999999999997,True,0.6472152211534631,-0.04635296363905168,-0.15000008344687732
0.6505303105327246,-0.15000014305128495,2.633981633974483,-0.0453,0.41759999999999997,True,0.6505303105327246,-0.0458800240728308,-0.15000014305128495
0.6560784796781615,-0.14999984502841635,2.633981633974483,-0.046,0.41759999999999997,True,0.6560784796781615,-0.04623535086578823,-0.14999984502841635
0.6893391624563476,-0.2500000596053109,2.643981633974483,-0.048,0.41759999999999997,True,0.6893391624563476,-0.04605930749907909,-0.2500000596053109
0.717668684128209,-0.20000019073532993,2.643981633974483,-0.049800000000000004,0.41759999999999997,True,0.717668684128209,-0.04587054744063686,-0.20000019073532993
0.754878823181842,2.384184663029032e-07,2.643981633974483,-0.052199999999999996,0.41759999999999997,True,0.754878823181842,-0.04594802660815717,2.384184663029032e-07
0.7888930609131913,0.05000004768376076,2.643981633974483,-0.0545,0.41759999999999997,True,0.7888930609131913,-0.04592876447816686,0.05000004768376076
0.8077088787821122,-8.881784197001252e-16,2.6539816339744826,-0.0559,0.41759999999999997,True,0.8077088787821122,-0.045895032756364765,-8.881784197001252e-16
0.7976863549568461,8.881784197001252e-16,2.6639816339744824,-0.0555,0.41759999999999997,True,0.7976863549568461,-0.045898864239924946,8.881784197001252e-16
0.8039912011995184,-0.14999960660994738,2.6639816339744824,-0.0554,0.41759999999999997,True,0.8039912011995184,-0.04541842941852714,-0.14999960660994738
0.801908095563417,-0.29999992847529366,2.673981633974483,-0.054299999999999994,0.41759999999999997,True,0.801908095563417,-0.044743653844454764,-0.29999992847529366
0.8285643626684371,-0.25000023841881003,2.673981633974483,-0.0554,0.41759999999999997,True,0.8285643626684371,-0.04464239440489591,-0.25000023841881003
0.9026019788860595,-0.19999995231686452,2.673981633974483,-0.0601,0.41759999999999997,True,0.9026019788860595,-0.04485598814293094,-0.19999995231686452
0.9311043301316636,0.05000058412538344,2.6639816339744824,-0.062,0.41759999999999997,True,0.9311043301316636,-0.045116757130085505,0.05000058412538344
0.9799121751770458,0.15000032186534717,2.6639816339744824,-0.0645,0.41759999999999997,True,0.9799121751770458,-0.04466773229410626,0.15000032186534717
1.0139485018014207,0.10000021457689545,2.6639816339744824,-0.066,0.41759999999999997,True,1.0139485018014207,-0.04430849789079857,0.10000021457689545
1.0260238279807998,0.10000009536752064,2.673981633974483,-0.066,0.41759999999999997,True,1.0260238279807998,-0.043956319765292254,0.10000009536752064
0.9853015329960751,0.14999960660995093,2.673981633974483,-0.06309999999999999,0.41759999999999997,True,0.9853015329960751,-0.04379299535352656,0.14999960660995093
0.9769709625857649,0.24999982118684727,2.673981633974483,-0.062400000000000004,0.41759999999999997,True,0.9769709625857649,-0.04376953421300736,0.24999982118684727
0.9727067742768808,0.15000008344688176,2.683981633974483,-0.0616,0.41759999999999997,True,0.9727067742768808,-0.043462723050058466,0.15000008344688176
0.9317997061128019,0.09999997615843448,2.683981633974483,-0.0583,0.41759999999999997,True,0.9317997061128019,-0.042981708517107385,0.09999997615843448
0.904006671289234,0.050000047683759874,2.673981633974483,-0.0558,0.41759999999999997,True,0.904006671289234,-0.04264541781272101,0.050000047683759874
0.8889558009109856,-0.04999986886998187,2.673981633974483,-0.0545,0.41759999999999997,True,0.8889558009109856,-0.04259627799324691,-0.04999986886998187
0.8976340502912253,0.050000345706913585,2.6639816339744824,-0.0547,0.41759999999999997,True,0.8976340502912253,-0.0426640166280329,0.050000345706913585
0.8997654942560935,0.1999999523168592,2.6539816339744826,-0.054400000000000004,0.41759999999999997,True,0.8997654942560935,-0.04254436570577911,0.1999999523168592
0.8968334457984742,0.19999995231686363,2.643981633974483,-0.0538,0.41759999999999997,True,0.8968334457984742,-0.04243783502152994,0.19999995231686363
0.8418970622151076,0.20000019073504482,2.643981633974483,-0.0504,0.41759999999999997,True,0.8418970622151076,-0.04248737651173187,0.20000019073504482
0.8133582331522005,0.10000021457689545,2.6239816339744824,-0.048499999999999995,0.41759999999999997,True,0.8133582331522005,-0.04256797712631221,0.10000021457689545
0.78867833848081,0.0,2.6139816339744826,-0.0467,0.41759999999999997,True,0.78867833848081,-0.04270427916248081,0.0
0.7775571892732236,0.09999973773996906,2.603981633974483,-0.045599999999999995,0.41759999999999997,True,0.7775571892732236,-0.04270942775608251,0.09999973773996906
0.7499385136107846,0.25000005960531624,2.593981633974483,-0.0437,0.41759999999999997,True,0.7499385136107846,-0.042625769552068524,0.25000005960531624
0.7149286655094552,0.2000001907350457,2.583981633974483,-0.0414,0.41759999999999997,True,0.7149286655094552,-0.04241799023230096,0.2000001907350457
0.6608266164028291,0.09999997615843004,2.583981633974483,-0.0384,0.41759999999999997,True,0.6608266164028291,-0.04259114618511583,0.09999997615843004
0.6136856699403042,-2.3841846452654636e-07,2.583981633974483,-0.0358,0.41759999999999997,True,0.6136856699403042,-0.042854300528687446,-2.3841846452654636e-07
0.6005426451708955,-0.09999997615843004,2.5739816339744825,-0.035,0.41759999999999997,True,0.6005426451708955,-0.04283321169582596,-0.09999997615843004
0.5921045305417548,2.384184663029032e-07,2.5739816339744825,-0.0345,0.41759999999999997,True,0.5921045305417548,-0.042827939643182336,2.384184663029032e-07
0.5739411289584143,0.10000009536752064,2.5739816339744825,-0.0336,0.41759999999999997,True,0.5739411289584143,-0.04309594295660399,0.10000009536752064
0.5572563532118753,0.05000010728844728,2.5739816339744825,-0.032799999999999996,0.41759999999999997,True,0.5572563532118753,-0.04343061165776725,0.05000010728844728
0.5272593390449117,0.0,2.5739816339744825,-0.0311,0.41759999999999997,True,0.5272593390449117,-0.04373253954518993,0.0
0.5176962586110496,0.04999986886998187,2.5739816339744825,-0.030600000000000002,0.41759999999999997,True,0.5176962586110496,-0.04397955003980208,0.04999986886998187
0.49854316132362414,0.04999986886998187,2.5739816339744825,-0.0296,0.41759999999999997,True,0.49854316132362414,-0.044362281995910045,0.04999986886998187
0.47447944093412203,-0.050000047683759874,2.583981633974483,-0.0281,0.41759999999999997,True,0.47447944093412203,-0.0443203002554302,-0.050000047683759874
0.45841204172011224,-0.1499998450284119,2.583981633974483,-0.027200000000000002,0.41759999999999997,True,0.45841204172011224,-0.04450198618236916,-0.1499998450284119
0.4632849784424714,-0.09999973773996462,2.583981633974483,-0.0277,0.41759999999999997,True,0.4632849784424714,-0.04500808861156322,-0.09999973773996462
0.46123974759993014,0.09999973773996462,2.593981633974483,-0.0278,0.41759999999999997,True,0.46123974759993014,-0.04542116335103739,0.09999973773996462
0.4550546839964543,0.09999973773996462,2.593981633974483,-0.0276,0.41759999999999997,True,0.4550546839964543,-0.045710699672088836,0.09999973773996462
0.4323929196833551,0.0,2.603981633974483,-0.0264,0.41759999999999997,True,0.4323929196833551,-0.04594505725391101,0.0
0.39493987060675795,0.0,2.603981633974483,-0.024399999999999998,0.41759999999999997,True,0.39493987060675795,-0.04640844293067675,0.0
0.3763571962466149,-0.05000010728844728,2.6139816339744826,-0.0235,0.41759999999999997,True,0.3763571962466149,-0.046889068538490834,-0.05000010728844728
0.3739619553250525,-0.09999997615843004,2.6139816339744826,-0.0235,0.41759999999999997,True,0.3739619553250525,-0.04736031014277916,-0.09999997615843004
0.34789764034029813,-0.09999997615843359,2.6239816339744824,-0.022000000000000002,0.41759999999999997,True,0.34789764034029813,-0.04760811641865406,-0.09999997615843359
0.17224382390414933,-0.20000019073504482,2.6239816339744824,-0.011000000000000001,0.41759999999999997,True,0.17224382390414933,-0.04813638948043124,-0.20000019073504482
-0.192463131879328,-0.3499997973452764,2.633981633974483,0.0124,0.41759999999999997,False,-0.192463131879328,-0.04862612277261767,-0.3499997973452764
-0.5421770692402907,-0.39999990463372814,2.643981633974483,0.0351,0.41759999999999997,False,-0.5421770692402907,-0.04874531489327126,-0.39999990463372814
-0.8892858692170413,-0.4999996423736972,2.6639816339744824,0.057800000000000004,0.41759999999999997,False,-0.8892858692170413,-0.04872759348009159,-0.4999996423736972
-1.2269008297200137,-0.5999998569505918,2.6939816339744826,0.08039999999999999,0.41759999999999997,False,-1.2269008297200137,-0.04874467790411146,-0.5999998569505918
-1.5682102450817026,-0.6500006198888961,2.7339816339744827,0.10300000000000001,0.41759999999999997,False,-1.5682102450817026,-0.04832492156089949,-0.6500006198888961
-1.9027015185646277,-0.6499999642390408,2.7739816339744827,0.1257,0.41759999999999997,False,-1.9027015185646277,-0.047842650797702134,-0.6499999642390408
-2.2356367762215372,-0.7500001788159354,2.833981633974483,0.1484,0.41759999999999997,False,-2.2356367762215372,-0.047021021997521284,-0.7500001788159354
-2.5644168060423858,-0.9499996542958735,2.9139816339744824,0.1711,0.41759999999999997,False,-2.5644168060423858,-0.04587800054149886,-0.9499996542958735
-2.879674293522342,-1.1500000834496689,2.9939816339744825,0.1929,0.41759999999999997,False,-2.879674293522342,-0.04446404439253485,-1.1500000834496689
-2.8867998255060026,-1.2000011444102707,3.093981633974483,0.195,0.41759999999999997,False,-2.8867998255060026,-0.04296392303652821,-1.2000011444102707
-2.8580066709020895,-1.19999947548272,3.183981633974483,0.195,0.41759999999999997,False,-2.8580066709020895,-0.04147644065524333,-1.19999947548272
-2.829463803716578,-1.2499995827711672,3.293981633974483,0.195,0.41759999999999997,False,-2.829463803716578,-0.03970069904699161,-1.2499995827711672
-2.8071670931037267,-1.0999999761612163,3.4039816339744826,0.195,0.41759999999999997,False,-2.8071670931037267,-0.037681874725330466,-1.0999999761612163
-2.8069992834171833,-1.0499998688727672,3.503981633974483,0.195,0.41759999999999997,False,-2.8069992834171833,-0.035224496555659714,-1.0499998688727672
-2.8247197466341727,-1.1000010490427474,3.6139816339744826,0.195,0.41759999999999997,False,-2.8247197466341727,-0.032162547068065636,-1.1000010490427474
-2.8667168283429185,-0.9500001311328017,3.723981633974483,0.195,0.41759999999999997,False,-2.8667168283429185,-0.02875973392997004,-0.9500001311328017
-2.9095879703591576,-0.8499999165559071,3.8239816339744825,0.195,0.41759999999999997,False,-2.9095879703591576,-0.025414639620525113,-0.8499999165559071
-2.948451373044675,-0.899999785425889,3.933981633974483,0.195,0.41759999999999997,False,-2.948451373044675,-0.021396520781381625,-0.899999785425889
-2.9939344380992,-0.8999997854258872,4.043981633974482,0.195,0.41759999999999997,False,-2.9939344380992,-0.01671493068794926,-0.8999997854258872
-3.043489591220544,-0.9000008583077044,4.153981633974483,0.195,0.41759999999999997,False,-3.043489591220544,-0.011324488057766277,-0.9000008583077044
-3.1046745040334676,-0.8999997854258872,4.253981633974483,0.195,0.41759999999999997,False,-3.1046745040334676,-0.0052611555915449285,-0.8999997854258872
-3.1736548943897924,-0.8499996781374382,4.363981633974483,0.195,0.41759999999999997,False,-3.1736548943897924,0.002811238295389592,-0.8499996781374382
-3.2532245619300024,-0.7499999403974726,4.473981633974483,0.195,0.41759999999999997,False,-3.2532245619300024,0.012919002983262592,-0.7499999403974726
-3.331435001571939,-0.6999998331090218,4.583981633974483,0.1946,0.41759999999999997,False,-3.331435001571939,0.024120580195527208,-0.6999998331090218
-3.387371038098175,-0.7000006675726596,4.693981633974483,0.1923,0.41759999999999997,False,-3.387371038098175,0.036416922719054196,-0.7000006675726596
-3.4292309282074895,-0.6999998331090218,4.803981633974483,0.1892,0.41759999999999997,False,-3.4292309282074895,0.04446858670430015,-0.6999998331090218
-3.4825261895420074,-0.7499999403974726,4.913981633974483,0.1877,0.41759999999999997,False,-3.4825261895420074,0.048111349105144335,-0.7499999403974726
-3.5189557050182887,-0.7999998092674545,5.023981633974483,0.1867,0.41759999999999997,False,-3.5189557050182887,0.04881090880810973,-0.7999998092674545
-3.5140164717417335,-0.69999959469056,5.143981633974483,0.18309999999999998,0.41759999999999997,False,-3.5140164717417335,0.04739869762574435,-0.69999959469056
-3.5325859676155873,-0.6000005722051363,5.233981633974483,0.18109999999999998,0.41759999999999997,False,-3.5325859676155873,0.045380224421739467,-0.6000005722051363
-3.556304164564233,-0.5000001192106254,5.353981633974483,0.17980000000000002,0.41759999999999997,False,-3.556304164564233,0.04289957225206746,-0.5000001192106254
-3.5572438316347936,-0.6000003337875235,5.463981633974482,0.1761,0.41759999999999997,False,-3.5572438316347936,0.0401168799838579,-0.6000003337875235
-3.6167817275171528,-0.8499996781374364,5.563981633974483,0.17579999999999998,0.41759999999999997,False,-3.6167817275171528,0.037850082736504455,-0.8499996781374364
-3.6270210355300927,-0.8499996781374399,5.653981633974483,0.175,0.41759999999999997,False,-3.6270210355300927,0.035823252292335135,-0.8499996781374399
-3.5556998925984993,-0.7500007152564194,5.753981633974483,0.171,0.41759999999999997,False,-3.5556998925984993,0.03398670414801607,-0.7500007152564194
-3.4092233564707857,-0.7999995708489926,5.843981633974483,0.1634,0.41759999999999997,False,-3.4092233564707857,0.03257444767173,-0.7999995708489926
-3.297284783395792,-0.8499996781374399,5.933981633974483,0.1576,0.41759999999999997,False,-3.297284783395792,0.031075721660012195,-0.8499996781374399
-3.2370951045271226,-0.7999998092674545,6.013981633974483,0.15460000000000002,0.41759999999999997,False,-3.2370951045271226,0.029929811415237435,-0.7999998092674545
-3.1323760670603575,-0.6999995946905635,6.093981633974483,0.1493,0.41759999999999997,False,-3.1323760670603575,0.028769746402120273,-0.6999995946905635
-2.9431636187876777,-0.6500006198888961,6.173981633974483,0.14029999999999998,0.41759999999999997,False,-2.9431636187876777,0.027448308708574988,-0.6500006198888961
-2.8310534490717534,-0.6499999642390328,6.253981633974483,0.1353,0.41759999999999997,False,-2.8310534490717534,0.02602371436745476,-0.6499999642390328
-2.7004307536099517,-0.5999998569505962,0.04079632679489653,0.1298,0.41759999999999997,False,-2.7004307536099517,0.024823643833096584,-0.5999998569505962
-2.5339767508100497,-0.5999998569505927,0.1107963267948966,0.12269999999999999,0.41759999999999997,False,-2.5339767508100497,0.02333847821266628,-0.5999998569505927
-2.3729152251389314,-0.5499997496621418,0.18079632679489666,0.11599999999999999,0.41759999999999997,False,-2.3729152251389314,0.022291940862788864,-0.5499997496621418
-2.276862557763364,-0.500000476837613,0.2407963267948965,0.11289999999999999,0.41759999999999997,False,-2.276862557763364,0.021336279357360707,-0.500000476837613
-2.076829146097633,-0.4500000119221781,0.30079632679489654,0.10400000000000001,0.41759999999999997,False,-2.076829146097633,0.020188477491992842,-0.4500000119221781
-1.9259804235425182,-0.3999999046337308,0.3607963267948966,0.0973,0.41759999999999997,False,-1.9259804235425182,0.018963602381199877,-0.3999999046337308
-1.821062085195659,-0.39999990463372725,0.41079632679489664,0.0932,0.41759999999999997,False,-1.821062085195659,0.01801740582922859,-0.39999990463372725
-1.7062800539145606,-0.3999999046337308,0.46079632679489646,0.0882,0.41759999999999997,False,-1.7062800539145606,0.016847142121143945,-0.3999999046337308
-1.6064751725196902,-0.4000003814700861,0.5107963267948965,0.0833,0.41759999999999997,False,-1.6064751725196902,0.015431609393757751,-0.4000003814700861
-1.5442127043069866,-0.39999990463372725,0.5607963267948965,0.08070000000000001,0.41759999999999997,False,-1.5442127043069866,0.014455051471035868,-0.39999990463372725
-1.362502440205007,-0.34999979734528,0.6007963267948966,0.0717,0.41759999999999997,False,-1.362502440205007,0.012893838913006913,-0.34999979734528
-1.2556806455821143,-0.29999992847529455,0.6407963267948965,0.0662,0.41759999999999997,False,-1.2556806455821143,0.01140008466777101,-0.29999992847529455
-1.1963648652977161,-0.29999992847530166,0.6707963267948965,0.06309999999999999,0.41759999999999997,False,-1.1963648652977161,0.010108821034084378,-0.29999992847530166
-1.0708422199894598,-0.3500003337863298,0.7107963267948966,0.0567,0.41759999999999997,False,-1.0708422199894598,0.008832346472266363,-0.3500003337863298
-0.9791363459441302,-0.3000001668937564,0.7407963267948966,0.0524,0.41759999999999997,False,-0.9791363459441302,0.007594438196373317,-0.3000001668937564
-0.886646142846226,-0.30000016689375997,0.7707963267948965,0.0479,0.41759999999999997,False,-0.886646142846226,0.006238962466749805,-0.30000016689375997
-0.7949794307378029,-0.39999990463372725,0.7907963267948965,0.0431,0.41759999999999997,False,-0.7949794307378029,0.004817479786698709,-0.39999990463372725
-0.7111288908741651,-0.34999979734528,0.8107963267948965,0.0387,0.41759999999999997,False,-0.7111288908741651,0.0035501720838470277,-0.34999979734528
-0.7004750096843829,-0.30000028610256635,0.8307963267948966,0.0382,0.41759999999999997,False,-0.7004750096843829,0.002616759250226655,-0.30000028610256635
-0.5321599081275176,-0.15000032186534185,0.8407963267948966,0.028999999999999998,0.41759999999999997,False,-0.5321599081275176,0.001328688080247378,-0.15000032186534185
-0.4416650960759805,-0.05000010728845439,0.8507963267948966,0.024,0.41759999999999997,False,-0.4416650960759805,0.00012292190029593262,-0.05000010728845439
-0.374282627836464,-0.14999984502841457,0.8707963267948966,0.020499999999999997,0.41759999999999997,False,-0.374282627836464,-0.0009121827866249585,-0.14999984502841457
-0.3522769904727133,-0.14999984502841812,0.8807963267948966,0.0195,0.41759999999999997,False,-0.3522769904727133,-0.0017056245336301054,-0.14999984502841812
-0.31115139664656216,-0.1000000953675233,0.8807963267948966,0.0173,0.41759999999999997,False,-0.31115139664656216,-0.002672546833513598,-0.1000000953675233
-0.2625491758201156,-0.05000010728844728,0.8907963267948965,0.0147,0.41759999999999997,False,-0.2625491758201156,-0.003214575026655932,-0.05000010728844728
-0.2157801289357474,-0.050000107288450835,0.8907963267948965,0.012199999999999999,0.41759999999999997,False,-0.2157801289357474,-0.00377674705882277,-0.050000107288450835
-0.18068746937001479,-0.0999999761584256,0.8907963267948965,0.0102,0.41759999999999997,False,-0.18068746937001479,-0.004382503201774328,-0.0999999761584256
-0.16717668603571917,2.384184618620111e-07,0.8907963267948965,0.0095,0.41759999999999997,False,-0.16717668603571917,-0.00493695494684436,2.384184618620111e-07
-0.14368806395949515,0.050000047683759874,0.8907963267948965,0.008199999999999999,0.41759999999999997,False,-0.14368806395949515,-0.0055763572154774255,0.050000047683759874
-0.11506988149436109,3.552713678800501e-15,0.9007963267948965,0.0066,0.41759999999999997,False,-0.11506988149436109,-0.006404744843271177,3.552713678800501e-15
-0.1045494650374403,0.05000010728844373,0.9107963267948965,0.006,0.41759999999999997,False,-0.1045494650374403,-0.007110109840576338,0.05000010728844373
-0.09510026916507953,0.050000107288450835,0.9107963267948965,0.0055000000000000005,0.41759999999999997,False,-0.09510026916507953,-0.007780018538726019,0.050000107288450835
-0.08268599161168443,0.05000010728844728,0.9107963267948965,0.0048,0.41759999999999997,False,-0.08268599161168443,-0.008342141482409509,0.05000010728844728
-0.08286221974574547,0.050000047683759874,0.9107963267948965,0.0048,0.41759999999999997,False,-0.08286221974574547,-0.008849670158651558,0.050000047683759874
-0.07063486906584708,0.0,0.9107963267948965,0.0040999999999999995,0.41759999999999997,False,-0.07063486906584708,-0.009113173383426123,0.0
-0.06861384319635497,0.050000107288450835,0.9107963267948965,0.004,0.41759999999999997,False,-0.06861384319635497,-0.009400054804935783,0.050000107288450835
-0.04921833019027468,2.3841846541472478e-07,0.9107963267948965,0.0029,0.41759999999999997,False,-0.04921833019027468,-0.009856438154250432,2.3841846541472478e-07
-0.04729787552722339,2.3841846541472478e-07,0.9007963267948965,0.0028000000000000004,0.41759999999999997,False,-0.04729787552722339,-0.010081123659862811,2.3841846541472478e-07
-0.04376887507718294,0.1000000953675233,0.9007963267948965,0.0026,0.41759999999999997,False,-0.04376887507718294,-0.01028400605403649,0.1000000953675233
-0.040208119632898796,0.05000010728844728,0.8907963267948965,0.0024,0.41759999999999997,False,-0.040208119632898796,-0.010318279016975485,0.05000010728844728
-0.03165592372477197,0.0,0.8807963267948966,0.0019,0.41759999999999997,False,-0.03165592372477197,-0.010550789195025452,0.0
-0.026633839882880393,0.0,0.8807963267948966,0.0016,0.41759999999999997,False,-0.026633839882880393,-0.010729910817506296,0.0
-0.021552144105200084,0.10000021457689812,0.8807963267948966,0.0013,0.41759999999999997,False,-0.021552144105200084,-0.011216982802368302,0.10000021457689812
-0.02145614311886695,0.15000014305128673,0.8807963267948966,0.0013,0.41759999999999997,False,-0.02145614311886695,-0.011626098522227468,0.15000014305128673
-0.01812656551268975,0.050000107288450835,0.8807963267948966,0.0011,0.41759999999999997,False,-0.01812656551268975,-0.012183779610476725,0.050000107288450835
-0.03132348342255068,0.10000021457689456,0.8807963267948966,0.0019,0.41759999999999997,False,-0.03132348342255068,-0.012331798057091226,0.10000021457689456
-0.03764394517948028,0.15000008344687643,0.8707963267948966,0.0023,0.41759999999999997,False,-0.03764394517948028,-0.012581288623168997,0.15000008344687643
-0.03248698822823395,0.04999986886998187,0.8707963267948966,0.002,0.41759999999999997,False,-0.03248698822823395,-0.012930690316395934,0.04999986886998187
-0.03708844065444947,0.10000009536752685,0.8707963267948966,0.0023,0.41759999999999997,False,-0.03708844065444947,-0.013091402285074428,0.10000009536752685
-0.046387838045917194,0.10000021457690167,0.8607963267948966,0.0029,0.41759999999999997,False,-0.046387838045917194,-0.013282578481786728,0.10000021457690167
-0.05391330138896333,-0.10000021457690167,0.8507963267948966,0.0034000000000000002,0.41759999999999997,False,-0.05391330138896333,-0.01326380935954611,-0.10000021457690167
-0.05935653001300096,-0.10000021457689812,0.8407963267948966,0.0038,0.41759999999999997,False,-0.05935653001300096,-0.013100769141152322,-0.10000021457689812
-0.036654102672157775,0.10000021457689812,0.8307963267948966,0.0024,0.41759999999999997,False,-0.036654102672157775,-0.013160814947752392,0.10000021457689812
-0.012008244545680053,0.20000019073505015,0.8207963267948966,0.0008,0.41759999999999997,False,-0.012008244545680053,-0.013421925941709715,0.20000019073505015
-0.01943510697429199,0.15000008344688354,0.8107963267948965,0.0013,0.41759999999999997,False,-0.01943510697429199,-0.013683157165552457,0.15000008344688354
-0.0568258684511888,0.09999997615842915,0.8107963267948965,0.0038,0.41759999999999997,False,-0.0568258684511888,-0.014053286393143703,0.09999997615842915
-0.06663048184602638,0.14999984502841457,0.8107963267948965,0.0045000000000000005,0.41759999999999997,False,-0.06663048184602638,-0.014786902834016116,0.14999984502841457
-0.07534889281916908,0.1999999523168654,0.8007963267948965,0.0051,0.41759999999999997,False,-0.07534889281916908,-0.015300162758220928,0.1999999523168654
-0.09257985629694354,0.15000014305128317,0.8007963267948965,0.0063,0.41759999999999997,False,-0.09257985629694354,-0.015745057867598604,0.15000014305128317
-0.09753585152369224,0.05000010728844728,0.7907963267948965,0.0067,0.41759999999999997,False,-0.09753585152369224,-0.0163453400498281,0.05000010728844728
-0.11532504871027192,-0.05000010728844728,0.7807963267948965,0.008,0.41759999999999997,False,-0.11532504871027192,-0.016950083349017857,-0.05000010728844728
-0.10976312725686747,-2.3841846541472478e-07,0.7807963267948965,0.0077,0.41759999999999997,False,-0.10976312725686747,-0.017375564873412946,-2.3841846541472478e-07
-0.10449470511130043,0.04999986886998187,0.7607963267948965,0.0074,0.41759999999999997,False,-0.10449470511130043,-0.017560168162503536,0.04999986886998187
-0.10288330095987243,0.0,0.7507963267948966,0.0074,0.41759999999999997,False,-0.10288330095987243,-0.01777339422622354,0.0
-0.1013411964196687,0.1499996066099527,0.7407963267948966,0.0074,0.41759999999999997,False,-0.1013411964196687,-0.017911086102908362,0.1499996066099527
-0.09966145432592738,0.24999982118684372,0.7307963267948966,0.0074,0.41759999999999997,False,-0.09966145432592738,-0.017992098751868874,0.24999982118684372
-0.11364976869160238,0.1999999523168654,0.7307963267948966,0.0085,0.41759999999999997,False,-0.11364976869160238,-0.01821158350362995,0.1999999523168654
-0.128830047263975,0.14999984502841457,0.7207963267948966,0.0097,0.41759999999999997,False,-0.128830047263975,-0.018327397535163038,0.14999984502841457
-0.16240097902452563,0.15000014305128673,0.7107963267948966,0.0123,0.41759999999999997,False,-0.16240097902452563,-0.018785366926836085,0.15000014305128673
-0.18276331881128993,0.15000008344688354,0.7107963267948966,0.0139,0.41759999999999997,False,-0.18276331881128993,-0.018852472695258703,0.15000008344688354
-0.19386218685661347,0.09999997615842915,0.6907963267948966,0.0148,0.41759999999999997,False,-0.19386218685661347,-0.018920439064748207,0.09999997615842915
-0.21399300550025513,0.05000010728844728,0.6807963267948965,0.016399999999999998,0.41759999999999997,False,-0.21399300550025513,-0.018898707958878838,0.05000010728844728
-0.22621797086453416,0.05000010728844728,0.6707963267948965,0.0173,0.41759999999999997,False,-0.22621797086453416,-0.01860803269283185,0.05000010728844728
-0.2430823664513145,0.10000009536751975,0.6607963267948965,0.018600000000000002,0.41759999999999997,False,-0.2430823664513145,-0.018483418629542416,0.10000009536751975
-0.24229208103221253,0.05000010728844728,0.6507963267948965,0.018600000000000002,0.41759999999999997,False,-0.24229208103221253,-0.01841223259561374,0.05000010728844728
-0.24344186836547357,-0.05000010728844728,0.6407963267948965,0.018799999999999997,0.41759999999999997,False,-0.24344186836547357,-0.018374249147825157,-0.05000010728844728
-0.2612020285230678,-2.3841846541472478e-07,0.6307963267948966,0.0202,0.41759999999999997,False,-0.2612020285230678,-0.018287419709906483,-2.3841846541472478e-07
-0.2562416486973743,0.0999999761584327,0.6207963267948966,0.0197,0.41759999999999997,False,-0.2562416486973743,-0.018196426242412536,0.0999999761584327
-0.2479582131176598,0.05000004768376698,0.6107963267948966,0.019,0.41759999999999997,False,-0.2479582131176598,-0.018204682812214955,0.05000004768376698
-0.24872270300375746,0.04999986886998542,0.6107963267948966,0.0192,0.41759999999999997,False,-0.24872270300375746,-0.018517983678122674,0.04999986886998542
-0.2554463651680403,0.0999999761584256,0.6007963267948966,0.019799999999999998,0.41759999999999997,False,-0.2554463651680403,-0.018699585742386622,0.0999999761584256
-0.26136236627415826,0.050000107288450835,0.6007963267948966,0.0202,0.41759999999999997,False,-0.26136236627415826,-0.018836135037465812,0.050000107288450835
-0.27193887737404654,0.10000021457689812,0.6007963267948966,0.021,0.41759999999999997,False,-0.27193887737404654,-0.01887449326235213,0.10000021457689812
-0.26529001483002485,0.15000014305128317,0.5907963267948966,0.0206,0.41759999999999997,False,-0.26529001483002485,-0.019180640557911317,0.15000014305128317
-0.26231439340347146,0.05000010728844728,0.5807963267948966,0.0204,0.41759999999999997,False,-0.26231439340347146,-0.01933196020950019,0.05000010728844728
-0.26064090177946203,0.05000010728844728,0.5807963267948966,0.0204,0.41759999999999997,False,-0.26064090177946203,-0.01932678362961124,0.05000010728844728
-0.2689340736679659,0.0999999761584327,0.5707963267948966,0.021,0.41759999999999997,False,-0.2689340736679659,-0.0193797948066957,0.0999999761584327
-0.26955439365667544,0.09999997615842915,0.5707963267948966,0.021,0.41759999999999997,False,-0.26955439365667544,-0.019458146785784555,0.09999997615842915
-0.28980658679191407,0.0,0.5707963267948966,0.0225,0.41759999999999997,False,-0.28980658679191407,-0.019493085653808966,0.0
-0.29870591418075254,-2.384184618620111e-07,0.5707963267948966,0.0231,0.41759999999999997,False,-0.29870591418075254,-0.019634735524955177,-2.384184618620111e-07
-0.2982035302375024,-2.3841846896743846e-07,0.5607963267948965,0.023,0.41759999999999997,False,-0.2982035302375024,-0.019724297548402398,-2.3841846896743846e-07
-0.30537993664198376,-0.05000010728844373,0.5507963267948965,0.0233,0.41759999999999997,False,-0.30537993664198376,-0.01952458187493494,-0.05000010728844373
-0.3082661000510567,-3.552713678800501e-15,0.5407963267948965,0.0233,0.41759999999999997,False,-0.3082661000510567,-0.019226592349189008,-3.552713678800501e-15
-0.3102320524292286,0.050000047683759874,0.5307963267948965,0.0233,0.41759999999999997,False,-0.3102320524292286,-0.019158411439592703,0.050000047683759874
-0.30942036698400166,0.09999997615843625,0.5207963267948965,0.0231,0.41759999999999997,False,-0.30942036698400166,-0.01906323151799133,0.09999997615843625
-0.31876027098067766,-2.3841846896743846e-07,0.5207963267948965,0.023799999999999998,0.41759999999999997,False,-0.31876027098067766,-0.01908993362572394,-2.3841846896743846e-07
-0.3241953779281515,-0.050000107288450835,0.5207963267948965,0.024399999999999998,0.41759999999999997,False,-0.3241953779281515,-0.01920509091179015,-0.050000107288450835
-0.312624013004233,0.10000021457689812,0.5107963267948965,0.023700000000000002,0.41759999999999997,False,-0.312624013004233,-0.019360865733370935,0.10000021457689812
-0.27817860023482094,0.05000004768376343,0.5107963267948965,0.0212,0.41759999999999997,False,-0.27817860023482094,-0.019418774505066697,0.05000004768376343
-0.2760271965169126,0.04999963045151645,0.5007963267948965,0.0212,0.41759999999999997,False,-0.2760271965169126,-0.01940744174072628,0.04999963045151645
-0.2667962140318023,0.04999963045151645,0.5007963267948965,0.0206,0.41759999999999997,False,-0.2667962140318023,-0.019507982913333142,0.04999963045151645
-0.2665239387885164,-2.3841846541472478e-07,0.5007963267948965,0.0206,0.41759999999999997,False,-0.2665239387885164,-0.019665394156435097,-2.3841846541472478e-07
-0.25518361894102015,0.04999986886998187,0.5007963267948965,0.0197,0.41759999999999997,False,-0.25518361894102015,-0.019684876133504507,0.04999986886998187
-0.2599333959465169,0.0,0.4907963267948965,0.0199,0.41759999999999997,False,-0.2599333959465169,-0.01955840698067753,0.0
-0.26937688534109794,0.0,0.4907963267948965,0.020499999999999997,0.41759999999999997,False,-0.26937688534109794,-0.01956143705200514,0.0
-0.27365654324272143,0.050000107288450835,0.4907963267948965,0.0207,0.41759999999999997,False,-0.27365654324272143,-0.01988189959760564,0.050000107288450835
-0.29728889000206016,0.05000010728845439,0.4907963267948965,0.0223,0.41759999999999997,False,-0.29728889000206016,-0.020176954527619834,0.05000010728845439
-0.3166783774049447,-3.552713678800501e-15,0.5007963267948965,0.0236,0.41759999999999997,False,-0.3166783774049447,-0.020832541704891495,-3.552713678800501e-15
-0.33039960628307263,-0.05000004768376698,0.5107963267948965,0.024399999999999998,0.41759999999999997,False,-0.33039960628307263,-0.021378966987678993,-0.05000004768376698
-0.3312835962109139,-0.050000107288450835,0.5207963267948965,0.024399999999999998,0.41759999999999997,False,-0.3312835962109139,-0.022109695209571845,-0.050000107288450835
-0.3232537352656907,-0.05000010728844728,0.5207963267948965,0.023799999999999998,0.41759999999999997,False,-0.3232537352656907,-0.02250410504485529,-0.05000010728844728
-0.25769071397774745,-2.3841846541472478e-07,0.5207963267948965,0.019,0.41759999999999997,False,-0.25769071397774745,-0.023040860868604036,-2.3841846541472478e-07
0.05154408145925702,-2.3841846541472478e-07,0.5207963267948965,-0.0038,0.41759999999999997,True,0.05154408145925702,-0.023521964470008743,-2.3841846541472478e-07
0.36093285808815206,0.05000004768376698,0.5107963267948965,-0.026600000000000002,0.41759999999999997,True,0.36093285808815206,-0.023540544282636376,0.05000004768376698
0.6706962071455895,0.15000008344688354,0.5007963267948965,-0.049400000000000006,0.41759999999999997,True,0.6706962071455895,-0.02338857596229414,0.15000008344688354
0.9813808934436259,0.2000001907353237,0.4807963267948965,-0.0721,0.41759999999999997,True,0.9813808934436259,-0.0229758765682254,0.2000001907353237
1.2860037248889133,0.2999999284752981,0.46079632679489646,-0.0946,0.41759999999999997,True,1.2860037248889133,-0.02215080972369306,0.2999999284752981
1.5970471688282475,0.40000014305219267,0.42079632679489665,-0.1175,0.41759999999999997,True,1.5970471688282475,-0.021093967574656165,0.40000014305219267
1.9108915145038736,0.6000005722051327,0.3807963267948966,-0.1402,0.41759999999999997,True,1.9108915145038736,-0.019463205452756607,0.6000005722051327
2.2222699590240778,0.6999998331090289,0.33079632679489657,-0.1629,0.41759999999999997,True,2.2222699590240778,-0.017850695826985688,0.6999998331090289
2.522917691142528,0.7499999403974762,0.2707963267948965,-0.1855,0.41759999999999997,True,2.522917691142528,-0.015963769314074606,0.7499999403974762
2.6460741993912684,0.7499999403974762,0.21079632679489646,-0.19510000000000002,0.41759999999999997,True,2.6460741993912684,-0.013710158036675165,0.7499999403974762
2.6500323434892663,0.7499999403974691,0.14079632679489662,-0.1949,0.41759999999999997,True,2.6500323434892663,-0.011345719403352718,0.7499999403974691
2.671771967539986,0.8000007629401793,0.06079632679489655,-0.1949,0.41759999999999997,True,2.671771967539986,-0.008470334066421822,0.8000007629401793
2.7075283543068456,0.7499999403974762,6.263981633974483,-0.1949,0.41759999999999997,True,2.7075283543068456,-0.005778954041053268,0.7499999403974762
2.7390654140325443,0.8500001549743708,6.183981633974483,-0.1949,0.41759999999999997,True,2.7390654140325443,-0.003340264025716871,0.8500001549743708
2.780306977383274,0.9499998927143416,6.083981633974483,-0.1949,0.41759999999999997,True,2.780306977383274,-0.0008197261329129448,0.9499998927143416
2.8267173303770776,0.7999995708489855,5.9939816339744825,-0.1949,0.41759999999999997,True,2.8267173303770776,0.0014393792663686415,0.7999995708489855
2.8735489324823407,0.8500008106239392,5.903981633974483,-0.1949,0.41759999999999997,True,2.8735489324823407,0.0035403525431037834,0.8500008106239392
2.9122656892439527,0.9000000238443562,5.793981633974482,-0.1949,0.41759999999999997,True,2.9122656892439527,0.00591642943127234,0.9000000238443562
2.9575429285634507,0.8499999165559018,5.703981633974482,-0.1949,0.41759999999999997,True,2.9575429285634507,0.00822208142080502,0.8499999165559018
2.997837249094755,0.8999997854258908,5.603981633974483,-0.1949,0.41759999999999997,True,2.997837249094755,0.010577992765165405,0.8999997854258908
3.0414446644891573,0.9499998927143345,5.503981633974483,-0.1949,0.41759999999999997,True,3.0414446644891573,0.013045707080450112,0.9499998927143345
3.097768226793692,0.900000858307699,5.403981633974483,-0.1949,0.41759999999999997,True,3.097768226793692,0.016624050455755345,0.900000858307699
3.154087267782442,0.7000000715274908,5.313981633974483,-0.1949,0.41759999999999997,True,3.154087267782442,0.020566825651115846,0.7000000715274908
3.2063135309236372,0.6499999642390399,5.213981633974482,-0.1949,0.41759999999999997,True,3.2063135309236372,0.025049036984749373,0.6499999642390399
3.3344945349867117,0.6999998331090289,5.103981633974483,-0.1949,0.41759999999999997,True,3.3344945349867117,0.030309551102882058,0.6999998331090289
3.48373438530439,0.6999998331090218,5.003981633974483,-0.195,0.41759999999999997,True,3.48373438530439,0.03571193141496958,0.6999998331090218
3.634332802656483,0.7000006675726578,4.903981633974483,-0.195,0.41759999999999997,True,3.634332802656483,0.041266993384142185,0.7000006675726578
3.7546513200029783,0.7499997019790055,4.7839816339744825,-0.195,0.41759999999999997,True,3.7546513200029783,0.04613831212650462,0.7499997019790055
3.8501507812084785,0.7999998092674545,4.673981633974483,-0.19390000000000002,0.41759999999999997,True,3.8501507812084785,0.04612838582179419,0.7999998092674545
3.8594031095711507,0.8499996781374417,4.583981633974483,-0.191,0.41759999999999997,True,3.8594031095711507,0.04159745174053432,0.8499996781374417
3.9246042291715875,0.899999785425889,4.473981633974483,-0.19,0.41759999999999997,True,3.9246042291715875,0.03422763790682521,0.899999785425889
3.9351273947220315,0.850000810623941,4.363981633974483,-0.1869,0.41759999999999997,True,3.9351273947220315,0.02709937085353433,0.850000810623941
3.9222050992692887,0.7999998092674563,4.273981633974483,-0.1827,0.41759999999999997,True,3.9222050992692887,0.02209094142218264,0.7999998092674563
3.9229489681294174,0.8499999165559053,4.173981633974483,-0.1795,0.41759999999999997,True,3.9229489681294174,0.01727702738097348,0.8499999165559053
3.877177420136019,0.8499999165559036,4.073981633974483,-0.1747,0.41759999999999997,True,3.877177420136019,0.013166218166612084,0.8499999165559036
3.833888135011622,0.7499997019790072,3.9839816339744827,-0.171,0.41759999999999997,True,3.833888135011622,0.01027583505309569,0.7499997019790072
3.7709573532397154,0.8000007629401793,3.893981633974483,-0.1671,0.41759999999999997,True,3.7709573532397154,0.007700390244296686,0.8000007629401793
3.662227360796096,0.7500001788159398,3.793981633974483,-0.162,0.41759999999999997,True,3.662227360796096,0.005435784945358361,0.7500001788159398
3.577406270025232,0.7000000715274926,3.713981633974483,-0.15789999999999998,0.41759999999999997,True,3.577406270025232,0.003796854712730337,0.7000000715274926
3.4707470620731935,0.7499999403974691,3.6239816339744824,-0.15410000000000001,0.41759999999999997,True,3.4707470620731935,0.001963282143966605,0.7499999403974691
3.2771849839566394,0.6499997258205745,3.543981633974483,-0.14730000000000001,0.41759999999999997,True,3.2771849839566394,0.0004002559555772651,0.6499997258205745
3.14226413595431,0.5500005245213764,3.463981633974483,-0.1435,0.41759999999999997,True,3.14226413595431,-0.0008351230443254755,0.5500005245213764
3.0447375690647935,0.5999996185321272,3.393981633974483,-0.1388,0.41759999999999997,True,3.0447375690647935,-0.0022193449552848532,0.5999996185321272
2.913544692338187,0.5999996185321272,3.3239816339744825,-0.133,0.41759999999999997,True,2.913544692338187,-0.0038201957944973297,0.5999996185321272
2.721634835921969,0.4000001430521891,3.263981633974483,-0.1259,0.41759999999999997,True,2.721634835921969,-0.00481535653196735,0.4000001430521891
2.5608306902798126,0.40000014305219267,3.2039816339744824,-0.1209,0.41759999999999997,True,2.5608306902798126,-0.005950557544528127,0.40000014305219267
2.478166920970063,0.5000004768376165,3.1539816339744826,-0.11869999999999999,0.41759999999999997,True,2.478166920970063,-0.007457866046431594,0.5000004768376165
2.3941897604664235,0.4500000119221763,3.103981633974483,-0.1161,0.41759999999999997,True,2.3941897604664235,-0.008894305453338757,0.4500000119221763
2.2671983430437956,0.4500000119221754,3.053981633974483,-0.1118,0.41759999999999997,True,2.2671983430437956,-0.010030441440202183,0.4500000119221754
2.203637332402059,0.40000014305219356,3.013981633974483,-0.1101,0.41759999999999997,True,2.203637332402059,-0.011240303568305148,0.40000014305219356
2.0321543777725046,0.29999992847529455,2.973981633974483,-0.1025,0.41759999999999997,True,2.0321543777725046,-0.012183983756025214,0.29999992847529455
1.9388693957172347,0.30000028610256635,2.9439816339744826,-0.09910000000000001,0.41759999999999997,True,1.9388693957172347,-0.012959505060900762,0.30000028610256635
1.8479214568793692,0.25000005960531535,2.9139816339744824,-0.0956,0.41759999999999997,True,1.8479214568793692,-0.013817475304187117,0.25000005960531535
1.7780568257194758,0.14999984502841635,2.883981633974483,-0.0928,0.41759999999999997,True,1.7780568257194758,-0.014647080761981167,0.14999984502841635
1.6871022851370434,0.24999958276838008,2.853981633974483,-0.08900000000000001,0.41759999999999997,True,1.6871022851370434,-0.01551585131579826,0.24999958276838008
1.6468714006824736,0.29999969005682825,2.8239816339744825,-0.0882,0.41759999999999997,True,1.6468714006824736,-0.016674412406925684,0.29999969005682825
1.5638757547814142,0.2500002384188056,2.793981633974483,-0.0861,0.41759999999999997,True,1.5638757547814142,-0.018087059416759785,0.2500002384188056
1.5316063740246917,0.20000019073532993,2.7739816339744827,-0.0861,0.41759999999999997,True,1.5316063740246917,-0.01926185873068125,0.20000019073532993
1.3747370635735567,0.20000019073532993,2.7439816339744825,-0.078,0.41759999999999997,True,1.3747370635735567,-0.02035703903367125,0.20000019073532993
1.3318008418330867,0.2999999284752981,2.723981633974483,-0.0762,0.41759999999999997,True,1.3318008418330867,-0.021645040778544077,0.2999999284752981
1.2829146238690334,0.40000014305219356,2.713981633974483,-0.07440000000000001,0.41759999999999997,True,1.2829146238690334,-0.022837212906459195,0.40000014305219356
1.1976545915317673,0.30000028610256635,2.7039816339744824,-0.0692,0.41759999999999997,True,1.1976545915317673,-0.023482557247202444,0.30000028610256635
1.175393486500852,0.09999997615843004,2.6939816339744826,-0.0676,0.41759999999999997,True,1.175393486500852,-0.024400823022061535,0.09999997615843004
1.065880137452334,0.09999997615843448,2.683981633974483,-0.0617,0.41759999999999997,True,1.065880137452334,-0.025377098221104892,0.09999997615843448
1.0178748384116572,0.05000010728845172,2.6639816339744824,-0.059699999999999996,0.41759999999999997,True,1.0178748384116572,-0.026381325656613434,0.05000010728845172
0.9947665656635526,-0.05000010728845172,2.6539816339744826,-0.059000000000000004,0.41759999999999997,True,0.9947665656635526,-0.027439366594076905,-0.05000010728845172
0.9750428037640255,-0.0500000476837652,2.633981633974483,-0.0582,0.41759999999999997,True,0.9750428037640255,-0.028189363128872217,-0.0500000476837652
0.9709890632375164,0.04999986886998631,2.6239816339744824,-0.0582,0.41759999999999997,True,0.9709890632375164,-0.029374275392258377,0.04999986886998631
0.975941105816523,0.09999997615843448,2.6139816339744826,-0.0584,0.41759999999999997,True,0.975941105816523,-0.029956144040596454,0.09999997615843448
0.9756692863786325,0.05000010728844728,2.603981633974483,-0.0584,0.41759999999999997,True,0.9756692863786325,-0.03011716423466568,0.05000010728844728
0.9439122160236039,0.05000010728844728,2.603981633974483,-0.0571,0.41759999999999997,True,0.9439122160236039,-0.03087796871685818,0.05000010728844728
0.9177896117119598,0.050000047683759874,2.603981633974483,-0.0554,0.41759999999999997,True,0.9177896117119598,-0.031226354936426528,0.050000047683759874
0.9175225697954582,0.049999868869982755,2.593981633974483,-0.054900000000000004,0.41759999999999997,True,0.9175225697954582,-0.03131855932080676,0.049999868869982755
0.8988031989157689,0.049999868869982755,2.603981633974483,-0.0537,0.41759999999999997,True,0.8988031989157689,-0.0315374670359812,0.049999868869982755
0.8917874112409477,-0.049999868869982755,2.603981633974483,-0.053200000000000004,0.41759999999999997,True,0.8917874112409477,-0.03183585152838654,-0.049999868869982755
0.8905951087709743,-0.09999997615843004,2.603981633974483,-0.0525,0.41759999999999997,True,0.8905951087709743,-0.03174024877040329,-0.09999997615843004
0.7553073656166657,-0.15000014305128495,2.603981633974483,-0.0438,0.41759999999999997,True,0.7553073656166657,-0.0315956993665875,-0.15000014305128495
0.7643990518047427,-0.15000008344688176,2.6139816339744826,-0.043899999999999995,0.41759999999999997,True,0.7643990518047427,-0.03158459936610922,-0.15000008344688176
0.7928792976870941,-0.04999986886998187,2.6139816339744826,-0.0458,0.41759999999999997,True,0.7928792976870941,-0.03191258173548548,-0.04999986886998187
0.8034140384127196,-0.049999868869982755,2.6239816339744824,-0.047,0.41759999999999997,True,0.8034140384127196,-0.03244763082485532,-0.049999868869982755
0.7986120352626175,-0.09999997615843004,2.633981633974483,-0.046900000000000004,0.41759999999999997,True,0.7986120352626175,-0.03263632736001287,-0.09999997615843004
0.8013288468773897,0.0,2.633981633974483,-0.047,0.41759999999999997,True,0.8013288468773897,-0.032456241518081436,0.0
0.8281955648682796,2.3841846541472478e-07,2.633981633974483,-0.0487,0.41759999999999997,True,0.8281955648682796,-0.032607649745008266,2.3841846541472478e-07
0.835179455075578,2.3841846541472478e-07,2.633981633974483,-0.049400000000000006,0.41759999999999997,True,0.835179455075578,-0.03298825094589202,2.3841846541472478e-07
0.8291509430877183,0.05000010728844728,2.633981633974483,-0.049,0.41759999999999997,True,0.8291509430877183,-0.03305675030114007,0.05000010728844728
0.8235931453622496,0.05000010728844817,2.6239816339744824,-0.048499999999999995,0.41759999999999997,True,0.8235931453622496,-0.033284026448455975,0.05000010728844817
0.8340957194668667,0.05000004768376076,2.6139816339744826,-0.048799999999999996,0.41759999999999997,True,0.8340957194668667,-0.033504563609578215,0.05000004768376076
0.8182718211275767,0.0,2.603981633974483,-0.047599999999999996,0.41759999999999997,True,0.8182718211275767,-0.03380941734681878,0.0
0.8213521671267986,0.05000010728844728,2.603981633974483,-0.047599999999999996,0.41759999999999997,True,0.8213521671267986,-0.034121311184727325,0.05000010728844728
0.8064016631436987,0.14999984502841635,2.593981633974483,-0.046900000000000004,0.41759999999999997,True,0.8064016631436987,-0.03454977252499412,0.14999984502841635
0.7912810308399368,0.09999973773996906,2.593981633974483,-0.04650000000000001,0.41759999999999997,True,0.7912810308399368,-0.035059504178291394,0.09999973773996906
0.7589953249926683,-0.050000047683759874,2.593981633974483,-0.0451,0.41759999999999997,True,0.7589953249926683,-0.035792201730922076,-0.050000047683759874
0.734203784794341,-0.05000010728844817,2.593981633974483,-0.0435,0.41759999999999997,True,0.734203784794341,-0.036103658138733924,-0.05000010728844817
0.7421558686762932,8.881784197001252e-16,2.593981633974483,-0.0435,0.41759999999999997,True,0.7421558686762932,-0.03620300694669693,8.881784197001252e-16
0.7507536510341781,-8.881784197001252e-16,2.593981633974483,-0.0438,0.41759999999999997,True,0.7507536510341781,-0.03633049123305402,-8.881784197001252e-16
0.752092864886005,0.05000010728844817,2.583981633974483,-0.044199999999999996,0.41759999999999997,True,0.752092864886005,-0.03668627425591016,0.05000010728844817
0.7241371346701766,0.10000009536751975,2.583981633974483,-0.0431,0.41759999999999997,True,0.7241371346701766,-0.03716304133807895,0.10000009536751975
0.7163145455850812,2.3841846541472478e-07,2.583981633974483,-0.0431,0.41759999999999997,True,0.7163145455850812,-0.03776063918709131,2.3841846541472478e-07
0.7036615937229267,-0.04999986886998187,2.583981633974483,-0.0425,0.41759999999999997,True,0.7036615937229267,-0.03791744630678751,-0.04999986886998187
0.6912929990010036,0.04999986886998187,2.583981633974483,-0.042,0.41759999999999997,True,0.6912929990010036,-0.03808828639204,0.04999986886998187
0.6789219743918237,0.04999986886998187,2.583981633974483,-0.0417,0.41759999999999997,True,0.6789219743918237,-0.03862261438477993,0.04999986886998187
0.654828240044365,0.0,2.583981633974483,-0.0405,0.41759999999999997,True,0.654828240044365,-0.03897651688420971,0.0
0.6529738598033425,-0.09999973773996462,2.583981633974483,-0.0406,0.41759999999999997,True,0.6529738598033425,-0.039282903761536876,-0.09999973773996462
0.6523955778212287,-0.09999973773996373,2.583981633974483,-0.0409,0.41759999999999997,True,0.6523955778212287,-0.039888064769651906,-0.09999973773996373
0.6535726508101445,-8.881784197001252e-16,2.5739816339744825,-0.041299999999999996,0.41759999999999997,True,0.6535726508101445,-0.0404632188445581,-8.881784197001252e-16
0.6512412251587658,0.10000021457689545,2.5739816339744825,-0.0416,0.41759999999999997,True,0.6512412251587658,-0.04109511739155388,0.10000021457689545
0.6462734856052937,0.1500001430512805,2.583981633974483,-0.04190000000000001,0.41759999999999997,True,0.6462734856052937,-0.04197963798568373,0.1500001430512805
0.6220232511634566,0.05000010728844817,2.583981633974483,-0.0409,0.41759999999999997,True,0.6220232511634566,-0.0427498029299752,0.05000010728844817
0.5997100683590763,0.0,2.593981633974483,-0.0398,0.41759999999999997,True,0.5997100683590763,-0.043315708681022365,0.0
0.5831701651375981,-0.09999973773996462,2.593981633974483,-0.039,0.41759999999999997,True,0.5831701651375981,-0.04375723762447509,-0.09999973773996462
0.574470083792266,-0.09999973773996462,2.603981633974483,-0.039,0.41759999999999997,True,0.574470083792266,-0.04475625376915306,-0.09999973773996462
0.5659600795980031,-0.10000009536752508,2.603981633974483,-0.039,0.41759999999999997,True,0.5659600795980031,-0.04564625101220682,-0.10000009536752508
0.5720618668909192,-0.19999995231686452,2.6139816339744826,-0.04,0.41759999999999997,True,0.5720618668909192,-0.04639664553585945,-0.19999995231686452
0.5746443798464436,-0.2500000596053118,2.6239816339744824,-0.0406,0.41759999999999997,True,0.5746443798464436,-0.04696315010627305,-0.2500000596053118
0.5827655365149416,-0.2500000596053118,2.633981633974483,-0.0416,0.41759999999999997,True,0.5827655365149416,-0.04759954518279613,-0.2500000596053118
0.5948647876022845,-0.1499998450284119,2.633981633974483,-0.042699999999999995,0.41759999999999997,True,0.5948647876022845,-0.0481491908314693,-0.1499998450284119
0.6260528684050745,-0.10000009536752419,2.643981633974483,-0.045,0.41759999999999997,True,0.6260528684050745,-0.04839552185415191,-0.10000009536752419
0.6736299160563249,-0.09999997615843448,2.643981633974483,-0.0483,0.41759999999999997,True,0.6736299160563249,-0.04842240830446298,-0.09999997615843448
0.6858413501848127,-0.09999997615842915,2.6539816339744826,-0.0492,0.41759999999999997,True,0.6858413501848127,-0.04855931524012823,-0.09999997615842915
0.7008377396993201,-0.09999997615843004,2.6639816339744824,-0.050499999999999996,0.41759999999999997,True,0.7008377396993201,-0.04899934157448412,-0.09999997615843004
0.7230434671441826,-0.049999868869982755,2.6639816339744824,-0.0521,0.41759999999999997,True,0.7230434671441826,-0.04937946573374822,-0.049999868869982755
0.7376302117431716,0.0,2.6639816339744824,-0.053,0.41759999999999997,True,0.7376302117431716,-0.049268617773435656,0.0
0.7417959560697626,0.0,2.6639816339744824,-0.053399999999999996,0.41759999999999997,True,0.7417959560697626,-0.04930558617982941,0.0
0.7451345673564416,0.05000010728844817,2.673981633974483,-0.053899999999999997,0.41759999999999997,True,0.7451345673564416,-0.04976308421577452,0.05000010728844817
0.7470194889185815,0.09999997615843004,2.673981633974483,-0.0541,0.41759999999999997,True,0.7470194889185815,-0.04995120050285424,0.09999997615843004
0.7516759793052367,0.09999997615843004,2.673981633974483,-0.0542,0.41759999999999997,True,0.7516759793052367,-0.04981746970600208,0.09999997615843004
0.7440007293973493,0.05000004768376076,2.673981633974483,-0.0533,0.41759999999999997,True,0.7440007293973493,-0.04964823259146763,0.05000004768376076
0.7340410500344483,-8.881784197001252e-16,2.673981633974483,-0.0521,0.41759999999999997,True,0.7340410500344483,-0.049346271268751754,-8.881784197001252e-16
0.741743348297323,-0.10000021457689456,2.673981633974483,-0.0521,0.41759999999999997,True,0.741743348297323,-0.04907546157928617,-0.10000021457689456
0.7445434706930728,-0.1500000834468782,2.673981633974483,-0.0521,0.41759999999999997,True,0.7445434706930728,-0.04917328091413994,-0.1500000834468782
0.7530697239732598,-0.15000008344688176,2.6639816339744824,-0.0527,0.41759999999999997,True,0.7530697239732598,-0.04954228582901395,-0.15000008344688176
0.7845988688267929,-0.10000009536752419,2.6539816339744826,-0.054900000000000004,0.41759999999999997,True,0.7845988688267929,-0.049905825090185055,-0.10000009536752419
0.7888195660191615,-8.881784197001252e-16,2.6539816339744826,-0.054900000000000004,0.41759999999999997,True,0.7888195660191615,-0.04994259656029898,-8.881784197001252e-16
0.823789863034408,0.05000010728844817,2.643981633974483,-0.0572,0.41759999999999997,True,0.823789863034408,-0.050206198754024205,0.05000010728844817
0.8170513928679453,0.09999997615843359,2.643981633974483,-0.0567,0.41759999999999997,True,0.8170513928679453,-0.05049553634659592,0.09999997615843359
0.8188641934054054,0.15000008344688176,2.633981633974483,-0.0567,0.41759999999999997,True,0.8188641934054054,-0.05052989555704227,0.15000008344688176
0.8090932875673601,0.2000001907350457,2.643981633974483,-0.0558,0.41759999999999997,True,0.8090932875673601,-0.050380900390190386,0.2000001907350457
0.7896018007190045,0.10000021457689989,2.643981633974483,-0.054299999999999994,0.41759999999999997,True,0.7896018007190045,-0.05036426114258396,0.10000021457689989
0.774395576424335,0.05000010728844728,2.643981633974483,-0.053200000000000004,0.41759999999999997,True,0.774395576424335,-0.050350663981793393,0.05000010728844728
0.7654592580824463,0.09999997615843004,2.643981633974483,-0.0525,0.41759999999999997,True,0.7654592580824463,-0.050338339201100424,0.09999997615843004
0.7577349657986366,0.049999868869982755,2.643981633974483,-0.052000000000000005,0.41759999999999997,True,0.7577349657986366,-0.05038198463140561,0.049999868869982755
0.7477687423107097,-0.05000004768376076,2.643981633974483,-0.0516,0.41759999999999997,True,0.7477687423107097,-0.050737365323381495,-0.05000004768376076
0.7404046788030829,0.04999963045151645,2.643981633974483,-0.051,0.41759999999999997,True,0.7404046788030829,-0.05077623688015442,0.04999963045151645
0.7258804308872148,-4.7683693082944956e-07,2.643981633974483,-0.049699999999999994,0.41759999999999997,True,0.7258804308872148,-0.05065262546902662,-4.7683693082944956e-07
0.4141789431191111,-0.15000008344687732,2.633981633974483,-0.0282,0.41759999999999997,True,0.4141789431191111,-0.05035994792608002,-0.15000008344687732
0.07936030620584003,-0.15000008344688176,2.643981633974483,-0.0054,0.41759999999999997,True,0.07936030620584003,-0.050361048248444944,-0.15000008344688176
-0.25331965863478706,-0.2000001907350457,2.6539816339744826,0.0173,0.41759999999999997,False,-0.25331965863478706,-0.050276501748262224,-0.2000001907350457
-0.5828295620511069,-0.34999955892681545,2.6639816339744824,0.0401,0.41759999999999997,False,-0.5828295620511069,-0.05018253078707208,-0.34999955892681545
-0.9047818030126068,-0.39999966621526273,2.683981633974483,0.0626,0.41759999999999997,False,-0.9047818030126068,-0.05009966445238242,-0.39999966621526273
-1.2338306615511878,-0.49999940395522735,2.713981633974483,0.08539999999999999,0.41759999999999997,False,-1.2338306615511878,-0.04928150071635256,-0.49999940395522735
-1.554184920549192,-0.6999998331090262,2.753981633974483,0.1081,0.41759999999999997,False,-1.554184920549192,-0.04856015803820678,-0.6999998331090262
-1.867247502555767,-0.5500005245213764,2.803981633974483,0.1307,0.41759999999999997,False,-1.867247502555767,-0.04782263676110651,-0.5500005245213764
-2.1826020025998942,-0.5499995112436746,2.843981633974483,0.1535,0.41759999999999997,False,-2.1826020025998942,-0.04711177352352523,-0.5499995112436746
-2.4893986012485985,-0.850000154974369,2.9039816339744826,0.1761,0.41759999999999997,False,-2.4893986012485985,-0.04601808441402172,-0.850000154974369
-2.753185006358505,-0.8500001549743708,2.9839816339744827,0.1949,0.41759999999999997,False,-2.753185006358505,-0.04459766238593576,-0.8500001549743708
-2.764863336502238,-0.8000000476859217,3.053981633974483,0.1948,0.41759999999999997,False,-2.764863336502238,-0.04314774083013942,-0.8000000476859217
-2.776312291944611,-0.8500008106239463,3.143981633974483,0.1948,0.41759999999999997,False,-2.776312291944611,-0.04109639459376901,-0.8500008106239463
-2.7623192706906416,-0.7000000715274872,3.2339816339744827,0.1948,0.41759999999999997,False,-2.7623192706906416,-0.039505995054656066,-0.7000000715274872
-2.7718081392896,-0.8000002861043818,3.3239816339744825,0.1948,0.41759999999999997,False,-2.7718081392896,-0.03734783559477062,-0.8000002861043818
-2.7916444805897562,-0.9999997615843217,3.433981633974483,0.1948,0.41759999999999997,False,-2.7916444805897562,-0.03471020104622743,-0.9999997615843217
-2.7889787728560127,-0.8499994397189763,3.543981633974483,0.1948,0.41759999999999997,False,-2.7889787728560127,-0.0322556122278118,-0.8499994397189763
-2.7843776733322905,-0.850000810623941,3.643981633974483,0.1948,0.41759999999999997,False,-2.7843776733322905,-0.02972439027503554,-0.850000810623941
-2.79509801468674,-0.9499998927143363,3.753981633974483,0.1948,0.41759999999999997,False,-2.79509801468674,-0.02616370816102761,-0.9499998927143363
-2.8308503201473605,-0.8499996781374399,3.8639816339744826,0.1948,0.41759999999999997,False,-2.8308503201473605,-0.02259574858584155,-0.8499996781374399
-2.911740272519543,-0.8999995470074236,3.9639816339744827,0.1948,0.41759999999999997,False,-2.911740272519543,-0.01830284208432361,-0.8999995470074236
-2.926676309789688,-0.9499996542958709,4.073981633974483,0.19,0.41759999999999997,False,-2.926676309789688,-0.013186164431726074,-0.9499996542958709
-2.94884682814396,-0.850000810623941,4.193981633974483,0.1864,0.41759999999999997,False,-2.94884682814396,-0.007459719611364093,-0.850000810623941
-3.010442427025322,-0.8999995470074236,4.303981633974483,0.1834,0.41759999999999997,False,-3.010442427025322,-0.0006326504775894051,-0.8999995470074236
-3.0678564383714777,-0.9999997615843199,4.423981633974483,0.1788,0.41759999999999997,False,-3.0678564383714777,0.008408754707318325,-0.9999997615843199
-3.1803651434849427,-0.9999997615843181,4.553981633974483,0.1766,0.41759999999999997,False,-3.1803651434849427,0.02060686679025906,-0.9999997615843181
-3.2437451543017395,-1.0499998688727672,4.663981633974483,0.1741,0.41759999999999997,False,-3.2437451543017395,0.032466370488143964,-1.0499998688727672
-3.2484292926437877,-1.0500010013589876,4.7839816339744825,0.1707,0.41759999999999997,False,-3.2484292926437877,0.043089174221211175,-1.0500010013589876
-3.2451821716550455,-0.9000000238443526,4.903981633974483,0.1675,0.41759999999999997,False,-3.2451821716550455,0.04736320131315402,-0.9000000238443526
-3.2320084804571363,-0.7999998092674581,5.013981633974483,0.1635,0.41759999999999997,False,-3.2320084804571363,0.04708555888907571,-0.7999998092674581
-3.3142436506230295,-0.7999998092674545,5.133981633974482,0.1631,0.41759999999999997,False,-3.3142436506230295,0.04442342737607518,-0.7999998092674545
-3.3403731363103373,-0.8499999165559089,5.243981633974483,0.15990000000000001,0.41759999999999997,False,-3.3403731363103373,0.04101835376348673,-0.8499999165559089
-3.3658032371978646,-0.8500008106239392,5.343981633974483,0.15789999999999998,0.41759999999999997,False,-3.3658032371978646,0.03819781118442211,-0.8500008106239392
-3.3239694227905425,-0.7499999403974691,5.433981633974483,0.1553,0.41759999999999997,False,-3.3239694227905425,0.036068600832719414,-0.7499999403974691
-3.225855688436436,-0.6499997258205781,5.543981633974482,0.1518,0.41759999999999997,False,-3.225855688436436,0.03452468578710183,-0.6499997258205781
-3.145565376191645,-0.6499997258205745,5.633981633974482,0.1487,0.41759999999999997,False,-3.145565376191645,0.03305570111289973,-0.6499997258205745
-3.096372537711558,-0.7499999403974762,5.723981633974483,0.1471,0.41759999999999997,False,-3.096372537711558,0.032138861269222656,-0.7499999403974762
-3.0321823172968028,-0.750000715256423,5.823981633974483,0.1451,0.41759999999999997,False,-3.0321823172968028,0.031043652281702572,-0.750000715256423
-2.951028655097803,-0.7499997019790072,5.903981633974483,0.1409,0.41759999999999997,False,-2.951028655097803,0.029732344484227655,-0.7499997019790072
-2.905496702388268,-0.8499999165559053,5.983981633974483,0.1366,0.41759999999999997,False,-2.905496702388268,0.028177280765789164,-0.8499999165559053
-2.823164936342799,-0.8000000476859199,6.053981633974483,0.1325,0.41759999999999997,False,-2.823164936342799,0.02698450480828156,-0.8000000476859199
-2.6697382501037494,-0.5999996185321308,6.123981633974482,0.12710000000000002,0.41759999999999997,False,-2.6697382501037494,0.026273748859481187,-0.5999996185321308
-2.474887060132748,-0.5500005245213728,6.193981633974483,0.1202,0.41759999999999997,False,-2.474887060132748,0.025778004509828818,-0.5500005245213728
-2.3942344416369936,-0.5499999880806072,6.253981633974483,0.11699999999999999,0.41759999999999997,False,-2.3942344416369936,0.02466396695221741,-0.5499999880806072
-2.256508345933796,-0.5499999880806108,0.04079632679489653,0.1104,0.41759999999999997,False,-2.256508345933796,0.023314984943878805,-0.5499999880806108
-2.1558472888304885,-0.649999725820571,0.09079632679489658,0.1069,0.41759999999999997,False,-2.1558472888304885,0.02257953859010054,-0.649999725820571
-2.04710197403503,-0.54999951124368,0.15079632679489663,0.1027,0.41759999999999997,False,-2.04710197403503,0.021360307904854912,-0.54999951124368
-1.9394641630786085,-0.40000038147008965,0.20079632679489645,0.0981,0.41759999999999997,False,-1.9394641630786085,0.020231252403894215,-0.40000038147008965
-1.8304266906993882,-0.4499997735037091,0.2607963267948965,0.0933,0.41759999999999997,False,-1.8304266906993882,0.018932620503862463,-0.4499997735037091
-1.7634511127704982,-0.4499997735037162,0.31079632679489655,0.091,0.41759999999999997,False,-1.7634511127704982,0.01777137106766583,-0.4499997735037162
-1.6526461561754076,-0.35000003576374183,0.3607963267948966,0.0861,0.41759999999999997,False,-1.6526461561754076,0.01664380856891617,-0.35000003576374183
-1.5672200107235381,-0.29999992847529455,0.40079632679489663,0.08199999999999999,0.41759999999999997,False,-1.5672200107235381,0.015625109607549717,-0.29999992847529455
-1.4786667149676724,-0.3500003337863262,0.45079632679489645,0.0779,0.41759999999999997,False,-1.4786667149676724,0.014356788685845955,-0.3500003337863262
-1.4219612734202405,-0.39999990463372725,0.4907963267948965,0.076,0.41759999999999997,False,-1.4219612734202405,0.013394935833561529,-0.39999990463372725
-1.3127976653332691,-0.3999999046337308,0.5207963267948965,0.07139999999999999,0.41759999999999997,False,-1.3127976653332691,0.01268788043173241,-0.3999999046337308
-1.2505350828638315,-0.3500000357637454,0.5607963267948965,0.0692,0.41759999999999997,False,-1.2505350828638315,0.011686959167447771,-0.3500000357637454
-1.1467488573306681,-0.1499996066099527,0.5907963267948966,0.0647,0.41759999999999997,False,-1.1467488573306681,0.010885233418496261,-0.1499996066099527
-1.0548722999096394,-0.050000047683759874,0.6207963267948966,0.06,0.41759999999999997,False,-1.0548722999096394,0.01011856842408993,-0.050000047683759874
-1.004634809439887,-0.19999971389839644,0.6607963267948965,0.0574,0.41759999999999997,False,-1.004634809439887,0.0087600051952864,-0.19999971389839644
-0.9610253212262129,-0.1999997138984,0.6907963267948966,0.054900000000000004,0.41759999999999997,False,-0.9610253212262129,0.007405439815892227,-0.1999997138984
-0.9099056447916406,-0.09999997615842915,0.7107963267948966,0.0527,0.41759999999999997,False,-0.9099056447916406,0.006211012995623241,-0.09999997615842915
-0.8308608854834901,-0.15000008344688354,0.7407963267948966,0.049100000000000005,0.41759999999999997,False,-0.8308608854834901,0.0049677230896125685,-0.15000008344688354
-0.8013277079475499,-0.15000014305128673,0.7607963267948965,0.047400000000000005,0.41759999999999997,False,-0.8013277079475499,0.0036906466987228132,-0.15000014305128673
-0.7749554480681443,-0.09999997615842915,0.7707963267948965,0.0454,0.41759999999999997,False,-0.7749554480681443,0.002816926298711193,-0.09999997615842915
-0.7456992641448579,-0.15000008344687643,0.7907963267948965,0.043899999999999995,0.41759999999999997,False,-0.7456992641448579,0.0018064751088814723,-0.15000008344687643
-0.6970656845226263,-0.24999982118684372,0.8007963267948965,0.0412,0.41759999999999997,False,-0.6970656845226263,0.00069508927691886,-0.24999982118684372
-0.6550433292795785,-0.19999971389840354,0.8107963267948965,0.0387,0.41759999999999997,False,-0.6550433292795785,-0.00042659413930484167,-0.19999971389840354
-0.607930786851892,-0.15000014305128673,0.8207963267948966,0.0361,0.41759999999999997,False,-0.607930786851892,-0.0013660700377088858,-0.15000014305128673
-0.570303217934259,-0.15000008344687643,0.8307963267948966,0.034,0.41759999999999997,False,-0.570303217934259,-0.0022189511645102217,-0.15000008344687643
-0.5322518999517647,-0.15000008344688354,0.8407963267948966,0.0317,0.41759999999999997,False,-0.5322518999517647,-0.0034326801959282116,-0.15000008344688354
-0.48864968325135705,-0.15000008344688354,0.8507963267948966,0.029300000000000003,0.41759999999999997,False,-0.48864968325135705,-0.004957964671108922,-0.15000008344688354
-0.46095261607518706,-0.20000019073533437,0.8707963267948966,0.0278,0.41759999999999997,False,-0.46095261607518706,-0.005924643748078487,-0.20000019073533437
-0.4134860509871943,-0.3000002861025628,0.8807963267948966,0.025099999999999997,0.41759999999999997,False,-0.4134860509871943,-0.006895277362433711,-0.3000002861025628
-0.3705095021295568,-0.25000005960530913,0.8907963267948965,0.0227,0.41759999999999997,False,-0.3705095021295568,-0.008086452246968029,-0.25000005960530913
-0.3260075341825853,-0.19999995231686896,0.8907963267948965,0.020099999999999996,0.41759999999999997,False,-0.3260075341825853,-0.008997455677812974,-0.19999995231686896
-0.26952356094013663,-0.15000008344687998,0.9007963267948965,0.0166,0.41759999999999997,False,-0.26952356094013663,-0.009938782992402136,-0.15000008344687998
-0.21742085836517672,-0.09999997615843625,0.9007963267948965,0.0134,0.41759999999999997,False,-0.21742085836517672,-0.010584486032489107,-0.09999997615843625
-0.1774326051417781,-0.1000000953675233,0.9007963267948965,0.011000000000000001,0.41759999999999997,False,-0.1774326051417781,-0.01146028456929916,-0.1000000953675233
-0.15344298538822385,-2.3841846541472478e-07,0.9107963267948965,0.0096,0.41759999999999997,False,-0.15344298538822385,-0.012410408534041692,-2.3841846541472478e-07
-0.12271548909182363,0.04999986886998187,0.9107963267948965,0.0077,0.41759999999999997,False,-0.12271548909182363,-0.01329645218872135,0.04999986886998187
-0.0968946583005112,-0.04999986886998187,0.9207963267948965,0.0060999999999999995,0.41759999999999997,False,-0.0968946583005112,-0.014066624951541163,-0.04999986886998187
-0.09172856499119436,2.3841846541472478e-07,0.9307963267948965,0.0058,0.41759999999999997,False,-0.09172856499119436,-0.014772447314062244,2.3841846541472478e-07
-0.08057491111680336,0.1000000953675233,0.9307963267948965,0.0051,0.41759999999999997,False,-0.08057491111680336,-0.015369673250076174,0.1000000953675233
-0.0539696034669498,0.050000107288450835,0.9307963267948965,0.0034000000000000002,0.41759999999999997,False,-0.0539696034669498,-0.016114336626783184,0.050000107288450835
-0.05711927917932279,-0.050000107288450835,0.9407963267948966,0.0036,0.41759999999999997,False,-0.05711927917932279,-0.016523222379368836,-0.050000107288450835
-0.051998560027633804,-2.384184618620111e-07,0.9307963267948965,0.0033,0.41759999999999997,False,-0.051998560027633804,-0.01670712505865849,-2.384184618620111e-07
-0.05171871603438162,0.15000008344688354,0.9307963267948965,0.0033,0.41759999999999997,False,-0.05171871603438162,-0.0169631768196017,0.15000008344688354
-0.04979080246782921,0.15000014305128317,0.9307963267948965,0.0032,0.41759999999999997,False,-0.04979080246782921,-0.01704045713940122,0.15000014305128317
-0.03549674006760771,0.09999997615842915,0.9207963267948965,0.0023,0.41759999999999997,False,-0.03549674006760771,-0.01734876847856032,0.09999997615842915
-0.04750137694381113,-2.3841846541472478e-07,0.9207963267948965,0.0031,0.41759999999999997,False,-0.04750137694381113,-0.017671305397490105,-2.3841846541472478e-07
-0.05653478536028622,-0.05000010728844728,0.9207963267948965,0.0037,0.41759999999999997,False,-0.05653478536028622,-0.017595349523704323,-0.05000010728844728
-0.04698942514507942,-0.05000010728844728,0.9107963267948965,0.0031,0.41759999999999997,False,-0.04698942514507942,-0.01771700875439762,-0.05000010728844728
-0.034584513155162096,-0.050000047683759874,0.9007963267948965,0.0023,0.41759999999999997,False,-0.034584513155162096,-0.017771027255204797,-0.050000047683759874
-0.019523681220924072,0.04999986886998187,0.8907963267948965,0.0013,0.41759999999999997,False,-0.019523681220924072,-0.017713148395646947,0.04999986886998187
-0.004517336166409988,0.15000008344687998,0.8807963267948966,0.0003,0.41759999999999997,False,-0.004517336166409988,-0.01776447274305801,0.15000008344687998
-0.0,0.10000021457690167,0.8807963267948966,0.0,0.41759999999999997,False,-0.0,-0.018068268105371106,0.10000021457690167
-0.007561424397609254,0.10000021457689101,0.8707963267948966,0.0005,0.41759999999999997,False,-0.007561424397609254,-0.018227745861987107,0.10000021457689101
-0.03005775821492459,0.050000047683759874,0.8707963267948966,0.002,0.41759999999999997,False,-0.03005775821492459,-0.01858065445629654,0.050000047683759874
-0.029813664122576945,-2.384184618620111e-07,0.8607963267948966,0.002,0.41759999999999997,False,-0.029813664122576945,-0.018887369435442992,-2.384184618620111e-07
-0.03559862623737417,0.20000019073532727,0.8507963267948966,0.0024,0.41759999999999997,False,-0.03559862623737417,-0.01896454696475059,0.20000019073532727
-0.02669307167379522,0.10000045299536353,0.8507963267948966,0.0018,0.41759999999999997,False,-0.02669307167379522,-0.019159647338421616,0.10000045299536353
-0.03425902504868188,-0.09999997615843625,0.8507963267948966,0.0023,0.41759999999999997,False,-0.03425902504868188,-0.019020558358637984,-0.09999997615843625
-0.043044147818916245,0.05000004768376343,0.8407963267948966,0.0029,0.41759999999999997,False,-0.043044147818916245,-0.018750265938349407,0.05000004768376343
-0.0354214842761196,0.10000021457690167,0.8307963267948966,0.0024,0.41759999999999997,False,-0.0354214842761196,-0.018983714712729787,0.10000021457690167
-0.041200880046939926,0.10000021457689456,0.8307963267948966,0.0028000000000000004,0.41759999999999997,False,-0.041200880046939926,-0.01911689678526614,0.10000021457689456
-0.02938579753187121,0.10000021457689812,0.8207963267948966,0.002,0.41759999999999997,False,-0.02938579753187121,-0.0190795553501998,0.10000021457689812
-0.040876097158533214,0.1500003218653454,0.8207963267948966,0.0028000000000000004,0.41759999999999997,False,-0.040876097158533214,-0.0192804605837108,0.1500003218653454
-0.0408035012275688,0.15000014305128317,0.8207963267948966,0.0028000000000000004,0.41759999999999997,False,-0.0408035012275688,-0.019299800782393246,0.15000014305128317
-0.04955713793829287,-0.04999986886998187,0.8107963267948965,0.0034000000000000002,0.41759999999999997,False,-0.04955713793829287,-0.019038709402006485,-0.04999986886998187
-0.05952376506206098,-0.0999999761584327,0.8007963267948965,0.0040999999999999995,0.41759999999999997,False,-0.05952376506206098,-0.0187879937000132,-0.0999999761584327
-0.059631044190509436,0.04999963045151645,0.7907963267948965,0.0040999999999999995,0.41759999999999997,False,-0.059631044190509436,-0.01842113017880397,0.04999963045151645
-0.04864584472935407,0.3000001668937564,0.7807963267948965,0.0033,0.41759999999999997,False,-0.04864584472935407,-0.01844132579118657,0.3000001668937564
-0.03592895717497965,0.3000002861025699,0.7707963267948965,0.0024,0.41759999999999997,False,-0.03592895717497965,-0.018709607276642115,0.3000002861025699
-0.06703770167212636,0.10000021457690167,0.7707963267948965,0.0044,0.41759999999999997,False,-0.06703770167212636,-0.01855705924287781,0.10000021457690167
-0.1103190123218302,0.0,0.7707963267948965,0.0072,0.41759999999999997,False,-0.1103190123218302,-0.018545843553790554,0.0
-0.115460280668873,-0.04999986886998542,0.7707963267948965,0.0076,0.41759999999999997,False,-0.115460280668873,-0.018835997104780934,-0.04999986886998542
-0.10990050250076858,-0.04999986886998897,0.7607963267948965,0.0073,0.41759999999999997,False,-0.10990050250076858,-0.019078653914011427,-0.04999986886998897
-0.10047207278598864,-0.050000047683759874,0.7607963267948965,0.0067,0.41759999999999997,False,-0.10047207278598864,-0.019088148588590995,-0.050000047683759874
-0.07128090142646565,-0.05000010728844373,0.7507963267948966,0.0048,0.41759999999999997,False,-0.07128090142646565,-0.019261776074380437,-0.05000010728844373
-0.05956185202086469,-0.050000107288450835,0.7607963267948965,0.004,0.41759999999999997,False,-0.05956185202086469,-0.019449295057614963,-0.050000107288450835
-0.04793390485628803,-0.05000010728844373,0.7607963267948965,0.0032,0.41759999999999997,False,-0.04793390485628803,-0.019749736389371626,-0.05000010728844373
-0.034656583129044974,-3.552713678800501e-15,0.7707963267948965,0.0023,0.41759999999999997,False,-0.034656583129044974,-0.019910571230812968,-3.552713678800501e-15
-0.016584831749496997,0.050000047683759874,0.7707963267948965,0.0011,0.41759999999999997,False,-0.016584831749496997,-0.02028858602164048,0.050000047683759874
0.007527564220448283,0.14999984502841812,0.7707963267948965,-0.0005,0.41759999999999997,True,0.007527564220448283,-0.020828378858563073,0.14999984502841812
0.012122670745670722,0.0499996304515129,0.7807963267948965,-0.0008,0.41759999999999997,True,0.012122670745670722,-0.02115796290044225,0.0499996304515129
-0.0030461125871073724,-2.3841846541472478e-07,0.7807963267948965,0.0002,0.41759999999999997,False,-0.0030461125871073724,-0.021264649327439822,-2.3841846541472478e-07
0.007612202472950408,0.04999986886998542,0.7907963267948965,-0.0005,0.41759999999999997,True,0.007612202472950408,-0.021306097946901564,0.04999986886998542
0.022735049523445083,0.0,0.7807963267948965,-0.0015,0.41759999999999997,True,0.022735049523445083,-0.02146598661999248,0.0
0.02413154401993456,0.0,0.7807963267948965,-0.0016,0.41759999999999997,True,0.02413154401993456,-0.021446392600391363,0.0
0.03595964981056811,0.05000010728844728,0.7807963267948965,-0.0024,0.41759999999999997,True,0.03595964981056811,-0.021543530672988604,0.05000010728844728
0.04912752570691073,0.09999997615842915,0.7707963267948965,-0.0033,0.41759999999999997,True,0.04912752570691073,-0.02159120780997034,0.09999997615842915
0.0518609225682752,0.15000008344687643,0.7707963267948965,-0.0034999999999999996,0.41759999999999997,True,0.0518609225682752,-0.021696099271877555,0.15000008344687643
0.05628050010833478,0.15000014305128317,0.7707963267948965,-0.0038,0.41759999999999997,True,0.05628050010833478,-0.021669460052950448,0.15000014305128317
0.033900142540415186,2.3841846896743846e-07,0.7607963267948965,-0.0023,0.41759999999999997,True,0.033900142540415186,-0.021759332350628848,2.3841846896743846e-07
0.033739795819759964,-0.04999986886998542,0.7607963267948965,-0.0023,0.41759999999999997,True,0.033739795819759964,-0.021975677215475515,-0.04999986886998542
0.02794217004776388,3.552713678800501e-15,0.7507963267948966,-0.0019,0.41759999999999997,True,0.02794217004776388,-0.022041129842799132,3.552713678800501e-15
0.048759332920197566,-3.552713678800501e-15,0.7407963267948966,-0.0033,0.41759999999999997,True,0.048759332920197566,-0.02222747086290194,-3.552713678800501e-15
0.05637820085707589,0.0,0.7407963267948966,-0.0038,0.41759999999999997,True,0.05637820085707589,-0.02249112598578766,0.0
0.07277828433969168,-0.04999986886998187,0.7407963267948966,-0.0049,0.41759999999999997,True,0.07277828433969168,-0.022602199852154455,-0.04999986886998187
0.08297903252883958,-0.04999986886998542,0.7407963267948966,-0.005600000000000001,0.41759999999999997,True,0.08297903252883958,-0.02286210180444437,-0.04999986886998542
0.10694012150582356,0.04999986886998542,0.7307963267948966,-0.0073,0.41759999999999997,True,0.10694012150582356,-0.023255700887929477,0.04999986886998542
0.12174781806499133,0.04999986886998187,0.7307963267948966,-0.0084,0.41759999999999997,True,0.12174781806499133,-0.02352827742589143,0.04999986886998187
0.12217984145271116,-0.05000004768376343,0.7307963267948966,-0.0085,0.41759999999999997,True,0.12217984145271116,-0.02364051117593613,-0.05000004768376343
0.11801309108666022,-0.05000010728844728,0.7307963267948966,-0.0083,0.41759999999999997,True,0.11801309108666022,-0.02405654161224665,-0.05000010728844728
0.13704108412244997,-0.10000021457689456,0.7207963267948966,-0.0096,0.41759999999999997,True,0.13704108412244997,-0.023983735477744225,-0.10000021457689456
0.15819255053969575,-0.19999995231686185,0.7107963267948966,-0.0111,0.41759999999999997,True,0.15819255053969575,-0.02367048143596708,-0.19999995231686185
0.1902375211194366,-0.1999999523168654,0.7007963267948966,-0.013500000000000002,0.41759999999999997,True,0.1902375211194366,-0.02338797482366195,-0.1999999523168654
0.23185507641632944,-0.10000009536751975,0.6807963267948965,-0.0167,0.41759999999999997,True,0.23185507641632944,-0.023359020872194398,-0.10000009536751975
0.26031829214055485,0.19999947547993457,0.6607963267948965,-0.0189,0.41759999999999997,True,0.26031829214055485,-0.023333340090406277,0.19999947547993457
0.28938377564778445,0.39999990463372015,0.6507963267948965,-0.0209,0.41759999999999997,True,0.28938377564778445,-0.023197680833418263,0.39999990463372015
0.3052678196257126,0.30000016689375997,0.6407963267948965,-0.0217,0.41759999999999997,True,0.3052678196257126,-0.0228028136254788,0.30000016689375997
0.25510490280136944,0.1999999523168654,0.6307963267948966,-0.0178,0.41759999999999997,True,0.25510490280136944,-0.022106136408447434,0.1999999523168654
0.20562291332010266,0.2000001907350466,0.6107963267948966,-0.0141,0.41759999999999997,True,0.20562291332010266,-0.021550831852351255,0.2000001907350466
0.19783479555330946,0.29999969005682914,0.6107963267948966,-0.013600000000000001,0.41759999999999997,True,0.19783479555330946,-0.021767968335164173,0.29999969005682914
0.1958786847533587,0.45000001192217454,0.5907963267948966,-0.013500000000000002,0.41759999999999997,True,0.1958786847533587,-0.02226086562719355,0.45000001192217454
0.1616140361752249,0.4500000119221781,0.5907963267948966,-0.0111,0.41759999999999997,True,0.1616140361752249,-0.022485404626848084,0.4500000119221781
0.15270028503350935,0.2499995827683854,0.5807963267948966,-0.0105,0.41759999999999997,True,0.15270028503350935,-0.022355486879046316,0.2499995827683854
0.05935846042733382,0.20000019073504305,0.5707963267948966,-0.0040999999999999995,0.41759999999999997,True,0.05935846042733382,-0.02225760392860965,0.20000019073504305
0.014536137107533936,0.29999992847529455,0.5707963267948966,-0.001,0.41759999999999997,True,0.014536137107533936,-0.021902798221765427,0.29999992847529455
0.017524691112152546,0.24999982118684727,0.5507963267948965,-0.0012,0.41759999999999997,True,0.017524691112152546,-0.02138121207676746,0.24999982118684727
-0.013130085282053077,0.15000008344688354,0.5407963267948965,0.0009,0.41759999999999997,False,-0.013130085282053077,-0.02073372661718358,0.15000008344688354
-0.029136609998950794,0.04999986886998542,0.5307963267948965,0.002,0.41759999999999997,False,-0.029136609998950794,-0.020134997028298636,0.04999986886998542
-0.07163011900077931,0.050000047683759874,0.5107963267948965,0.0049,0.41759999999999997,False,-0.07163011900077931,-0.019127278358155603,0.050000047683759874
-0.07908550360227358,0.14999984502841457,0.4907963267948965,0.0054,0.41759999999999997,False,-0.07908550360227358,-0.018332749261287373,0.14999984502841457
-0.07304605380947496,0.09999973773996018,0.4807963267948965,0.005,0.41759999999999997,False,-0.07304605380947496,-0.01784634846343834,0.09999973773996018
-0.0922848266847572,0.04999986886998542,0.46079632679489646,0.0063,0.41759999999999997,False,-0.0922848266847572,-0.017163693889092443,0.04999986886998542
-0.10296478224023396,0.0999999761584327,0.45079632679489645,0.006999999999999999,0.41759999999999997,False,-0.10296478224023396,-0.016631169768635747,0.0999999761584327
-0.1007472214410888,0.05000004768376343,0.44079632679489666,0.0068000000000000005,0.41759999999999997,False,-0.1007472214410888,-0.01625987710995638,0.05000004768376343
-0.002985538309027752,0.19999947547993457,0.43079632679489666,0.0002,0.41759999999999997,False,-0.002985538309027752,-0.016367309174825734,0.19999947547993457
0.34397387975804533,0.3499997973452764,0.41079632679489664,-0.0229,0.41759999999999997,True,0.34397387975804533,-0.016487796883147943,0.3499997973452764
0.7762796337318761,0.29999992847529455,0.3907963267948966,-0.051399999999999994,0.41759999999999997,True,0.7762796337318761,-0.01633387949687423,0.29999992847529455
1.1231964039469269,0.2999999284752981,0.3707963267948966,-0.0741,0.41759999999999997,True,1.1231964039469269,-0.016302058062617572,0.2999999284752981
1.3821380172996278,0.40000038147008965,0.3407963267948966,-0.091,0.41759999999999997,True,1.3821380172996278,-0.015820160835234593,0.40000038147008965
1.8051466757124472,0.5499997496621418,0.30079632679489654,-0.1192,0.41759999999999997,True,1.8051466757124472,-0.015044357266678975,0.5499997496621418
2.1528161768694405,0.5999998569505927,0.2507963267948965,-0.1419,0.41759999999999997,True,2.1528161768694405,-0.014003435155857986,0.5999998569505927
2.4166785333190863,0.69999959469056,0.19079632679489666,-0.1589,0.41759999999999997,True,2.4166785333190863,-0.01256087689642423,0.69999959469056
2.763758783849775,0.8499999165559018,0.1207963267948966,-0.1815,0.41759999999999997,True,2.763758783849775,-0.011028968108265187,0.8499999165559018
2.959342218087115,0.750000715256423,0.05079632679489654,-0.1949,0.41759999999999997,True,2.959342218087115,-0.0089360626132671,0.750000715256423
2.970348151943923,0.7999993324305272,6.2439816339744825,-0.1949,0.41759999999999997,True,2.970348151943923,-0.006459086693850792,0.7999993324305272
2.9790336990274393,0.9499996542958655,6.153981633974483,-0.1949,0.41759999999999997,True,2.9790336990274393,-0.00406873114810123,0.9499996542958655
3.00940262292835,0.8999997854258872,6.053981633974483,-0.1949,0.41759999999999997,True,3.00940262292835,-0.0012550863128670139,0.8999997854258872
3.0332775079022936,0.9499998927143345,5.963981633974483,-0.1949,0.41759999999999997,True,3.0332775079022936,0.0014366662122863418,0.9499998927143345
3.0534447528850173,0.950000905991466,5.873981633974482,-0.1949,0.41759999999999997,True,3.0534447528850173,0.003617584989023971,0.950000905991466
3.0779247208774185,0.7500001788159381,5.773981633974483,-0.1949,0.41759999999999997,True,3.0779247208774185,0.006367676831059571,0.7500001788159381
3.0973551338766345,0.7000000715274872,5.673981633974483,-0.1934,0.41759999999999997,True,3.0973551338766345,0.008828650796674163,0.7000000715274872
2.9970248216696294,0.7499999403974762,5.583981633974483,-0.1837,0.41759999999999997,True,2.9970248216696294,0.011739413947317952,0.7499999403974762
2.9974297330029915,0.6999998331090254,5.473981633974483,-0.1812,0.41759999999999997,True,2.9974297330029915,0.014409679468061107,0.6999998331090254
2.984014387790529,0.7500007152564194,5.373981633974482,-0.17800000000000002,0.41759999999999997,True,2.984014387790529,0.017960573355614937,0.7500007152564194
2.973235205033226,0.7499999403974726,5.2839816339744825,-0.1747,0.41759999999999997,True,2.973235205033226,0.021814230773276648,0.7499999403974726
2.9660121811799574,0.6999998331090218,5.193981633974483,-0.1718,0.41759999999999997,True,2.9660121811799574,0.026001025904291958,0.6999998331090218
2.9703639633256445,0.6999998331090254,5.133981633974482,-0.1691,0.41759999999999997,True,2.9703639633256445,0.02869015250301265,0.6999998331090254
3.004045598892896,0.6999998331090218,5.003981633974483,-0.1672,0.41759999999999997,True,3.004045598892896,0.036850008320355516,0.6999998331090218
3.0283291541455606,0.7000006675726578,4.903981633974483,-0.1641,0.41759999999999997,True,3.0283291541455606,0.041955891993386216,0.7000006675726578
3.083116382146653,0.6499999642390399,4.823981633974483,-0.1629,0.41759999999999997,True,3.083116382146653,0.0456063922192707,0.6499999642390399
3.1309134849925164,0.5499997496621436,4.773981633974483,-0.16140000000000002,0.41759999999999997,True,3.1309134849925164,0.04624663314479781,0.5499997496621436
3.207287671927384,0.6499994874021109,4.633981633974482,-0.1613,0.41759999999999997,True,3.207287671927384,0.04547424974351855,0.6499994874021109
3.2298039346740435,0.6999995946905582,4.553981633974483,-0.1588,0.41759999999999997,True,3.2298039346740435,0.04164958413444548,0.6999995946905582
3.273978349109363,0.6000005722051345,4.503981633974483,-0.1585,0.41759999999999997,True,3.273978349109363,0.03894504758956714,0.6000005722051345
3.3284219946240086,0.6499997258205745,4.383981633974482,-0.1578,0.41759999999999997,True,3.3284219946240086,0.031740778548213146,0.6499997258205745
3.3288117306801857,0.6999998331090254,4.303981633974483,-0.15539999999999998,0.41759999999999997,True,3.3288117306801857,0.026881677066619925,0.6999998331090254
3.3390444030822417,0.6499999642390399,4.263981633974483,-0.154,0.41759999999999997,True,3.3390444030822417,0.024497534156541784,0.6499999642390399
3.3371797851672422,0.5999998569505927,4.183981633974483,-0.153,0.41759999999999997,True,3.3371797851672422,0.020880181602733045,0.5999998569505927
3.2885046178088633,0.6500006198888961,4.103981633974483,-0.1499,0.41759999999999997,True,3.2885046178088633,0.017646980577448887,0.6500006198888961
3.2711614789599683,0.6499999642390399,3.993981633974483,-0.1477,0.41759999999999997,True,3.2711614789599683,0.013450729244349717,0.6499999642390399
3.2315656928879126,0.5999998569505927,3.9639816339744827,-0.145,0.41759999999999997,True,3.2315656928879126,0.012133385646254791,0.5999998569505927
3.195606209116102,0.5999998569505891,3.893981633974483,-0.1433,0.41759999999999997,True,3.195606209116102,0.010178114377801356,0.5999998569505891
3.1292906112565917,0.5999998569505927,3.793981633974483,-0.1408,0.41759999999999997,True,3.1292906112565917,0.007027244877723043,0.5999998569505927
3.0429326450984933,0.5500005245213764,3.753981633974483,-0.1375,0.41759999999999997,True,3.0429326450984933,0.006049579264369867,0.5500005245213764
2.9944541281714874,0.5999996185321255,3.7039816339744824,-0.136,0.41759999999999997,True,2.9944541281714874,0.004556323249309264,0.5999996185321255
2.882533937090556,0.6499997258205745,3.603981633974483,-0.1318,0.41759999999999997,True,2.882533937090556,0.0024628969250116133,0.6499997258205745
2.8101701603421816,0.5499999880806072,3.5739816339744825,-0.1293,0.41759999999999997,True,2.8101701603421816,0.00181420139107018,0.5499999880806072
2.7337331557403126,0.4999998807921635,3.513981633974483,-0.1261,0.41759999999999997,True,2.7337331557403126,0.0005601931319840962,0.4999998807921635
2.625317584483844,0.5000004768376147,3.423981633974483,-0.1219,0.41759999999999997,True,2.625317584483844,-0.00196761163879389,0.5000004768376147
2.541323774508304,0.4999998807921582,3.383981633974483,-0.1189,0.41759999999999997,True,2.541323774508304,-0.0028803394321422872,0.4999998807921582
2.46126282473073,0.4999998807921582,3.3239816339744825,-0.1158,0.41759999999999997,True,2.46126282473073,-0.004316108911931788,0.4999998807921582
2.3795832314890584,0.5499997496621436,3.263981633974483,-0.11349999999999999,0.41759999999999997,True,2.3795832314890584,-0.005649071096188711,0.5499997496621436
2.236248486287564,0.5499997496621454,3.213981633974483,-0.10859999999999999,0.41759999999999997,True,2.236248486287564,-0.0069624809625103675,0.5499997496621454
2.131043158350124,0.4500004291538513,3.1639816339744824,-0.1056,0.41759999999999997,True,2.131043158350124,-0.008097636015568815,0.4500004291538513
2.0145310838857817,0.3500000357637454,3.1139816339744826,-0.1013,0.41759999999999997,True,2.0145310838857817,-0.009220343182546192,0.3500000357637454
1.9461164238300117,0.24999982118684638,3.0639816339744828,-0.09939999999999999,0.41759999999999997,True,1.9461164238300117,-0.010081403147615372,0.24999982118684638
1.8564843484486404,0.24999982118684638,3.0239816339744827,-0.09570000000000001,0.41759999999999997,True,1.8564843484486404,-0.011304425265602488,0.24999982118684638
1.7883863623142495,0.24999982118684638,2.9539816339744824,-0.0928,0.41759999999999997,True,1.7883863623142495,-0.012876758464706956,0.24999982118684638
1.7378627896784502,0.3500003337863262,2.923981633974483,-0.09140000000000001,0.41759999999999997,True,1.7378627896784502,-0.013657071834723594,0.3500003337863262
1.6800319356104922,0.30000040531222893,2.8639816339744826,-0.0901,0.41759999999999997,True,1.6800319356104922,-0.015713523263381237,0.30000040531222893
1.6295724736802186,0.25000029802378165,2.8239816339744825,-0.08839999999999999,0.41759999999999997,True,1.6295724736802186,-0.01669378048808579,0.25000029802378165
1.5428532052923687,0.44999977350371,2.793981633974483,-0.085,0.41759999999999997,True,1.5428532052923687,-0.017918372374577596,0.44999977350371
1.4835063553747594,0.349999558926811,2.763981633974483,-0.0828,0.41759999999999997,True,1.4835063553747594,-0.019056926216919623,0.349999558926811
1.40759815515607,0.2500002384188056,2.7339816339744827,-0.0794,0.41759999999999997,True,1.40759815515607,-0.020194413048478903,0.2500002384188056
1.3312842764155695,0.2999999284752981,2.713981633974483,-0.0756,0.41759999999999997,True,1.3312842764155695,-0.021162805203523774,0.2999999284752981
1.2512853251362377,0.24999982118684638,2.6939816339744826,-0.0719,0.41759999999999997,True,1.2512853251362377,-0.022433608096162568,0.24999982118684638
1.2064160646521012,0.19999995231686452,2.673981633974483,-0.0708,0.41759999999999997,True,1.2064160646521012,-0.02410950165027903,0.19999995231686452
1.1278643680386926,0.3000001668937644,2.6539816339744826,-0.0673,0.41759999999999997,True,1.1278643680386926,-0.02546721525320747,0.3000001668937644
1.0836191934042276,0.30000028610256546,2.643981633974483,-0.06570000000000001,0.41759999999999997,True,1.0836191934042276,-0.026714198984402512,0.30000028610256546
1.0151056011948112,0.19999995231686363,2.633981633974483,-0.061900000000000004,0.41759999999999997,True,1.0151056011948112,-0.027659013018077234,0.19999995231686363
0.9487729738359886,0.14999984502841723,2.6239816339744824,-0.0579,0.41759999999999997,True,0.9487729738359886,-0.0285969491404895,0.14999984502841723
0.9179119329184745,0.09999997615843004,2.6139816339744826,-0.055999999999999994,0.41759999999999997,True,0.9179119329184745,-0.029499876912166365,0.09999997615843004
0.9086153265316392,-2.3841846452654636e-07,2.6139816339744826,-0.055999999999999994,0.41759999999999997,True,0.9086153265316392,-0.030695202079271428,-2.3841846452654636e-07
0.85496423089562,-0.10000009536752064,2.603981633974483,-0.053200000000000004,0.41759999999999997,True,0.85496423089562,-0.03150402837031923,-0.10000009536752064
0.8337315527946912,-0.09999997615843448,2.593981633974483,-0.0525,0.41759999999999997,True,0.8337315527946912,-0.03256409404453903,-0.09999997615843448
0.8264229648830614,-0.09999997615843448,2.583981633974483,-0.052199999999999996,0.41759999999999997,True,0.8264229648830614,-0.033513098617954165,-0.09999997615843448
0.8303904176279561,0.04999963045152089,2.5639816339744828,-0.0527,0.41759999999999997,True,0.8303904176279561,-0.03451083735361263,0.04999963045152089
0.8375538886218807,0.19999995231686452,2.553981633974483,-0.0538,0.41759999999999997,True,0.8375538886218807,-0.03552024431769628,0.19999995231686452
0.828370926203382,0.1500001430512805,2.543981633974483,-0.0536,0.41759999999999997,True,0.828370926203382,-0.03621748788770853,0.1500001430512805
0.7903656233142766,0.05000010728844728,2.543981633974483,-0.051,0.41759999999999997,True,0.7903656233142766,-0.0360272670650591,0.05000010728844728
0.7457306466922291,-0.05000010728844728,2.5339816339744825,-0.0489,0.41759999999999997,True,0.7457306466922291,-0.03657367393626378,-0.05000010728844728
0.7277194586117243,-0.05000010728844728,2.5239816339744827,-0.0489,0.41759999999999997,True,0.7277194586117243,-0.03765914522806608,-0.05000010728844728
0.7075632064064368,0.05000010728844728,2.5239816339744827,-0.0481,0.41759999999999997,True,0.7075632064064368,-0.038406438333200094,0.05000010728844728
0.7109650182194572,0.050000047683759874,2.5339816339744825,-0.0484,0.41759999999999997,True,0.7109650182194572,-0.03851839237512405,0.050000047683759874
0.7057967467559819,0.0,2.543981633974483,-0.0484,0.41759999999999997,True,0.7057967467559819,-0.038813240527490696,0.0
0.6949705392449909,-0.10000021457689456,2.553981633974483,-0.0483,0.41759999999999997,True,0.6949705392449909,-0.03961861557672666,-0.10000021457689456
0.6938970635482058,-0.24999982118684638,2.5639816339744828,-0.048,0.41759999999999997,True,0.6938970635482058,-0.03981663097359921,-0.24999982118684638
0.7011075805243928,-0.14999960660995093,2.5739816339744825,-0.048,0.41759999999999997,True,0.7011075805243928,-0.03986926694340042,-0.14999960660995093
0.7285501291707952,-0.050000047683759874,2.583981633974483,-0.0496,0.41759999999999997,True,0.7285501291707952,-0.04024461543293631,-0.050000047683759874
0.7640776818556545,-0.05000010728844728,2.593981633974483,-0.0521,0.41759999999999997,True,0.7640776818556545,-0.0410736573872778,-0.05000010728844728
0.7686057529799009,0.0,2.603981633974483,-0.0525,0.41759999999999997,True,0.7686057529799009,-0.04155782306893174,0.0
0.7925480118961585,0.0,2.6139816339744826,-0.054000000000000006,0.41759999999999997,True,0.7925480118961585,-0.041923516421122506,0.0
0.795214096039758,0.05000010728844728,2.6139816339744826,-0.054000000000000006,0.41759999999999997,True,0.795214096039758,-0.04201180420873071,0.05000010728844728
0.8020331531928783,0.10000009536752064,2.6239816339744824,-0.054000000000000006,0.41759999999999997,True,0.8020331531928783,-0.04191479121408351,0.10000009536752064
0.8090337740990852,0.09999997615843448,2.633981633974483,-0.0538,0.41759999999999997,True,0.8090337740990852,-0.04167246203898641,0.09999997615843448
0.8153975143297845,-0.050000345706913585,2.643981633974483,-0.0525,0.41759999999999997,True,0.8153975143297845,-0.04024983886569507,-0.050000345706913585
0.8191042441779663,-0.24999982118685082,2.643981633974483,-0.052300000000000006,0.41759999999999997,True,0.8191042441779663,-0.03958513581054828,-0.24999982118685082
0.7966757714509574,-0.14999960660995093,2.643981633974483,-0.0518,0.41759999999999997,True,0.7966757714509574,-0.03977625679727711,-0.14999960660995093
0.7950771064062305,0.0,2.633981633974483,-0.0528,0.41759999999999997,True,0.7950771064062305,-0.04073698800174776,0.0
0.8366591497172339,0.0,2.6239816339744824,-0.0555,0.41759999999999997,True,0.8366591497172339,-0.0407385453197556,0.0
0.8519799564020536,0.05000010728845261,2.6139816339744826,-0.056100000000000004,0.41759999999999997,True,0.8519799564020536,-0.04060887908020648,0.05000010728845261
0.8339266697913356,0.09999997615843448,2.603981633974483,-0.055,0.41759999999999997,True,0.8339266697913356,-0.040743003593930065,0.09999997615843448
0.8205816073937682,0.049999868869982755,2.603981633974483,-0.0542,0.41759999999999997,True,0.8205816073937682,-0.04042363126059821,0.049999868869982755
0.8136496614322354,-0.10000009536752508,2.603981633974483,-0.054299999999999994,0.41759999999999997,True,0.8136496614322354,-0.04088242976641207,-0.10000009536752508
0.7892457517784303,-0.10000021457689989,2.593981633974483,-0.0526,0.41759999999999997,True,0.7892457517784303,-0.04130315242189469,-0.10000021457689989
0.802401915841049,0.05000010728845261,2.593981633974483,-0.0528,0.41759999999999997,True,0.802401915841049,-0.04141613096050952,0.05000010728845261
0.8294209900007634,2.3841846541472478e-07,2.583981633974483,-0.0536,0.41759999999999997,True,0.8294209900007634,-0.04131086286390693,2.3841846541472478e-07
0.8344826868074008,2.384184663029032e-07,2.583981633974483,-0.0537,0.41759999999999997,True,0.8344826868074008,-0.04165705351188008,2.384184663029032e-07
0.8223517755793474,0.0500000476837652,2.583981633974483,-0.0527,0.41759999999999997,True,0.8223517755793474,-0.04199545668280544,0.0500000476837652
0.8216935831834967,-8.881784197001252e-16,2.583981633974483,-0.0528,0.41759999999999997,True,0.8216935831834967,-0.04264160303313789,-8.881784197001252e-16
0.8327122039040011,8.881784197001252e-16,2.583981633974483,-0.0535,0.41759999999999997,True,0.8327122039040011,-0.04299298299656848,8.881784197001252e-16
0.8241518572650665,-0.049999868869987196,2.583981633974483,-0.0529,0.41759999999999997,True,0.8241518572650665,-0.04324612521322753,-0.049999868869987196
0.8182945835329607,-0.04999986886998631,2.583981633974483,-0.0527,0.41759999999999997,True,0.8182945835329607,-0.04353873234667952,-0.04999986886998631
0.8167310180468618,0.0,2.583981633974483,-0.053099999999999994,0.41759999999999997,True,0.8167310180468618,-0.044045388617559814,0.0
0.8118068987470499,0.04999986886998631,2.583981633974483,-0.053200000000000004,0.41759999999999997,True,0.8118068987470499,-0.04431411995263356,0.04999986886998631
0.8058923581939863,-2.3841846541472478e-07,2.583981633974483,-0.053,0.41759999999999997,True,0.8058923581939863,-0.04446382209778901,-2.3841846541472478e-07
0.8024417242292554,-2.384184663029032e-07,2.593981633974483,-0.0528,0.41759999999999997,True,0.8024417242292554,-0.04438566478388175,-2.384184663029032e-07
0.800913982364566,0.049999868869987196,2.593981633974483,-0.0527,0.41759999999999997,True,0.800913982364566,-0.04423486715923296,0.049999868869987196
0.7842885241847959,0.0,2.593981633974483,-0.0516,0.41759999999999997,True,0.7842885241847959,-0.04427944262961879,0.0
0.7976275644005092,0.04999986886998187,2.603981633974483,-0.052000000000000005,0.41759999999999997,True,0.7976275644005092,-0.043822976221955925,0.04999986886998187
0.7998169673807309,0.049999868869982755,2.603981633974483,-0.0518,0.41759999999999997,True,0.7998169673807309,-0.04352123686855977,0.049999868869982755
0.8027424803468229,0.0,2.603981633974483,-0.0519,0.41759999999999997,True,0.8027424803468229,-0.04346891082376602,0.0
0.7991668502388323,0.0,2.603981633974483,-0.0516,0.41759999999999997,True,0.7991668502388323,-0.04356906129096877,0.0
0.7924701932234628,0.050000047683759874,2.6139816339744826,-0.051,0.41759999999999997,True,0.7924701932234628,-0.04356559192345247,0.050000047683759874
0.7829609530273037,2.3841846541472478e-07,2.6139816339744826,-0.050300000000000004,0.41759999999999997,True,0.7829609530273037,-0.043669234446147585,2.3841846541472478e-07
0.7831504299849089,-0.04999986886998187,2.6139816339744826,-0.050300000000000004,0.41759999999999997,True,0.7831504299849089,-0.04393879295579192,-0.04999986886998187
0.7759323498649713,-0.049999868869982755,2.603981633974483,-0.0499,0.41759999999999997,True,0.7759323498649713,-0.044091063024037286,-0.049999868869982755
0.779412994500005,2.3841846541472478e-07,2.603981633974483,-0.050499999999999996,0.41759999999999997,True,0.779412994500005,-0.04445676879015929,2.3841846541472478e-07
0.7689686807167286,0.050000047683759874,2.603981633974483,-0.0504,0.41759999999999997,True,0.7689686807167286,-0.04516437836856881,0.050000047683759874
0.76110596305325,-0.049999868869982755,2.603981633974483,-0.0501,0.41759999999999997,True,0.76110596305325,-0.04577817579006924,-0.049999868869982755
0.7724220705505145,-0.09999997615843448,2.603981633974483,-0.050499999999999996,0.41759999999999997,True,0.7724220705505145,-0.04572839381865992,-0.09999997615843448
0.7737357603896601,-0.05000010728845261,2.603981633974483,-0.050199999999999995,0.41759999999999997,True,0.7737357603896601,-0.045662846169647116,-0.05000010728845261
0.773118898088641,0.05000010728845261,2.593981633974483,-0.0499,0.41759999999999997,True,0.773118898088641,-0.0457430568060104,0.05000010728845261
0.8017034250169108,0.15000014305128495,2.603981633974483,-0.051399999999999994,0.41759999999999997,True,0.8017034250169108,-0.04574570491323565,0.15000014305128495
0.8025151409951098,0.15000008344687732,2.6139816339744826,-0.0513,0.41759999999999997,True,0.8025151409951098,-0.045661355308983936,0.15000008344687732
0.7774005421214002,-2.3841846541472478e-07,2.6239816339744824,-0.0495,0.41759999999999997,True,0.7774005421214002,-0.045350563886483945,-2.3841846541472478e-07
0.7516001049555926,-0.09999997615843004,2.633981633974483,-0.0475,0.41759999999999997,True,0.7516001049555926,-0.04486580809594882,-0.09999997615843004
0.7775079183314897,-0.09999997615842915,2.633981633974483,-0.0484,0.41759999999999997,True,0.7775079183314897,-0.04400098572956923,-0.09999997615842915
0.7906431550137607,-0.10000009536752508,2.633981633974483,-0.0489,0.41759999999999997,True,0.7906431550137607,-0.043804946236385325,-0.10000009536752508
0.8132206143350211,-0.09999997615843448,2.643981633974483,-0.0501,0.41759999999999997,True,0.8132206143350211,-0.04360725754847235,-0.09999997615843448
0.8173257139125727,2.3841846541472478e-07,2.643981633974483,-0.0504,0.41759999999999997,True,0.8173257139125727,-0.04360410092326923,2.3841846541472478e-07
0.8164225078305426,0.05000010728844728,2.643981633974483,-0.0501,0.41759999999999997,True,0.8164225078305426,-0.04326561368116029,0.05000010728844728
0.831181651965684,-0.05000010728844728,2.643981633974483,-0.0508,0.41759999999999997,True,0.831181651965684,-0.042992491470324974,-0.05000010728844728
0.8255111220249112,-0.050000047683759874,2.6539816339744826,-0.050499999999999996,0.41759999999999997,True,0.8255111220249112,-0.04299957404099864,-0.050000047683759874
0.8164326597621752,0.04999986886998187,2.6539816339744826,-0.0501,0.41759999999999997,True,0.8164326597621752,-0.043154375896463405,0.04999986886998187
0.7960956120085901,-0.050000345706913585,2.6539816339744826,-0.049,0.41759999999999997,True,0.7960956120085901,-0.04335238380677455,-0.050000345706913585
0.4463595384504358,-0.15000008344687732,2.6539816339744826,-0.0274,0.41759999999999997,True,0.4463595384504358,-0.0431729702008143,-0.15000008344687732
0.07534313987172031,-0.20000019073532904,2.673981633974483,-0.0046,0.41759999999999997,True,0.07534313987172031,-0.042914762921342685,-0.20000019073532904
-0.2968708249442573,-0.35000033378633066,2.683981633974483,0.018000000000000002,0.41759999999999997,False,-0.2968708249442573,-0.04228807717109034,-0.35000033378633066
-0.6747984013492203,-0.4499997735037109,2.713981633974483,0.0407,0.41759999999999997,False,-0.6747984013492203,-0.04159334692726982,-0.4499997735037109
-1.052944318994357,-0.4999998807921582,2.753981633974483,0.0634,0.41759999999999997,False,-1.052944318994357,-0.04090170094111657,-0.4999998807921582
-1.4280346405195383,-0.6999993562720963,2.803981633974483,0.086,0.41759999999999997,False,-1.4280346405195383,-0.040134439498998135,-0.6999993562720963
-1.788476199905464,-0.8999997854258899,2.853981633974483,0.10859999999999999,0.41759999999999997,False,-1.788476199905464,-0.0394069854607016,-0.8999997854258899
-2.1556254030832562,-0.8500008106239418,2.923981633974483,0.13119999999999998,0.41759999999999997,False,-2.1556254030832562,-0.03831629166598118,-0.8500008106239418
-2.5278118098388536,-0.9499994158774037,3.003981633974483,0.1539,0.41759999999999997,False,-2.5278118098388536,-0.036866481554803196,-0.9499994158774037
-2.8882076068141553,-1.0999997377427508,3.093981633974483,0.1765,0.41759999999999997,False,-2.8882076068141553,-0.035062772779340334,-1.0999997377427508
-3.182233287650694,-1.000000000002787,3.1939816339744826,0.1948,0.41759999999999997,False,-3.182233287650694,-0.03300687621430465,-1.000000000002787
-3.195310074458014,-1.0500001072912344,3.303981633974483,0.1948,0.41759999999999997,False,-3.195310074458014,-0.030966588539891867,-1.0500001072912344
-3.211151604722823,-1.1500010967265109,3.4139816339744824,0.1948,0.41759999999999997,False,-3.211151604722823,-0.02861351545757484,-1.1500010967265109
-3.2456312679277928,-1.1499996066127345,3.5339816339744825,0.1948,0.41759999999999997,False,-3.2456312679277928,-0.025957522481988026,-1.1499996066127345
-3.293143549497707,-1.0999994993242854,3.643981633974483,0.1948,0.41759999999999997,False,-3.293143549497707,-0.02316952428103173,-1.0999994993242854
-3.3239893901026885,-1.0499996304543036,3.753981633974483,0.1948,0.41759999999999997,False,-3.3239893901026885,-0.02064959182785199,-1.0499996304543036
-3.354486164443103,-1.0999997377427508,3.8839816339744826,0.1948,0.41759999999999997,False,-3.354486164443103,-0.016962796931246766,-1.0999997377427508
-3.377981319570147,-1.000000953675226,3.993981633974483,0.1936,0.41759999999999997,False,-3.377981319570147,-0.013167557120054475,-1.000000953675226
-3.362913925764987,-0.9499996542958709,4.103981633974483,0.1898,0.41759999999999997,False,-3.362913925764987,-0.009180714281636672,-0.9499996542958709
-3.323145477673403,-0.9999997615843181,4.223981633974483,0.18539999999999998,0.41759999999999997,False,-3.323145477673403,-0.003281148588410143,-0.9999997615843181
-3.3006865648214387,-0.9999997615843217,4.333981633974483,0.1808,0.41759999999999997,False,-3.3006865648214387,0.003503445392019977,-0.9999997615843217
-3.274259866928274,-0.9999997615843199,4.443981633974483,0.1764,0.41759999999999997,False,-3.274259866928274,0.012063302399886004,-0.9999997615843199
-3.276587264628521,-0.9500009059914643,4.563981633974483,0.1745,0.41759999999999997,False,-3.276587264628521,0.023280292168396326,-0.9500009059914643
-3.2178603972875406,-0.8000000476859217,4.673981633974483,0.1693,0.41759999999999997,False,-3.2178603972875406,0.03413071138652266,-0.8000000476859217
-3.2022539192122337,-0.8000000476859235,4.7839816339744825,0.16570000000000001,0.41759999999999997,False,-3.2022539192122337,0.04224263814386166,-0.8000000476859235
-3.2157973346878266,-0.8000000476859199,4.893981633974483,0.1637,0.41759999999999997,False,-3.2157973346878266,0.04638050153556783,-0.8000000476859199
-3.2320455708612106,-0.6999998331090218,5.003981633974483,0.16269999999999998,0.41759999999999997,False,-3.2320455708612106,0.04669931705377885,-0.6999998331090218
-3.2302374405379273,-0.8000007629401829,5.103981633974483,0.1603,0.41759999999999997,False,-3.2302374405379273,0.04494060398649527,-0.8000007629401829
-3.244991154340585,-0.8499999165559053,5.203981633974482,0.1595,0.41759999999999997,False,-3.244991154340585,0.04268188505182729,-0.8499999165559053
-3.212366606448568,-0.7499997019790072,5.303981633974483,0.1572,0.41759999999999997,False,-3.212366606448568,0.04061002881027777,-0.7499997019790072
-3.1606914378842235,-0.7499997019790072,5.393981633974483,0.1536,0.41759999999999997,False,-3.1606914378842235,0.03861340764960911,-0.7499997019790072
-3.152228845118642,-0.7499997019790072,5.493981633974483,0.1516,0.41759999999999997,False,-3.152228845118642,0.036238648405679495,-0.7499997019790072
-3.1195848189629913,-0.6500006198888961,5.583981633974483,0.1493,0.41759999999999997,False,-3.1195848189629913,0.03439062379376417,-0.6500006198888961
-3.0466562758665634,-0.6999995946905564,5.663981633974483,0.1454,0.41759999999999997,False,-3.0466562758665634,0.03261532069864422,-0.6999995946905564
-3.0224130147279373,-0.7499997019790108,5.763981633974483,0.1435,0.41759999999999997,False,-3.0224130147279373,0.03087404673933989,-0.7499997019790108
-2.914059674700107,-0.6499999642390364,5.843981633974483,0.1387,0.41759999999999997,False,-2.914059674700107,0.02923803909117817,-0.6499999642390364
-2.838102333275839,-0.6499999642390435,5.923981633974483,0.1354,0.41759999999999997,False,-2.838102333275839,0.02804920714777224,-0.6499999642390435
-2.727076116485144,-0.700000667572656,5.9939816339744825,0.1305,0.41759999999999997,False,-2.727076116485144,0.026753951296623005,-0.700000667572656
-2.6549873930152468,-0.5500002264990727,6.0739816339744825,0.1282,0.41759999999999997,False,-2.6549873930152468,0.02587693229268902,-0.5500002264990727
-2.499139234567815,-0.5000001192106325,6.133981633974483,0.122,0.41759999999999997,False,-2.499139234567815,0.024765554352743618,-0.5000001192106325
-2.4149472381854467,-0.5999998569505856,6.203981633974482,0.1176,0.41759999999999997,False,-2.4149472381854467,0.02319265559028499,-0.5999998569505856
-2.333958439485699,-0.5999998569505962,6.263981633974483,0.11380000000000001,0.41759999999999997,False,-2.333958439485699,0.021908102417844272,-0.5999998569505962
-2.2446076894787077,-0.5500005245213764,0.04079632679489653,0.1099,0.41759999999999997,False,-2.2446076894787077,0.02045822893493318,-0.5500005245213764
-2.1409507638307317,-0.4999998807921564,0.10079632679489658,0.10529999999999999,0.41759999999999997,False,-2.1409507638307317,0.01938749910298481,-0.4999998807921564
-2.025058101197355,-0.49999988079215996,0.17079632679489665,0.10099999999999999,0.41759999999999997,False,-2.025058101197355,0.018176420749091992,-0.49999988079215996
-1.9299686553610902,-0.4999998807921564,0.23079632679489648,0.09720000000000001,0.41759999999999997,False,-1.9299686553610902,0.017068990064654555,-0.4999998807921564
-1.8350148241667648,-0.4499997735037162,0.2807963267948965,0.0931,0.41759999999999997,False,-1.8350148241667648,0.016303449672448195,-0.4499997735037162
-1.7342322545363296,-0.45000042915385663,0.3407963267948966,0.08810000000000001,0.41759999999999997,False,-1.7342322545363296,0.014807313050382657,-0.45000042915385663
-1.6449357785906595,-0.45000001192217454,0.3907963267948966,0.0839,0.41759999999999997,False,-1.6449357785906595,0.013625877039315584,-0.45000001192217454
-1.5515048322702467,-0.3499997973452764,0.44079632679489666,0.0795,0.41759999999999997,False,-1.5515048322702467,0.012448941704808827,-0.3499997973452764
-1.4568605710608178,-0.34999979734527287,0.4907963267948965,0.0748,0.41759999999999997,False,-1.4568605710608178,0.011066043663199153,-0.34999979734527287
-1.3692057401436437,-0.34999979734528,0.5307963267948965,0.0706,0.41759999999999997,False,-1.3692057401436437,0.009677368087645149,-0.34999979734528
-1.2817975777080557,-0.35000033378633333,0.5807963267948966,0.0665,0.41759999999999997,False,-1.2817975777080557,0.00844770528525346,-0.35000033378633333
-1.1870282932918388,-0.39999990463372725,0.6207963267948966,0.062,0.41759999999999997,False,-1.1870282932918388,0.00702517066263583,-0.39999990463372725
-1.1088124647301765,-0.45000001192217454,0.6507963267948965,0.0582,0.41759999999999997,False,-1.1088124647301765,0.005994866777430429,-0.45000001192217454
-1.065827195352199,-0.45000001192217454,0.6807963267948965,0.0559,0.41759999999999997,False,-1.065827195352199,0.004846871581242979,-0.45000001192217454
-0.970770887281877,-0.29999969005682914,0.7107963267948966,0.0507,0.41759999999999997,False,-0.970770887281877,0.0037534017848123106,-0.29999969005682914
-0.8244135562199559,-0.3000002861025699,0.7307963267948966,0.0431,0.41759999999999997,False,-0.8244135562199559,0.0027618471947114124,-0.3000002861025699
-0.7515471698686403,-0.3500000357637454,0.7507963267948966,0.0395,0.41759999999999997,False,-0.7515471698686403,0.0019441743644260942,-0.3500000357637454
-0.6680510843890642,-0.24999982118684727,0.7707963267948965,0.0355,0.41759999999999997,False,-0.6680510843890642,0.0010400296984425465,-0.24999982118684727
-0.5786693283267123,-0.24999982118685082,0.7907963267948965,0.0313,0.41759999999999997,False,-0.5786693283267123,3.674166774947378e-05,-0.24999982118685082
-0.5144293764452282,-0.19999971389840354,0.8107963267948965,0.0282,0.41759999999999997,False,-0.5144293764452282,-0.0007383658850075368,-0.19999971389840354
-0.4488527967831114,-0.15000014305127962,0.8207963267948966,0.0248,0.41759999999999997,False,-0.4488527967831114,-0.001873550356593736,-0.15000014305127962
-0.3921658707950387,-0.15000008344687288,0.8307963267948966,0.0218,0.41759999999999997,False,-0.3921658707950387,-0.002841343505189269,-0.15000008344687288
-0.34760557823387267,-0.09999997615843625,0.8407963267948966,0.0195,0.41759999999999997,False,-0.34760557823387267,-0.0039202826418674565,-0.09999997615843625
-0.19837465937396162,-0.050000107288450835,0.8507963267948966,0.011200000000000002,0.41759999999999997,False,-0.19837465937396162,-0.005098409138126247,-0.050000107288450835
-0.1875636579820139,-0.05000010728844728,0.8607963267948966,0.0106,0.41759999999999997,False,-0.1875636579820139,-0.006335478732137978,-0.05000010728844728
-0.15276386899520117,-0.10000009536751975,0.8707963267948966,0.0087,0.41759999999999997,False,-0.15276386899520117,-0.007437175092336244,-0.10000009536751975
-0.13918661244586725,-0.05000010728844728,0.8707963267948966,0.008,0.41759999999999997,False,-0.13918661244586725,-0.008298726802032615,-0.05000010728844728
-0.10701462868642965,0.0,0.8707963267948966,0.0062,0.41759999999999997,False,-0.10701462868642965,-0.008978593245214047,0.0
-0.08053801952090035,0.09999973773996373,0.8707963267948966,0.004699999999999999,0.41759999999999997,False,-0.08053801952090035,-0.00955680797120692,0.09999973773996373
-0.07474424134010195,0.14999984502841457,0.8707963267948966,0.0044,0.41759999999999997,False,-0.07474424134010195,-0.010086621919763446,0.14999984502841457
-0.07810530312480193,0.15000014305128673,0.8707963267948966,0.0046,0.41759999999999997,False,-0.07810530312480193,-0.010541651462323996,0.15000014305128673
-0.08834211604461177,0.15000008344687998,0.8707963267948966,0.0052,0.41759999999999997,False,-0.08834211604461177,-0.010787229144907817,0.15000008344687998
-0.10116794877466673,0.09999997615842915,0.8707963267948966,0.006,0.41759999999999997,False,-0.10116794877466673,-0.011206002066646145,0.09999997615842915
-0.11030077207726523,0.09999997615843625,0.8707963267948966,0.0066,0.41759999999999997,False,-0.11030077207726523,-0.011285767022686683,0.09999997615843625
-0.11406673491607427,0.04999986886998542,0.8707963267948966,0.0069,0.41759999999999997,False,-0.11406673491607427,-0.011565823280495702,0.04999986886998542
-0.10993693244575176,0.0,0.8707963267948966,0.0067,0.41759999999999997,False,-0.10993693244575176,-0.011634191512757136,0.0
-0.12041856073771426,0.0,0.8607963267948966,0.0074,0.41759999999999997,False,-0.12041856073771426,-0.01153917014951979,0.0
-0.12011090776872724,-0.050000107288450835,0.8507963267948966,0.0074,0.41759999999999997,False,-0.12011090776872724,-0.011578928890536008,-0.050000107288450835
-0.1026758201933575,-0.050000107288450835,0.8507963267948966,0.0063,0.41759999999999997,False,-0.1026758201933575,-0.011725926089397409,-0.050000107288450835
-0.08871704869598085,0.0,0.8407963267948966,0.0054,0.41759999999999997,False,-0.08871704869598085,-0.01191687177502261,0.0
-0.07612818368935338,0.1000000953675233,0.8407963267948966,0.0046,0.41759999999999997,False,-0.07612818368935338,-0.012192002161614162,0.1000000953675233
-0.07832927593637537,0.10000021457689812,0.8307963267948966,0.004699999999999999,0.41759999999999997,False,-0.07832927593637537,-0.0123673488443636,0.10000021457689812
-0.07530779008746219,0.05000010728844728,0.8307963267948966,0.0045000000000000005,0.41759999999999997,False,-0.07530779008746219,-0.012913468227666544,0.05000010728844728
-0.08867954255265892,0.050000107288450835,0.8207963267948966,0.0053,0.41759999999999997,False,-0.08867954255265892,-0.013157850106464808,0.050000107288450835
-0.08845288898781879,0.05000010728844728,0.8207963267948966,0.0053,0.41759999999999997,False,-0.08845288898781879,-0.013613206457725785,0.05000010728844728
-0.09314839470852479,0.1000000953675233,0.8207963267948966,0.005600000000000001,0.41759999999999997,False,-0.09314839470852479,-0.014070946404550838,0.1000000953675233
-0.08109197736180579,0.0999999761584327,0.8107963267948965,0.0049,0.41759999999999997,False,-0.08109197736180579,-0.014383329383034674,0.0999999761584327
-0.08739160551403669,0.04999986886998187,0.8207963267948966,0.0053,0.41759999999999997,False,-0.08739160551403669,-0.014593357769668648,0.04999986886998187
-0.08879036323208804,0.04999986886998187,0.8207963267948966,0.0054,0.41759999999999997,False,-0.08879036323208804,-0.014792425464631997,0.04999986886998187
-0.090292671645116,0.04999986886998187,0.8107963267948965,0.0055000000000000005,0.41759999999999997,False,-0.090292671645116,-0.014985656461318613,0.04999986886998187
-0.09062846441319927,0.050000047683759874,0.8107963267948965,0.0055000000000000005,0.41759999999999997,False,-0.09062846441319927,-0.015022485532553208,0.050000047683759874
-0.08589853083422694,0.09999997615843625,0.8107963267948965,0.0052,0.41759999999999997,False,-0.08589853083422694,-0.015252858164517533,0.09999997615843625
-0.07783787414243368,0.04999986886998542,0.8207963267948966,0.004699999999999999,0.41759999999999997,False,-0.07783787414243368,-0.015584681790475053,0.04999986886998542
-0.07643164389506724,0.04999986886998542,0.8207963267948966,0.0046,0.41759999999999997,False,-0.07643164389506724,-0.015790440602344833,0.04999986886998542
-0.08126151161906149,-2.3841846896743846e-07,0.8207963267948966,0.0049,0.41759999999999997,False,-0.08126151161906149,-0.015987689329150047,-2.3841846896743846e-07
-0.07621364534415337,-0.10000009536752685,0.8207963267948966,0.0046,0.41759999999999997,False,-0.07621364534415337,-0.0162612900002724,-0.10000009536752685
-0.07626176336117468,-0.0999999761584327,0.8207963267948966,0.0046,0.41759999999999997,False,-0.07626176336117468,-0.016226366027860584,-0.0999999761584327
-0.05449547482008029,2.3841846541472478e-07,0.8107963267948965,0.0033,0.41759999999999997,False,-0.05449547482008029,-0.016649553370721708,2.3841846541472478e-07
-0.008273914635554335,0.05000010728844728,0.8207963267948966,0.0005,0.41759999999999997,False,-0.008273914635554335,-0.016870413604129643,0.05000010728844728
0.0,0.0,0.8207963267948966,-0.0,0.41759999999999997,False,0.0,-0.017288683010376157,0.0
-0.0016637556434872874,0.05000004768376698,0.8107963267948965,0.0001,0.41759999999999997,False,-0.0016637556434872874,-0.0172658236145715,0.05000004768376698
0.00166501767848956,0.14999984502841812,0.8107963267948965,-0.0001,0.41759999999999997,True,0.00166501767848956,-0.017264721129945326,0.14999984502841812
0.013389775153301696,0.19999995231686185,0.8007963267948965,-0.0008,0.41759999999999997,True,0.013389775153301696,-0.017238608849408275,0.19999995231686185
-0.0016637627872265247,0.24999982118685082,0.8007963267948965,0.0001,0.41759999999999997,False,-0.0016637627872265247,-0.01699185169215604,0.24999982118685082
-0.009744189468299247,0.24999982118684727,0.8007963267948965,0.0006,0.41759999999999997,False,-0.009744189468299247,-0.017146131243115283,0.24999982118684727
-0.02543966372295421,0.050000047683759874,0.7907963267948965,0.0016,0.41759999999999997,False,-0.02543966372295421,-0.017237291366497154,0.050000047683759874
-0.048750973772638026,-0.0999999761584327,0.7807963267948965,0.0031,0.41759999999999997,False,-0.048750973772638026,-0.017065316962649787,-0.0999999761584327
-0.07019555629387841,-0.04999986886998542,0.7807963267948965,0.0045000000000000005,0.41759999999999997,False,-0.07019555629387841,-0.016817658363588704,-0.04999986886998542
-0.054191632517730993,3.552713678800501e-15,0.7707963267948965,0.0034999999999999996,0.41759999999999997,False,-0.054191632517730993,-0.016862234749713198,3.552713678800501e-15
-0.04472154723742205,0.05000010728844373,0.7607963267948965,0.0029,0.41759999999999997,False,-0.04472154723742205,-0.016942482089022413,0.05000010728844373
-0.03861168217029225,0.050000047683759874,0.7507963267948966,0.0025,0.41759999999999997,False,-0.03861168217029225,-0.017115576205320462,0.050000047683759874
-0.04339977789601724,-0.049999868869978314,0.7407963267948966,0.0028000000000000004,0.41759999999999997,False,-0.04339977789601724,-0.017314613386745066,-0.049999868869978314
-0.043366682002468446,2.384184618620111e-07,0.7307963267948966,0.0028000000000000004,0.41759999999999997,False,-0.043366682002468446,-0.017479962300137552,2.384184618620111e-07
-0.029263435583452825,0.09999997615843625,0.7107963267948966,0.0019,0.41759999999999997,False,-0.029263435583452825,-0.017943749661809234,0.09999997615843625
-0.015371027376504486,0.04999986886998542,0.7007963267948966,0.001,0.41759999999999997,False,-0.015371027376504486,-0.01833943097392537,0.04999986886998542
-0.02607014661928691,0.050000047683759874,0.6907963267948966,0.0017000000000000001,0.41759999999999997,False,-0.02607014661928691,-0.01869519939232286,0.050000047683759874
-0.028792221427780592,0.14999984502841812,0.6807963267948965,0.0019,0.41759999999999997,False,-0.028792221427780592,-0.01933378566082274,0.14999984502841812
-0.033007112701464836,0.19999995231686185,0.6707963267948965,0.0022,0.41759999999999997,False,-0.033007112701464836,-0.019781433384959045,0.19999995231686185
-0.047632732862176515,0.19999995231686185,0.6607963267948965,0.0032,0.41759999999999997,False,-0.047632732862176515,-0.01980052609436907,0.19999995231686185
-0.05770311863285703,0.14999984502841457,0.6507963267948965,0.0039000000000000003,0.41759999999999997,False,-0.05770311863285703,-0.01983680671734618,0.14999984502841457
-0.0819540253996745,0.1000000953675233,0.6407963267948965,0.005600000000000001,0.41759999999999997,False,-0.0819540253996745,-0.019749492036046846,0.1000000953675233
-0.09256082651103252,0.0999999761584327,0.6407963267948965,0.0064,0.41759999999999997,False,-0.09256082651103252,-0.019732294553673285,0.0999999761584327
-0.10452549891298304,-2.3841846541472478e-07,0.6307963267948966,0.0073,0.41759999999999997,False,-0.10452549891298304,-0.019808203607488518,-2.3841846541472478e-07
-0.10569551654483952,-0.05000010728844728,0.6307963267948966,0.0074,0.41759999999999997,False,-0.10569551654483952,-0.019685457903754162,-0.05000010728844728
-0.10253952435268358,0.0,0.6207963267948966,0.0072,0.41759999999999997,False,-0.10253952435268358,-0.01959810249387859,0.0
-0.0928647771839294,0.05000004768376343,0.6207963267948966,0.006500000000000001,0.41759999999999997,False,-0.0928647771839294,-0.01938999605851721,0.05000004768376343
-0.09338966127180094,2.3841846541472478e-07,0.6107963267948966,0.006500000000000001,0.41759999999999997,False,-0.09338966127180094,-0.0191979902001966,2.3841846541472478e-07
-0.09819474319914298,-0.0999999761584327,0.6107963267948966,0.0068000000000000005,0.41759999999999997,False,-0.09819474319914298,-0.01912388797831133,-0.0999999761584327
-0.08684517293704862,-0.0999999761584327,0.6007963267948966,0.006,0.41759999999999997,False,-0.08684517293704862,-0.01912307551327005,-0.0999999761584327
-0.08150861361499333,-0.04999986886998542,0.5907963267948966,0.005600000000000001,0.41759999999999997,False,-0.08150861361499333,-0.019056436274009537,-0.04999986886998542
-0.04989804815644848,0.05000004768376343,0.5707963267948966,0.0034000000000000002,0.41759999999999997,False,-0.04989804815644848,-0.018886661336875287,0.05000004768376343
-0.04115921108428225,0.0999999761584327,0.5607963267948965,0.0028000000000000004,0.41759999999999997,False,-0.04115921108428225,-0.018866731092068986,0.0999999761584327
-0.03804901301841513,0.09999997615842915,0.5607963267948965,0.0026,0.41759999999999997,False,-0.03804901301841513,-0.019085074031476378,0.09999997615842915
-0.033448158837968145,0.09999997615843625,0.5607963267948965,0.0023,0.41759999999999997,False,-0.033448158837968145,-0.019735899109630257,0.09999997615843625
-0.04689062086082296,0.04999986886998187,0.5507963267948965,0.0032,0.41759999999999997,False,-0.04689062086082296,-0.019977455204206022,0.04999986886998187
-0.05586964441531488,0.050000047683759874,0.5507963267948965,0.0038,0.41759999999999997,False,-0.05586964441531488,-0.019782149264469685,0.050000047683759874
-0.05368768392604375,0.0999999761584327,0.5407963267948965,0.0037,0.41759999999999997,False,-0.05368768392604375,-0.019754638229696215,0.0999999761584327
-0.041402940326564414,0.09999997615842915,0.5307963267948965,0.0029,0.41759999999999997,False,-0.041402940326564414,-0.01997089903412374,0.09999997615842915
-0.04529633168402283,0.1999997138984,0.5307963267948965,0.0032,0.41759999999999997,False,-0.04529633168402283,-0.019905178596706978,0.1999997138984
-0.06856012033680166,0.24999982118685082,0.5207963267948965,0.0049,0.41759999999999997,False,-0.06856012033680166,-0.01978225573357337,0.24999982118685082
-0.08319583526281213,0.1000000953675233,0.5107963267948965,0.006,0.41759999999999997,False,-0.08319583526281213,-0.019770996635663268,0.1000000953675233
-0.09690846337174899,0.0,0.5107963267948965,0.006999999999999999,0.41759999999999997,False,-0.09690846337174899,-0.019585201549732433,0.0
-0.09178178791672885,-0.05000010728845439,0.5007963267948965,0.0066,0.41759999999999997,False,-0.09178178791672885,-0.019444566453658305,-0.05000010728845439
-0.09446166145968994,-0.0999999761584327,0.5007963267948965,0.0068000000000000005,0.41759999999999997,False,-0.09446166145968994,-0.01937050027734665,-0.0999999761584327
-0.09284744579904554,2.384184618620111e-07,0.4907963267948965,0.0067,0.41759999999999997,False,-0.09284744579904554,-0.019567552909374307,2.384184618620111e-07
-0.08922270344645203,0.1000000953675233,0.4807963267948965,0.0064,0.41759999999999997,False,-0.08922270344645203,-0.019628219455510673,0.1000000953675233
-0.06639876809682634,0.14999984502841812,0.46079632679489646,0.004699999999999999,0.41759999999999997,False,-0.06639876809682634,-0.019790665319438402,0.14999984502841812
-0.06401682077772722,0.09999973773996373,0.45079632679489645,0.0045000000000000005,0.41759999999999997,False,-0.06401682077772722,-0.019841448502084625,0.09999973773996373
-0.08105535564741606,0.14999960660994915,0.45079632679489645,0.005699999999999999,0.41759999999999997,False,-0.08105535564741606,-0.02024283215367218,0.14999960660994915
-0.10357813215579761,0.29999992847529455,0.43079632679489666,0.0073,0.41759999999999997,False,-0.10357813215579761,-0.020478784653260314,0.29999992847529455
-0.11629162349331547,0.15000014305128317,0.42079632679489665,0.008199999999999999,0.41759999999999997,False,-0.11629162349331547,-0.020449127962968074,0.15000014305128317
-0.1309017289193142,0.04999986886998897,0.40079632679489663,0.0092,0.41759999999999997,False,-0.1309017289193142,-0.020051359587287626,0.04999986886998897
-0.1428783306776577,0.20000019073532727,0.3907963267948966,0.01,0.41759999999999997,False,-0.1428783306776577,-0.019675496696277526,0.20000019073532727
-0.16539485549130675,0.2500000596053127,0.3807963267948966,0.0115,0.41759999999999997,False,-0.16539485549130675,-0.019260087399357036,0.2500000596053127
-0.1944921788851247,0.19999995231686185,0.3707963267948966,0.0134,0.41759999999999997,False,-0.1944921788851247,-0.01861770617066225,0.19999995231686185
-0.2119705863181432,0.15000014305128673,0.3607963267948966,0.0144,0.41759999999999997,False,-0.2119705863181432,-0.01800812554991048,0.15000014305128673
-0.24240003495475201,0.14999984502841812,0.3507963267948966,0.0163,0.41759999999999997,False,-0.24240003495475201,-0.017555262663343223,0.14999984502841812
-0.25452037042801284,0.04999963045151645,0.3407963267948966,0.0171,0.41759999999999997,False,-0.25452037042801284,-0.01735791280844815,0.04999963045151645
-0.2755492166185547,-0.05000010728844728,0.33079632679489657,0.018600000000000002,0.41759999999999997,False,-0.2755492166185547,-0.017004056096307955,-0.05000010728844728
-0.28767119374248395,-0.050000107288450835,0.32079632679489656,0.0194,0.41759999999999997,False,-0.28767119374248395,-0.01637714602427228,-0.050000107288450835
-0.2748928954216802,-0.050000047683759874,0.31079632679489655,0.0184,0.41759999999999997,False,-0.2748928954216802,-0.016001760007583184,-0.050000047683759874
-0.2236168657233684,0.09999973773996729,0.30079632679489654,0.0148,0.41759999999999997,False,-0.2236168657233684,-0.015565321920587266,0.09999973773996729
0.12128618241379154,0.1999999523168583,0.29079632679489653,-0.008,0.41759999999999997,True,0.12128618241379154,-0.015935130809735062,0.1999999523168583
0.46979751444322343,0.24999982118684727,0.2807963267948965,-0.030699999999999998,0.41759999999999997,True,0.46979751444322343,-0.015839923877322543,0.24999982118684727
0.8268852107721736,0.24999982118685082,0.2707963267948965,-0.053399999999999996,0.41759999999999997,True,0.8268852107721736,-0.01598181726306631,0.24999982118685082
1.1929079489051317,0.3500003337863298,0.2507963267948965,-0.0759,0.41759999999999997,True,1.1929079489051317,-0.015691488422658547,0.3500003337863298
1.564899896186614,0.5499997496621418,0.23079632679489648,-0.0986,0.41759999999999997,True,1.564899896186614,-0.015397798449871113,0.5499997496621418
1.7521518128869953,0.5499997496621418,0.19079632679489666,-0.1099,0.41759999999999997,True,1.7521518128869953,-0.014728039789455735,0.5499997496621418
2.125448086987798,0.49999988079216706,0.15079632679489663,-0.1326,0.41759999999999997,True,2.125448086987798,-0.01368583445591747,0.49999988079216706
2.309121898033742,0.6500002026574982,0.09079632679489658,-0.1439,0.41759999999999997,True,2.309121898033742,-0.012435519046244148,0.6500002026574982
2.327128286082363,0.8000007629401757,0.030796326794896522,-0.1438,0.41759999999999997,True,2.327128286082363,-0.010634896735605756,0.8000007629401757
2.3431836879427137,0.7999998092674581,6.2439816339744825,-0.1438,0.41759999999999997,True,2.3431836879427137,-0.0086641265852208,0.7999998092674581
2.359950127706118,0.7499997019790072,6.163981633974483,-0.1438,0.41759999999999997,True,2.359950127706118,-0.006415431754349336,0.7499997019790072
2.384672845664253,0.8499994397189745,6.083981633974483,-0.1438,0.41759999999999997,True,2.384672845664253,-0.004337473851873467,0.8499994397189745
2.4160343142227596,0.8499994397189745,5.9939816339744825,-0.1438,0.41759999999999997,True,2.4160343142227596,-0.0018086084917146872,0.8499994397189745
2.4404436627211736,0.7000006675726596,5.903981633974483,-0.1438,0.41759999999999997,True,2.4404436627211736,0.0004994239454437728,0.7000006675726596
2.4648255071807745,0.7999995708489926,5.813981633974483,-0.1438,0.41759999999999997,True,2.4648255071807745,0.002870672189012043,0.7999995708489926
2.4982570894814984,0.8999997854258872,5.713981633974482,-0.1438,0.41759999999999997,True,2.4982570894814984,0.0054584457293360995,0.8999997854258872
2.529970091816119,0.8499999165559053,5.623981633974482,-0.1438,0.41759999999999997,True,2.529970091816119,0.008076208305737234,0.8499999165559053
2.5601750817227162,0.8499999165559053,5.5339816339744825,-0.1437,0.41759999999999997,True,2.5601750817227162,0.01088235162683628,0.8499999165559053
2.598923043488992,0.8500008106239427,5.433981633974483,-0.1438,0.41759999999999997,True,2.598923043488992,0.013912006491022259,0.8500008106239427
2.649196271061514,0.7999998092674545,5.343981633974483,-0.1438,0.41759999999999997,True,2.649196271061514,0.017128577098369083,0.7999998092674545
2.706764623655759,0.8499999165559053,5.253981633974483,-0.1437,0.41759999999999997,True,2.706764623655759,0.020456385002909822,0.8499999165559053
2.77630518881326,0.8000000476859235,5.153981633974483,-0.1437,0.41759999999999997,True,2.77630518881326,0.024653637961203248,0.8000000476859235
2.8423563221759,0.6999998331090218,5.063981633974483,-0.1438,0.41759999999999997,True,2.8423563221759,0.029489224352746136,0.6999998331090218
2.898974160962983,0.8000007629401811,4.973981633974483,-0.1438,0.41759999999999997,True,2.898974160962983,0.03378269933227435,0.8000007629401811
2.95654431804993,0.7500001788159381,4.883981633974482,-0.1437,0.41759999999999997,True,2.95654431804993,0.038430080511352424,0.7500001788159381
3.009551711410962,0.5999998569505909,4.7839816339744825,-0.1438,0.41759999999999997,True,3.009551711410962,0.041915510840776396,0.5999998569505909
3.052833579493052,0.69999959469056,4.703981633974482,-0.1438,0.41759999999999997,True,3.052833579493052,0.043258742560412525,0.69999959469056
3.10276286098736,0.749999701979009,4.613981633974483,-0.1438,0.41759999999999997,True,3.10276286098736,0.04211582689598053,0.749999701979009
3.1548077085610062,0.7000006675726578,4.523981633974483,-0.1438,0.41759999999999997,True,3.1548077085610062,0.03892635097650582,0.7000006675726578
3.193775385547008,0.7499997019790072,4.433981633974483,-0.1438,0.41759999999999997,True,3.193775385547008,0.03506869932527121,0.7499997019790072
3.2107156548322324,0.7999998092674563,4.353981633974483,-0.1438,0.41759999999999997,True,3.2107156548322324,0.030931993629656113,0.7999998092674563
3.216865060532694,0.7000000715274872,4.273981633974483,-0.1437,0.41759999999999997,True,3.216865060532694,0.02738578324607798,0.7000000715274872
3.2103666640669117,0.6499999642390417,4.193981633974483,-0.1438,0.41759999999999997,True,3.2103666640669117,0.024417019609704865,0.6499999642390417
3.2089352818254753,0.7000006675726596,4.113981633974483,-0.1438,0.41759999999999997,True,3.2089352818254753,0.02105767512218467,0.7000006675726596
3.166891274140835,0.6499999642390399,4.0339816339744825,-0.1418,0.41759999999999997,True,3.166891274140835,0.01805095616147796,0.6499999642390399
3.1087865526073357,0.700000071527489,3.953981633974483,-0.1389,0.41759999999999997,True,3.1087865526073357,0.015448845504329102,0.700000071527489
3.0489584585866614,0.7499999403974744,3.8839816339744826,-0.1362,0.41759999999999997,True,3.0489584585866614,0.013089758766618394,0.7499999403974744
3.003552609321421,0.5999996185321272,3.803981633974483,-0.13449999999999998,0.41759999999999997,True,3.003552609321421,0.01097070957693052,0.5999996185321272
2.887622709434655,0.550000524521371,3.723981633974483,-0.1311,0.41759999999999997,True,2.887622709434655,0.009127678109376591,0.550000524521371
2.7528072396968284,0.6499997258205745,3.643981633974483,-0.1266,0.41759999999999997,True,2.7528072396968284,0.00750567374070552,0.6499997258205745
2.681664846787161,0.5999996185321272,3.5739816339744825,-0.1242,0.41759999999999997,True,2.681664846787161,0.0055743153913514,0.5999996185321272
2.5927558550713563,0.5499997496621454,3.503981633974483,-0.121,0.41759999999999997,True,2.5927558550713563,0.004201952956904566,0.5499997496621454
2.491182564870665,0.5499997496621436,3.4439816339744826,-0.1173,0.41759999999999997,True,2.491182564870665,0.003259650152963028,0.5499997496621436
2.383756517025582,0.40000038147008965,3.3739816339744824,-0.1139,0.41759999999999997,True,2.383756517025582,0.0014848388505652123,0.40000038147008965
2.275877273655964,0.3499997973452764,3.3139816339744828,-0.1101,0.41759999999999997,True,2.275877273655964,-0.00010987914931806477,0.3499997973452764
2.2209354267294614,0.3999999046337255,3.253981633974483,-0.1085,0.41759999999999997,True,2.2209354267294614,-0.0009614987187628867,0.3999999046337255
2.143261466990422,0.35000003576374716,3.1939816339744826,-0.1057,0.41759999999999997,True,2.143261466990422,-0.002293088550025228,0.35000003576374716
2.0732077231591983,0.3500000357637454,3.143981633974483,-0.10339999999999999,0.41759999999999997,True,2.0732077231591983,-0.003729221874790456,0.3500000357637454
2.001828364234903,0.40000038147008965,3.093981633974483,-0.1017,0.41759999999999997,True,2.001828364234903,-0.004828285294966186,0.40000038147008965
1.9199676232582217,0.39999990463372814,3.053981633974483,-0.099,0.41759999999999997,True,1.9199676232582217,-0.005868188885344259,0.39999990463372814
1.8447239800928912,0.2999996900568336,3.013981633974483,-0.0958,0.41759999999999997,True,1.8447239800928912,-0.007063901513518847,0.2999996900568336
1.7898160577276754,0.29999969005682825,2.973981633974483,-0.0931,0.41759999999999997,True,1.7898160577276754,-0.008305390692438333,0.29999969005682825
1.7404594354756073,0.3999999046337237,2.9439816339744826,-0.0908,0.41759999999999997,True,1.7404594354756073,-0.009297735505642371,0.3999999046337237
1.6656261386375846,0.3500003337863298,2.9139816339744824,-0.08789999999999999,0.41759999999999997,True,1.6656261386375846,-0.010371939461630309,0.3500003337863298
1.582160032959721,0.34999979734528086,2.893981633974483,-0.08460000000000001,0.41759999999999997,True,1.582160032959721,-0.011325355099669608,0.34999979734528086
1.5004327105792887,0.2999996900568336,2.8639816339744826,-0.08130000000000001,0.41759999999999997,True,1.5004327105792887,-0.012119229909057165,0.2999996900568336
1.4277977025361985,0.19999995231686363,2.843981633974483,-0.0786,0.41759999999999997,True,1.4277977025361985,-0.012947150439357397,0.19999995231686363
1.3645333189652211,0.19999995231686363,2.8239816339744825,-0.0766,0.41759999999999997,True,1.3645333189652211,-0.013601657245457664,0.19999995231686363
1.2793075210112483,0.15000014305128495,2.803981633974483,-0.0731,0.41759999999999997,True,1.2793075210112483,-0.014704348701291009,0.15000014305128495
1.226541426314085,0.09999997615843004,2.7839816339744825,-0.0711,0.41759999999999997,True,1.226541426314085,-0.01562415488155133,0.09999997615843004
1.196566457358065,0.15000008344688176,2.7739816339744827,-0.0701,0.41759999999999997,True,1.196566457358065,-0.016398442062148556,0.15000008344688176
1.1629011436929184,0.10000021457689989,2.753981633974483,-0.0687,0.41759999999999997,True,1.1629011436929184,-0.01740445679429318,0.10000021457689989
1.1276740681996187,0.0,2.7439816339744825,-0.0672,0.41759999999999997,True,1.1276740681996187,-0.018428135015356804,0.0
1.1003182523931827,0.050000047683759874,2.7339816339744827,-0.0663,0.41759999999999997,True,1.1003182523931827,-0.019483234372788243,0.050000047683759874
1.0773849343444986,0.09999997615843004,2.713981633974483,-0.0658,0.41759999999999997,True,1.0773849343444986,-0.020607253189980718,0.09999997615843004
1.0564150782633812,0.09999997615843004,2.7039816339744824,-0.0652,0.41759999999999997,True,1.0564150782633812,-0.021732377752626864,0.09999997615843004
1.0483071304735225,0.09999997615842915,2.7039816339744824,-0.0649,0.41759999999999997,True,1.0483071304735225,-0.02242040741637698,0.09999997615842915
1.012110931695836,0.09999997615843448,2.7039816339744824,-0.06309999999999999,0.41759999999999997,True,1.012110931695836,-0.023236661057874662,0.09999997615843448
0.9788741148549106,0.10000009536752419,2.7039816339744824,-0.0617,0.41759999999999997,True,0.9788741148549106,-0.023884061215586533,0.10000009536752419
0.9626217162528,0.09999997615843004,2.7039816339744824,-0.061200000000000004,0.41759999999999997,True,0.9626217162528,-0.02452159580360369,0.09999997615843004
0.9481456705937382,0.09999997615843004,2.713981633974483,-0.0605,0.41759999999999997,True,0.9481456705937382,-0.025139502964818896,0.09999997615843004
0.9320442099116965,0.09999997615843359,2.713981633974483,-0.059800000000000006,0.41759999999999997,True,0.9320442099116965,-0.025584449296609437,0.09999997615843359
0.9092525692128781,0.09999997615843448,2.713981633974483,-0.0588,0.41759999999999997,True,0.9092525692128781,-0.02583389388563205,0.09999997615843448
0.8877604638242806,0.050000047683759874,2.713981633974483,-0.057800000000000004,0.41759999999999997,True,0.8877604638242806,-0.026176643714565708,0.050000047683759874
0.8760150748273349,0.0,2.723981633974483,-0.0572,0.41759999999999997,True,0.8760150748273349,-0.026507716598343663,0.0
0.8634176645415735,0.0,2.723981633974483,-0.0565,0.41759999999999997,True,0.8634176645415735,-0.026539577371768493,0.0
0.8513456990717537,0.04999986886998187,2.723981633974483,-0.056100000000000004,0.41759999999999997,True,0.8513456990717537,-0.026866505360322486,0.04999986886998187
0.8454908407002698,-2.3841846541472478e-07,2.7339816339744827,-0.055999999999999994,0.41759999999999997,True,0.8454908407002698,-0.027158146337759363,-2.3841846541472478e-07
0.8390314535491672,-0.15000014305128495,2.723981633974483,-0.055999999999999994,0.41759999999999997,True,0.8390314535491672,-0.027789988557962955,-0.15000014305128495
0.8315632318083284,-0.050000345706913585,2.723981633974483,-0.0556,0.41759999999999997,True,0.8315632318083284,-0.02826746213873775,-0.050000345706913585
0.8389712056087999,0.049999868869987196,2.723981633974483,-0.056100000000000004,0.41759999999999997,True,0.8389712056087999,-0.02877033422384619,0.049999868869987196
0.8465605372102052,0.04999986886998187,2.713981633974483,-0.056799999999999996,0.41759999999999997,True,0.8465605372102052,-0.029381854270588464,0.04999986886998187
0.8285714646759571,0.09999997615843004,2.713981633974483,-0.055999999999999994,0.41759999999999997,True,0.8285714646759571,-0.03002633706199813,0.09999997615843004
0.8182791138431554,0.0,2.713981633974483,-0.0557,0.41759999999999997,True,0.8182791138431554,-0.030648840766630783,0.0
0.8002613816305814,-0.05000010728844728,2.713981633974483,-0.054900000000000004,0.41759999999999997,True,0.8002613816305814,-0.031053275497664963,-0.05000010728844728
0.7917292875752177,-0.05000010728844728,2.713981633974483,-0.054900000000000004,0.41759999999999997,True,0.7917292875752177,-0.031664745859643975,-0.05000010728844728
0.7792101413335424,-0.09999997615843448,2.723981633974483,-0.0545,0.41759999999999997,True,0.7792101413335424,-0.03225909211674289,-0.09999997615843448
0.7854903249357439,-0.04999986886998631,2.723981633974483,-0.0554,0.41759999999999997,True,0.7854903249357439,-0.03306574484245447,-0.04999986886998631
0.7932036916931977,0.0,2.723981633974483,-0.055999999999999994,0.41759999999999997,True,0.7932036916931977,-0.033782109394113,0.0
0.7956780864543892,0.0,2.7339816339744827,-0.055999999999999994,0.41759999999999997,True,0.7956780864543892,-0.034024998871073395,0.0
0.7985872279250504,-0.05000010728844728,2.7339816339744827,-0.055999999999999994,0.41759999999999997,True,0.7985872279250504,-0.034371670551508644,-0.05000010728844728
0.8011611790932986,-0.09999997615843004,2.7439816339744825,-0.055999999999999994,0.41759999999999997,True,0.8011611790932986,-0.03458526843532533,-0.09999997615843004
0.7984700481500517,-0.09999997615843004,2.7339816339744827,-0.0558,0.41759999999999997,True,0.7984700481500517,-0.03497138831504925,-0.09999997615843004
0.8069370146233883,-0.10000009536752419,2.7339816339744827,-0.0565,0.41759999999999997,True,0.8069370146233883,-0.035455309320408586,-0.10000009536752419
0.8218560300983807,-0.09999997615843448,2.7339816339744827,-0.0574,0.41759999999999997,True,0.8218560300983807,-0.03573069653722256,-0.09999997615843448
0.8476910800342389,-0.09999997615842915,2.7339816339744827,-0.0588,0.41759999999999997,True,0.8476910800342389,-0.035673398548173835,-0.09999997615842915
0.8489271450953078,-0.05000010728844728,2.7339816339744827,-0.0587,0.41759999999999997,True,0.8489271450953078,-0.035759728732174575,-0.05000010728844728
0.8546391444062605,0.05000010728844728,2.7339816339744827,-0.0588,0.41759999999999997,True,0.8546391444062605,-0.035881384770139545,0.05000010728844728
0.8722096166791411,0.050000047683759874,2.7439816339744825,-0.059699999999999996,0.41759999999999997,True,0.8722096166791411,-0.03595683037622692,0.050000047683759874
0.8872985819385069,0.0,2.7439816339744825,-0.0608,0.41759999999999997,True,0.8872985819385069,-0.035953014644851726,0.0
0.8757726661240848,-0.10000021457689545,2.7439816339744825,-0.06,0.41759999999999997,True,0.8757726661240848,-0.03602504345511242,-0.10000021457689545
0.8778959911033107,-0.19999995231686452,2.7439816339744825,-0.059500000000000004,0.41759999999999997,True,0.8778959911033107,-0.03618240427645958,-0.19999995231686452
0.905725994893069,-0.14999984502841635,2.7339816339744827,-0.0603,0.41759999999999997,True,0.905725994893069,-0.036085774911383685,-0.14999984502841635
0.9285613493532506,0.050000047683764315,2.723981633974483,-0.0616,0.41759999999999997,True,0.9285613493532506,-0.03607692370502001,0.050000047683764315
0.9528769674930084,0.15000008344688176,2.713981633974483,-0.0636,0.41759999999999997,True,0.9528769674930084,-0.03669013947083346,0.15000008344688176
0.9594170263057824,0.09999997615843004,2.713981633974483,-0.0641,0.41759999999999997,True,0.9594170263057824,-0.036951576407310296,0.09999997615843004
0.9423689467868269,0.09999997615843004,2.713981633974483,-0.0625,0.41759999999999997,True,0.9423689467868269,-0.036644933134582613,0.09999997615843004
0.9259281017408062,0.04999986886998187,2.713981633974483,-0.0613,0.41759999999999997,True,0.9259281017408062,-0.03673965929886196,0.04999986886998187
0.9211153468172575,0.0,2.723981633974483,-0.060700000000000004,0.41759999999999997,True,0.9211153468172575,-0.03663889961985091,0.0
0.9119683146639782,-0.04999986886998187,2.723981633974483,-0.0599,0.41759999999999997,True,0.9119683146639782,-0.036561786719503414,-0.04999986886998187
0.905329383297594,-0.09999997615843004,2.723981633974483,-0.059500000000000004,0.41759999999999997,True,0.905329383297594,-0.03655363667353946,-0.09999997615843004
0.9117617111175637,-0.09999997615843004,2.713981633974483,-0.0601,0.41759999999999997,True,0.9117617111175637,-0.03689026218727913,-0.09999997615843004
0.9218011426151606,2.3841846541472478e-07,2.713981633974483,-0.0604,0.41759999999999997,True,0.9218011426151606,-0.03706088468682173,2.3841846541472478e-07
0.9499200713582299,0.050000047683759874,2.713981633974483,-0.0613,0.41759999999999997,True,0.9499200713582299,-0.03698859066769491,0.050000047683759874
0.9755204038405547,0.049999868869982755,2.7039816339744824,-0.0617,0.41759999999999997,True,0.9755204038405547,-0.03689303745209169,0.049999868869982755
0.9908951012274942,-2.3841846541472478e-07,2.7039816339744824,-0.061399999999999996,0.41759999999999997,True,0.9908951012274942,-0.03692545169852532,-2.3841846541472478e-07
1.005099041524176,-2.3841846541472478e-07,2.6939816339744826,-0.060700000000000004,0.41759999999999997,True,1.005099041524176,-0.036838065739900984,-2.3841846541472478e-07
1.0126450194916925,0.1500000834468782,2.683981633974483,-0.0599,0.41759999999999997,True,1.0126450194916925,-0.03666644182940077,0.1500000834468782
1.0252470825091273,0.10000009536752064,2.673981633974483,-0.0602,0.41759999999999997,True,1.0252470825091273,-0.03676555609989034,0.10000009536752064
1.0088456429714832,-0.049999868869982755,2.6639816339744824,-0.0591,0.41759999999999997,True,1.0088456429714832,-0.03642400505378016,-0.049999868869982755
0.9490477116057313,-0.04999986886998187,2.6639816339744824,-0.056600000000000004,0.41759999999999997,True,0.9490477116057313,-0.03654497898567421,-0.04999986886998187
0.9281812224197935,0.0,2.6539816339744826,-0.056799999999999996,0.41759999999999997,True,0.9281812224197935,-0.03764272757697377,0.0
0.9270896698712832,0.05000010728844817,2.643981633974483,-0.0571,0.41759999999999997,True,0.9270896698712832,-0.03813482579025139,0.05000010728844817
0.9338999069591168,0.05000004768376076,2.633981633974483,-0.0575,0.41759999999999997,True,0.9338999069591168,-0.0378630236848134,0.05000004768376076
0.9146916563468965,0.09999973773996818,2.6239816339744824,-0.056600000000000004,0.41759999999999997,True,0.9146916563468965,-0.038119506143414944,0.09999973773996818
0.9117492096378157,0.14999984502841723,2.6239816339744824,-0.0562,0.41759999999999997,True,0.9117492096378157,-0.03824176406557405,0.14999984502841723
0.8987955462176815,0.09999997615843004,2.6139816339744826,-0.0548,0.41759999999999997,True,0.8987955462176815,-0.03810242392580592,0.09999997615843004
0.8771203123816503,0.09999997615843448,2.603981633974483,-0.053200000000000004,0.41759999999999997,True,0.8771203123816503,-0.03845988577338276,0.09999997615843448
0.8480616861666581,0.15000014305128495,2.593981633974483,-0.051500000000000004,0.41759999999999997,True,0.8480616861666581,-0.039165233706555586,0.15000014305128495
0.8320510065832316,0.10000021457689456,2.583981633974483,-0.050499999999999996,0.41759999999999997,True,0.8320510065832316,-0.039772444248785024,0.10000021457689456
0.8067900206605181,0.05000010728844817,2.5739816339744825,-0.0489,0.41759999999999997,True,0.8067900206605181,-0.040356140747974056,0.05000010728844817
0.7762659180228777,0.05000010728844817,2.5639816339744828,-0.047400000000000005,0.41759999999999997,True,0.7762659180228777,-0.041181965695690215,0.05000010728844817
0.7501510989664609,0.0,2.553981633974483,-0.0463,0.41759999999999997,True,0.7501510989664609,-0.04209610067321526,0.0
0.7285405188226671,0.0,2.553981633974483,-0.0454,0.41759999999999997,True,0.7285405188226671,-0.04274380573479151,0.0
0.6979367397132314,0.04999986886998631,2.543981633974483,-0.044000000000000004,0.41759999999999997,True,0.6979367397132314,-0.0434688353361969,0.04999986886998631
0.6835091312900824,0.04999986886998631,2.543981633974483,-0.0434,0.41759999999999997,True,0.6835091312900824,-0.04391418362917548,0.04999986886998631
0.6743512367769758,-0.04999986886998631,2.5339816339744825,-0.0431,0.41759999999999997,True,0.6743512367769758,-0.04425284042269988,-0.04999986886998631
0.6625852737274316,2.3841846541472478e-07,2.5339816339744825,-0.0426,0.41759999999999997,True,0.6625852737274316,-0.04448353417472994,2.3841846541472478e-07
0.6410694099340176,0.050000047683764315,2.543981633974483,-0.0414,0.41759999999999997,True,0.6410694099340176,-0.044823396049011414,0.050000047683764315
0.6449712954420161,-0.04999986886998631,2.543981633974483,-0.0417,0.41759999999999997,True,0.6449712954420161,-0.04481657765649554,-0.04999986886998631
0.6400561285054597,-0.04999986886998631,2.553981633974483,-0.0414,0.41759999999999997,True,0.6400561285054597,-0.044777658199668655,-0.04999986886998631
0.6439797654782576,0.0,2.5639816339744828,-0.0417,0.41759999999999997,True,0.6439797654782576,-0.04486207007218172,0.0
0.6303594486829518,0.05000010728845172,2.5739816339744825,-0.0408,0.41759999999999997,True,0.6303594486829518,-0.04481016125174293,0.05000010728845172
0.6317318879359488,0.050000047683764315,2.583981633974483,-0.0407,0.41759999999999997,True,0.6317318879359488,-0.04463540433741909,0.050000047683764315
0.6394241764516211,-0.04999986886998631,2.593981633974483,-0.040999999999999995,0.41759999999999997,True,0.6394241764516211,-0.04446450180320813,-0.04999986886998631
0.6318782176540624,-0.09999997615843448,2.593981633974483,-0.0403,0.41759999999999997,True,0.6318782176540624,-0.044345031122873385,-0.09999997615843448
0.6320813636105153,-0.05000010728844817,2.603981633974483,-0.04019999999999999,0.41759999999999997,True,0.6320813636105153,-0.044344357348445454,-0.05000010728844817
0.6266089161993997,0.0,2.603981633974483,-0.039900000000000005,0.41759999999999997,True,0.6266089161993997,-0.044500597008843,0.0
0.6342585539314084,-0.050000047683759874,2.6139816339744826,-0.0404,0.41759999999999997,True,0.6342585539314084,-0.0446047299382831,-0.050000047683759874
0.6402615533378113,-0.14999984502841635,2.6239816339744824,-0.0407,0.41759999999999997,True,0.6402615533378113,-0.04442114163160978,-0.14999984502841635
0.6374344076809572,-0.09999973773996906,2.6239816339744824,-0.0408,0.41759999999999997,True,0.6374344076809572,-0.04459013541437764,-0.09999973773996906
0.6351397885803949,-0.04999986886998187,2.633981633974483,-0.0409,0.41759999999999997,True,0.6351397885803949,-0.04498314418621811,-0.04999986886998187
0.6476053832712481,-0.04999986886998187,2.633981633974483,-0.0416,0.41759999999999997,True,0.6476053832712481,-0.044911075102385095,-0.04999986886998187
0.6528118853069027,-0.10000009536752064,2.643981633974483,-0.04190000000000001,0.41759999999999997,True,0.6528118853069027,-0.044782403561090756,-0.10000009536752064
0.6533576517618774,-0.10000021457689545,2.643981633974483,-0.04190000000000001,0.41759999999999997,True,0.6533576517618774,-0.04486595140206748,-0.10000021457689545
0.6728071014659259,0.05000010728844728,2.6539816339744826,-0.042800000000000005,0.41759999999999997,True,0.6728071014659259,-0.04469410882770164,0.05000010728844728
0.6896986567085581,0.09999997615843004,2.6639816339744824,-0.0432,0.41759999999999997,True,0.6896986567085581,-0.04416244876892569,0.09999997615843004
0.6861919411351304,0.15000008344688265,2.673981633974483,-0.042300000000000004,0.41759999999999997,True,0.6861919411351304,-0.043452122845167876,0.15000008344688265
0.6737205586060842,0.15000014305128495,2.683981633974483,-0.041100000000000005,0.41759999999999997,True,0.6737205586060842,-0.04311421138756968,0.15000014305128495
0.6435560650181236,0.09999997615842915,2.6939816339744826,-0.039,0.41759999999999997,True,0.6435560650181236,-0.042696074437949205,0.09999997615842915
0.428689020679783,-0.10000045299536531,2.6939816339744826,-0.026000000000000002,0.41759999999999997,True,0.428689020679783,-0.04265911286053318,-0.10000045299536531
0.04394391800859215,-0.29999992847529366,2.7039816339744824,-0.0027,0.41759999999999997,True,0.04394391800859215,-0.0428249627633128,-0.29999992847529366
-0.32028171549160794,-0.4000001430521891,2.713981633974483,0.0199,0.41759999999999997,False,-0.32028171549160794,-0.0429097056559697,-0.4000001430521891
-0.682981974884459,-0.4500004291538513,2.723981633974483,0.042699999999999995,0.41759999999999997,False,-0.682981974884459,-0.04278068570088107,-0.4500004291538513
-1.0410666575847034,-0.44999977350371534,2.753981633974483,0.0652,0.41759999999999997,False,-1.0410666575847034,-0.0423249485874794,-0.44999977350371534
-1.3984653838017345,-0.5499999880806099,2.7839816339744825,0.08789999999999999,0.41759999999999997,False,-1.3984653838017345,-0.041702269307222546,-0.5499999880806099
-1.759192394375693,-0.6999995946905564,2.833981633974483,0.1104,0.41759999999999997,False,-1.759192394375693,-0.040478263627238054,-0.6999995946905564
-2.129569160370472,-0.8499999165559045,2.893981633974483,0.1331,0.41759999999999997,False,-2.129569160370472,-0.03897678699162212,-0.8499999165559045
-2.3126847555969796,-0.8000007629401811,2.963981633974483,0.1439,0.41759999999999997,False,-2.3126847555969796,-0.037445243723876365,-0.8000007629401811
-2.31026372991118,-0.8499994397189727,3.043981633974483,0.1437,0.41759999999999997,False,-2.31026372991118,-0.03613081370035059,-0.8499994397189727
-2.300158330826037,-0.9999997615843217,3.133981633974483,0.1437,0.41759999999999997,False,-2.300158330826037,-0.034944217130556565,-0.9999997615843217
-2.2974175043133185,-0.8500001549743708,3.213981633974483,0.1437,0.41759999999999997,False,-2.2974175043133185,-0.033764526894548834,-0.8500001549743708
-2.316883214898108,-0.850000154974369,3.303981633974483,0.1437,0.41759999999999997,False,-2.316883214898108,-0.03198656547192418,-0.850000154974369
-2.3382039981487845,-0.9000008583077062,3.4139816339744824,0.1437,0.41759999999999997,False,-2.3382039981487845,-0.03015870960969568,-0.9000008583077062
-2.3541354320874657,-0.8499996781374399,3.513981633974483,0.1437,0.41759999999999997,False,-2.3541354320874657,-0.028303512478397755,-0.8499996781374399
-2.3753951470792,-1.0000000000027836,3.603981633974483,0.1437,0.41759999999999997,False,-2.3753951470792,-0.02627020190466696,-1.0000000000027836
-2.381357177023622,-1.0499998688727672,3.7039816339744824,0.1437,0.41759999999999997,False,-2.381357177023622,-0.024027611472503808,-1.0499998688727672
-2.3728044001098474,-0.7999993324305255,3.793981633974483,0.1437,0.41759999999999997,False,-2.3728044001098474,-0.021674241975048653,-0.7999993324305255
-2.3721472034258877,-0.7000006675726578,3.8839816339744826,0.1437,0.41759999999999997,False,-2.3721472034258877,-0.018700865300097978,-0.7000006675726578
-2.3864823292791426,-0.7499999403974726,3.9839816339744827,0.1437,0.41759999999999997,False,-2.3864823292791426,-0.014324515166504062,-0.7499999403974726
-2.42383919862403,-0.6499997258205763,4.083981633974483,0.1438,0.41759999999999997,False,-2.42383919862403,-0.009502529218337358,-0.6499997258205763
-2.48306924472777,-0.7499994635605418,4.183981633974483,0.1438,0.41759999999999997,False,-2.48306924472777,-0.0038493952338556387,-0.7499994635605418
-2.5494861412407426,-0.7999995708489891,4.2839816339744825,0.1438,0.41759999999999997,False,-2.5494861412407426,0.003224028899646277,-0.7999995708489891
-2.6202456915137575,-0.7500007152564194,4.383981633974482,0.1439,0.41759999999999997,False,-2.6202456915137575,0.010237654857504478,-0.7500007152564194
-2.682378764353377,-0.8499996781374382,4.473981633974483,0.1439,0.41759999999999997,False,-2.682378764353377,0.017642423742260147,-0.8499996781374382
-2.74548300764383,-0.8499996781374382,4.573981633974483,0.1439,0.41759999999999997,False,-2.74548300764383,0.026210142429712948,-0.8499996781374382
-2.8318026035196437,-0.7499999403974744,4.673981633974483,0.1439,0.41759999999999997,False,-2.8318026035196437,0.03349771580621073,-0.7499999403974744
-2.904714367560157,-0.8000000476859217,4.763981633974483,0.1439,0.41759999999999997,False,-2.904714367560157,0.038958368170988,-0.8000000476859217
-2.9671267170877393,-0.9000008583077026,4.863981633974483,0.1439,0.41759999999999997,False,-2.9671267170877393,0.042746239879882394,-0.9000008583077026
-3.0082743724447356,-0.8000000476859199,4.963981633974482,0.1439,0.41759999999999997,False,-3.0082743724447356,0.04407421649643873,-0.8000000476859199
-3.0446434735502907,-0.8000000476859235,5.043981633974482,0.1439,0.41759999999999997,False,-3.0446434735502907,0.043760947936335476,-0.8000000476859235
-3.0692367898482984,-0.8499999165559018,5.143981633974483,0.1438,0.41759999999999997,False,-3.0692367898482984,0.04247509545624804,-0.8499999165559018
-3.098057801363487,-0.8499999165559053,5.243981633974483,0.1438,0.41759999999999997,False,-3.098057801363487,0.04068438254646719,-0.8499999165559053
-3.125410711580735,-0.7000006675726596,5.333981633974483,0.1438,0.41759999999999997,False,-3.125410711580735,0.03864280351547152,-0.7000006675726596
-3.142543983260758,-0.8499989628820401,5.433981633974483,0.1438,0.41759999999999997,False,-3.142543983260758,0.036781360068293543,-0.8499989628820401
-3.140244916271215,-0.9499991774589418,5.523981633974483,0.1438,0.41759999999999997,False,-3.140244916271215,0.035085241795533934,-0.9499991774589418
-3.149164989794195,-0.6000000953690581,5.623981633974482,0.1438,0.41759999999999997,False,-3.149164989794195,0.03335538393938292,-0.6000000953690581
-3.151630736719146,-0.8500006318113016,5.713981633974482,0.1438,0.41759999999999997,False,-3.151630736719146,0.031655195781631416,-0.8500006318113016
-3.0840363576029968,-1.000000953675226,5.813981633974483,0.1413,0.41759999999999997,False,-3.0840363576029968,0.030013257839311285,-1.000000953675226
-3.010565763988602,-0.6000003337875235,5.903981633974483,0.1389,0.41759999999999997,False,-3.010565763988602,0.028718483347818378,-0.6000003337875235
-2.864001638060964,-0.7500006556528689,5.983981633974483,0.1328,0.41759999999999997,False,-2.864001638060964,0.027185804335097857,-0.7500006556528689
-2.8571273825924597,-0.900000262262818,6.0739816339744825,0.13369999999999999,0.41759999999999997,False,-2.8571273825924597,0.025844649595674164,-0.900000262262818
-2.6573138696478997,-0.49999940395523623,6.163981633974483,0.1251,0.41759999999999997,False,-2.6573138696478997,0.02435258724107707,-0.49999940395523623
-2.4590265684392207,-0.6000005722051363,6.2439816339744825,0.1168,0.41759999999999997,False,-2.4590265684392207,0.02313378572344135,-0.6000005722051363
-2.373236745367347,-0.750000178815931,0.04079632679489653,0.11380000000000001,0.41759999999999997,False,-2.373236745367347,0.02177836722692764,-0.750000178815931
-2.258677020362392,-0.4499995350852437,0.1107963267948966,0.10980000000000001,0.41759999999999997,False,-2.258677020362392,0.020934101170961984,-0.4499995350852437
-2.0986036154280816,-0.39999966621526184,0.18079632679489666,0.1035,0.41759999999999997,False,-2.0986036154280816,0.019616684902035022,-0.39999966621526184
-1.9912637490014298,-0.6000000953690581,0.2407963267948965,0.0986,0.41759999999999997,False,-1.9912637490014298,0.01841028095837521,-0.6000000953690581
-1.927575289711551,-0.500000476837613,0.30079632679489654,0.0962,0.41759999999999997,False,-1.927575289711551,0.01720745341778219,-0.500000476837613
-1.7755330725277827,-0.34999979734528,0.3607963267948966,0.0898,0.41759999999999997,False,-1.7755330725277827,0.016146907047943953,-0.34999979734528
-1.6454432514503168,-0.5000001192106254,0.41079632679489664,0.08460000000000001,0.41759999999999997,False,-1.6454432514503168,0.014834013113668755,-0.5000001192106254
-1.5461903226920604,-0.40000038147065453,0.46079632679489646,0.08,0.41759999999999997,False,-1.5461903226920604,0.013507546413613816,-0.40000038147065453
-1.4543089787614838,-0.30000016689375997,0.5007963267948965,0.0761,0.41759999999999997,False,-1.4543089787614838,0.012761422003551227,-0.30000016689375997
-1.3334549761054737,-0.4500004291538531,0.5407963267948965,0.071,0.41759999999999997,False,-1.3334549761054737,0.011277381639161204,-0.4500004291538531
-1.2450302012068464,-0.3500002741822108,0.5707963267948966,0.06709999999999999,0.41759999999999997,False,-1.2450302012068464,0.010193053586739909,-0.3500002741822108
-1.1542853869938288,-0.2500000596053127,0.6107963267948966,0.06269999999999999,0.41759999999999997,False,-1.1542853869938288,0.008925650976967693,-0.2500000596053127
-1.061327611251907,-0.34999979734528,0.6407963267948965,0.0584,0.41759999999999997,False,-1.061327611251907,0.007589872682027877,-0.34999979734528
-0.9859028743022598,-0.29999969005682914,0.6707963267948965,0.054900000000000004,0.41759999999999997,False,-0.9859028743022598,0.006305184848804383,-0.29999969005682914
-0.9053085268736879,-0.2500002384188065,0.6907963267948966,0.0508,0.41759999999999997,False,-0.9053085268736879,0.004945332711164891,-0.2500002384188065
-0.8198733622246172,-0.2999999284752981,0.7207963267948966,0.046799999999999994,0.41759999999999997,False,-0.8198733622246172,0.003958442029805729,-0.2999999284752981
-0.7719607930366498,-0.35000003576374894,0.7307963267948966,0.0447,0.41759999999999997,False,-0.7719607930366498,0.003020197412640467,-0.35000003576374894
-0.6812957490066063,-0.25000029802377455,0.7507963267948966,0.039900000000000005,0.41759999999999997,False,-0.6812957490066063,0.002048361154228243,-0.25000029802377455
-0.641094839158368,-0.20000019073533082,0.7707963267948965,0.0379,0.41759999999999997,False,-0.641094839158368,0.0010522225194349705,-0.20000019073533082
-0.5509016216803427,-0.2000001907350466,0.7807963267948965,0.0329,0.41759999999999997,False,-0.5509016216803427,4.01917913734394e-05,-0.2000001907350466
-0.5039719406139523,-0.09999997615842915,0.7907963267948965,0.030299999999999997,0.41759999999999997,False,-0.5039719406139523,-0.0008018127657785192,-0.09999997615842915
-0.46436903071616953,-0.15000008344688354,0.8007963267948965,0.0281,0.41759999999999997,False,-0.46436903071616953,-0.0017475687741079409,-0.15000008344688354
-0.4206416446383326,-0.1999999523168654,0.8007963267948965,0.0256,0.41759999999999997,False,-0.4206416446383326,-0.0026069069410840414,-0.1999999523168654
-0.3847919471312315,-0.14999984502841812,0.8107963267948965,0.0236,0.41759999999999997,False,-0.3847919471312315,-0.0033857292471873627,-0.14999984502841812
-0.3531991693445722,-0.05000004768376343,0.8207963267948966,0.0218,0.41759999999999997,False,-0.3531991693445722,-0.004166901622313061,-0.05000004768376343
-0.31400208091967596,-0.04999986886998187,0.8207963267948966,0.0195,0.41759999999999997,False,-0.31400208091967596,-0.0048595403086993845,-0.04999986886998187
-0.2921336535421851,-0.0999999761584327,0.8207963267948966,0.0182,0.41759999999999997,False,-0.2921336535421851,-0.005642913654376704,-0.0999999761584327
-0.2673039014687266,-0.0999999761584256,0.8207963267948966,0.0167,0.41759999999999997,False,-0.2673039014687266,-0.006142717397652793,-0.0999999761584256
-0.24639579336021475,0.050000345706909144,0.8207963267948966,0.0154,0.41759999999999997,False,-0.24639579336021475,-0.006712853106879277,0.050000345706909144
-0.22395014391395474,0.10000009536751975,0.8207963267948966,0.0141,0.41759999999999997,False,-0.22395014391395474,-0.0073196431136855564,0.10000009536751975
-0.2169167535435779,3.552713678800501e-15,0.8207963267948966,0.0138,0.41759999999999997,False,-0.2169167535435779,-0.007972961517186388,3.552713678800501e-15
-0.22304866256664196,0.05000010728844728,0.8207963267948966,0.0143,0.41759999999999997,False,-0.22304866256664196,-0.008235205123151072,0.05000010728844728
-0.22305042910431058,0.050000107288450835,0.8207963267948966,0.0143,0.41759999999999997,False,-0.22305042910431058,-0.008418233540583957,0.050000107288450835
-0.20835332185981661,0.0,0.8207963267948966,0.0134,0.41759999999999997,False,-0.20835332185981661,-0.008622456792590785,0.0
-0.19922012118398275,0.0,0.8107963267948965,0.0129,0.41759999999999997,False,-0.19922012118398275,-0.008776132063708631,0.0
-0.2049561903972531,0.0,0.8107963267948965,0.013300000000000001,0.41759999999999997,False,-0.2049561903972531,-0.008790593324336259,0.0
-0.20085960454098128,0.0,0.8007963267948965,0.0131,0.41759999999999997,False,-0.20085960454098128,-0.008722999815550036,0.0
-0.189334855827935,0.04999986886998542,0.7907963267948965,0.0124,0.41759999999999997,False,-0.189334855827935,-0.008548137678782415,0.04999986886998542
-0.19437246212419396,0.0999999761584327,0.7807963267948965,0.0128,0.41759999999999997,False,-0.19437246212419396,-0.008591148287675245,0.0999999761584327
-0.18783983891791053,0.050000047683759874,0.7807963267948965,0.0124,0.41759999999999997,False,-0.18783983891791053,-0.00870996626462566,0.050000047683759874
-0.1875690013136129,0.09999973773997084,0.7707963267948965,0.0124,0.41759999999999997,False,-0.1875690013136129,-0.008715114527915712,0.09999973773997084
-0.1955573036282186,0.14999984502841812,0.7607963267948965,0.013000000000000001,0.41759999999999997,False,-0.1955573036282186,-0.008964781952365442,0.14999984502841812
-0.1957716616527126,2.3841846896743846e-07,0.7607963267948965,0.013000000000000001,0.41759999999999997,False,-0.1957716616527126,-0.009354773549689034,2.3841846896743846e-07
-0.19617951954979418,0.0500003457069127,0.7607963267948965,0.013000000000000001,0.41759999999999997,False,-0.19617951954979418,-0.009715245632177044,0.0500003457069127
-0.2047828283798939,0.10000009536751975,0.7607963267948965,0.013600000000000001,0.41759999999999997,False,-0.2047828283798939,-0.009913035863521458,0.10000009536751975
-0.21602695984314785,0.0,0.7607963267948965,0.0144,0.41759999999999997,False,-0.21602695984314785,-0.01044524530637594,0.0
-0.21822761876940108,0.10000021457689456,0.7607963267948965,0.014499999999999999,0.41759999999999997,False,-0.21822761876940108,-0.011026073546387091,0.10000021457689456
-0.21346759610766894,0.15000008344688354,0.7607963267948965,0.0141,0.41759999999999997,False,-0.21346759610766894,-0.01155564097228646,0.15000008344688354
-0.2215445818009988,0.0999999761584327,0.7707963267948965,0.0146,0.41759999999999997,False,-0.2215445818009988,-0.01218766823190235,0.0999999761584327
-0.22538579249776589,0.0,0.7707963267948965,0.0149,0.41759999999999997,False,-0.22538579249776589,-0.012897048952119882,0.0
-0.22741381717315806,0.049999630451520005,0.7807963267948965,0.0151,0.41759999999999997,False,-0.22741381717315806,-0.01363001183537187,0.049999630451520005
-0.2265217864025979,0.09999973773996018,0.7807963267948965,0.0151,0.41759999999999997,False,-0.2265217864025979,-0.014070911275256436,0.09999973773996018
-0.21560239176082,0.04999986886998897,0.7907963267948965,0.0144,0.41759999999999997,False,-0.21560239176082,-0.01457478201267811,0.04999986886998897
-0.233322573771325,-2.3841846896743846e-07,0.7907963267948965,0.015600000000000001,0.41759999999999997,False,-0.233322573771325,-0.014872872657153903,-2.3841846896743846e-07
-0.23039992274957152,-0.05000004768376343,0.7907963267948965,0.0154,0.41759999999999997,False,-0.23039992274957152,-0.015065023328427617,-0.05000004768376343
-0.23299990477419305,3.552713678800501e-15,0.7807963267948965,0.015600000000000001,0.41759999999999997,False,-0.23299990477419305,-0.014754996185238933,3.552713678800501e-15
-0.21053006204160432,-0.050000107288450835,0.7807963267948965,0.014199999999999999,0.41759999999999997,False,-0.21053006204160432,-0.014402936168217946,-0.050000107288450835
-0.19322712258641628,-0.05000010728844373,0.7707963267948965,0.0132,0.41759999999999997,False,-0.19322712258641628,-0.014163948545490187,-0.05000010728844373
-0.19139525817111933,0.05000010728844373,0.7607963267948965,0.0132,0.41759999999999997,False,-0.19139525817111933,-0.01420582656974388,0.05000010728844373
-0.17735543186557542,0.15000014305128317,0.7607963267948965,0.0123,0.41759999999999997,False,-0.17735543186557542,-0.014174258285242798,0.15000014305128317
-0.1767928987469441,0.10000021457690167,0.7607963267948965,0.0123,0.41759999999999997,False,-0.1767928987469441,-0.014224226330067313,0.10000021457690167
-0.18380742061127603,0.05000010728844728,0.7607963267948965,0.0128,0.41759999999999997,False,-0.18380742061127603,-0.014359714354587872,0.05000010728844728
-0.19412288367513242,0.05000010728844728,0.7507963267948966,0.013500000000000002,0.41759999999999997,False,-0.19412288367513242,-0.014646756654971296,0.05000010728844728
-0.20500466763819414,0.05000010728844728,0.7507963267948966,0.014199999999999999,0.41759999999999997,False,-0.20500466763819414,-0.014787731393204454,0.05000010728844728
-0.20261158816468133,0.1000000953675233,0.7507963267948966,0.013999999999999999,0.41759999999999997,False,-0.20261158816468133,-0.014960346428571296,0.1000000953675233
-0.19879800744812634,0.14999984502841812,0.7407963267948966,0.0137,0.41759999999999997,False,-0.19879800744812634,-0.0156993592144238,0.14999984502841812
-0.20707959688407193,0.19999995231686185,0.7407963267948966,0.0143,0.41759999999999997,False,-0.20707959688407193,-0.016181844167889214,0.19999995231686185
-0.21335754056212938,0.10000021457689456,0.7407963267948966,0.0148,0.41759999999999997,False,-0.21335754056212938,-0.016428682228399695,0.10000021457689456
-0.23794949654523,0.0,0.7307963267948966,0.0166,0.41759999999999997,False,-0.23794949654523,-0.01701619760945442,0.0
-0.2509209720153344,0.0,0.7307963267948966,0.0175,0.41759999999999997,False,-0.2509209720153344,-0.017289626764824883,0.0
-0.25213933179528936,0.04999986886998897,0.7207963267948966,0.0176,0.41759999999999997,False,-0.25213933179528936,-0.017393552251443966,0.04999986886998897
-0.25177218111991573,0.04999986886998542,0.7207963267948966,0.0175,0.41759999999999997,False,-0.25177218111991573,-0.017605151575474563,0.04999986886998542
-0.25160980464453875,3.552713678800501e-15,0.7207963267948966,0.0174,0.41759999999999997,False,-0.25160980464453875,-0.017753945166079865,3.552713678800501e-15
-0.25169001602448277,-3.552713678800501e-15,0.7107963267948966,0.0175,0.41759999999999997,False,-0.25169001602448277,-0.017821934662375413,-3.552713678800501e-15
-0.2533185296114217,0.0,0.7107963267948966,0.0177,0.41759999999999997,False,-0.2533185296114217,-0.017933935827136677,0.0
-0.24578421609137574,0.04999986886998542,0.7007963267948966,0.0172,0.41759999999999997,False,-0.24578421609137574,-0.017848381076650436,0.04999986886998542
-0.2448698085008618,0.049999868869978314,0.7007963267948966,0.0172,0.41759999999999997,False,-0.2448698085008618,-0.01788237684424305,0.049999868869978314
-0.2399499629118353,3.552713678800501e-15,0.7007963267948966,0.0169,0.41759999999999997,False,-0.2399499629118353,-0.018064445626913027,3.552713678800501e-15
-0.24438910468887295,-0.050000107288450835,0.7007963267948966,0.0171,0.41759999999999997,False,-0.24438910468887295,-0.018061028210117343,-0.050000107288450835
-0.241614661750664,-0.050000047683759874,0.7007963267948966,0.0168,0.41759999999999997,False,-0.241614661750664,-0.01822711889696424,-0.050000047683759874
-0.22968047134715872,-0.04999986886998542,0.7007963267948966,0.0159,0.41759999999999997,False,-0.22968047134715872,-0.018251070250573986,-0.04999986886998542
-0.2189785997663614,2.384184618620111e-07,0.7107963267948966,0.0151,0.41759999999999997,False,-0.2189785997663614,-0.0184986369827107,2.384184618620111e-07
-0.20385688970549248,0.09999997615843625,0.7107963267948966,0.013999999999999999,0.41759999999999997,False,-0.20385688970549248,-0.018812009991568384,0.09999997615843625
-0.19952814308733807,-2.3841846896743846e-07,0.7107963267948966,0.0137,0.41759999999999997,False,-0.19952814308733807,-0.01917103563627372,-2.3841846896743846e-07
-0.19962651329654107,-0.050000047683759874,0.7207963267948966,0.0137,0.41759999999999997,False,-0.19962651329654107,-0.019604964927840137,-0.050000047683759874
-0.2013352445956199,3.552713678800501e-15,0.7207963267948966,0.0139,0.41759999999999997,False,-0.2013352445956199,-0.01998127288442336,3.552713678800501e-15
-0.17504735598837634,-3.552713678800501e-15,0.7207963267948966,0.0121,0.41759999999999997,False,-0.17504735598837634,-0.020381827508040917,-3.552713678800501e-15
-0.15770738813887117,-0.04999986886998542,0.7207963267948966,0.0109,0.41759999999999997,False,-0.15770738813887117,-0.020666753613366937,-0.04999986886998542
-0.15263945490679054,-0.15000008344688354,0.7207963267948966,0.0105,0.41759999999999997,False,-0.15263945490679054,-0.020939857321111727,-0.15000008344688354
-0.13539187190309188,-0.10000009536751975,0.7307963267948966,0.009300000000000001,0.41759999999999997,False,-0.13539187190309188,-0.021181294076109147,-0.10000009536751975
-0.1393493469619098,0.0,0.7307963267948966,0.0096,0.41759999999999997,False,-0.1393493469619098,-0.02152164465788111,0.0
-0.09894824474250749,-0.05000010728845439,0.7207963267948966,0.0068000000000000005,0.41759999999999997,False,-0.09894824474250749,-0.021745212714751376,-0.05000010728845439
-0.08860355939674083,-2.3841846541472478e-07,0.7207963267948966,0.0060999999999999995,0.41759999999999997,False,-0.08860355939674083,-0.022061240466991722,-2.3841846541472478e-07
-0.0828360887201513,0.0999999761584327,0.7307963267948966,0.005699999999999999,0.41759999999999997,False,-0.0828360887201513,-0.02241549139840565,0.0999999761584327
-0.06669438404094723,0.050000047683759874,0.7207963267948966,0.0046,0.41759999999999997,False,-0.06669438404094723,-0.022724424016506442,0.050000047683759874
-0.06369017142833763,0.04999986886998187,0.7207963267948966,0.0044,0.41759999999999997,False,-0.06369017142833763,-0.02284434135181008,0.04999986886998187
-0.07234503682520203,0.0999999761584327,0.7207963267948966,0.005,0.41759999999999997,False,-0.07234503682520203,-0.022947631680970238,0.0999999761584327
-0.07240116489754599,0.09999997615843625,0.7207963267948966,0.005,0.41759999999999997,False,-0.07240116489754599,-0.022916598073106392,0.09999997615843625
-0.07237940046926661,0.0999999761584256,0.7107963267948966,0.005,0.41759999999999997,False,-0.07237940046926661,-0.02282675697313109,0.0999999761584256
-0.08662309900132582,0.0,0.7107963267948966,0.006,0.41759999999999997,False,-0.08662309900132582,-0.022812973955057957,0.0
-0.0910953005059437,-0.05000010728844373,0.7007963267948966,0.0063,0.41759999999999997,False,-0.0910953005059437,-0.022608185655302898,-0.05000010728844373
-0.0840910750799794,0.05000010728844373,0.6907963267948966,0.0058,0.41759999999999997,False,-0.0840910750799794,-0.022180927805999843,0.05000010728844373
-0.07565644687232088,0.0999999761584327,0.6807963267948965,0.0052,0.41759999999999997,False,-0.07565644687232088,-0.022002422172790005,0.0999999761584327
-0.07449962960181629,0.09999997615842915,0.6707963267948965,0.0051,0.41759999999999997,False,-0.07449962960181629,-0.021644168161789955,0.09999997615842915
-0.09064312680185992,0.1000000953675233,0.6607963267948965,0.0062,0.41759999999999997,False,-0.09064312680185992,-0.021551049332321524,0.1000000953675233
-0.10272977256059093,0.0999999761584327,0.6607963267948965,0.006999999999999999,0.41759999999999997,False,-0.10272977256059093,-0.021259738226966914,0.0999999761584327
-0.09502857568197984,0.09999997615842915,0.6507963267948965,0.006500000000000001,0.41759999999999997,False,-0.09502857568197984,-0.02113995686669603,0.09999997615842915
-0.1037735131676461,0.09999997615843625,0.6407963267948965,0.0070999999999999995,0.41759999999999997,False,-0.1037735131676461,-0.021151136608678758,0.09999997615843625
-0.11243410059187298,0.0999999761584327,0.6407963267948965,0.0077,0.41759999999999997,False,-0.11243410059187298,-0.02094979818284922,0.0999999761584327
-0.11813197982402018,0.15000014305127962,0.6307963267948966,0.008100000000000001,0.41759999999999997,False,-0.11813197982402018,-0.020765151831917433,0.15000014305127962
-0.13414999574169872,0.0500003457069127,0.6207963267948966,0.0092,0.41759999999999997,False,-0.13414999574169872,-0.020789736444148086,0.0500003457069127
-0.14184732623525678,-0.04999986886998187,0.6107963267948966,0.0097,0.41759999999999997,False,-0.14184732623525678,-0.020355853510348333,-0.04999986886998187
-0.14526715805356888,0.04999986886998187,0.6107963267948966,0.009899999999999999,0.41759999999999997,False,-0.14526715805356888,-0.020280499402525368,0.04999986886998187
-0.1425793197481812,0.15000008344687998,0.6007963267948966,0.0097,0.41759999999999997,False,-0.1425793197481812,-0.01997355335859727,0.15000008344687998
-0.13850522348485378,0.10000009536752685,0.5907963267948966,0.009399999999999999,0.41759999999999997,False,-0.13850522348485378,-0.019942677336685217,0.10000009536752685
-0.1391946744887051,0.04999986886998542,0.5907963267948966,0.009399999999999999,0.41759999999999997,False,-0.1391946744887051,-0.020032981626830693,0.04999986886998542
-0.163057455773451,0.049999868869978314,0.5807963267948966,0.011000000000000001,0.41759999999999997,False,-0.163057455773451,-0.019986360515778904,0.049999868869978314
-0.16286447868514048,0.04999986886998542,0.5807963267948966,0.011000000000000001,0.41759999999999997,False,-0.16286447868514048,-0.02008396457678551,0.04999986886998542
-0.1807446530518148,0.049999868869978314,0.5807963267948966,0.012199999999999999,0.41759999999999997,False,-0.1807446530518148,-0.020163082492348643,0.049999868869978314
-0.17213835285489382,0.0,0.5707963267948966,0.0116,0.41759999999999997,False,-0.17213835285489382,-0.02031451055696578,0.0
-0.15877802164894245,-0.049999868869978314,0.5707963267948966,0.010700000000000001,0.41759999999999997,False,-0.15877802164894245,-0.020299395716271013,-0.049999868869978314
-0.16617394533897611,-0.04999986886998542,0.5707963267948966,0.011200000000000002,0.41759999999999997,False,-0.16617394533897611,-0.02039408053054954,-0.04999986886998542
-0.16353569915236998,3.552713678800501e-15,0.5607963267948965,0.011000000000000001,0.41759999999999997,False,-0.16353569915236998,-0.02036639928008292,3.552713678800501e-15
-0.14189326887625803,-0.050000107288450835,0.5607963267948965,0.0095,0.41759999999999997,False,-0.14189326887625803,-0.02027339102333296,-0.050000107288450835
-0.13670466973150572,0.0,0.5507963267948965,0.0091,0.41759999999999997,False,-0.13670466973150572,-0.02013875092770379,0.0
-0.11455208659172215,0.050000107288450835,0.5407963267948965,0.0076,0.41759999999999997,False,-0.11455208659172215,-0.020148332750465472,0.050000107288450835
-0.12181684479312148,0.10000021457689812,0.5407963267948965,0.008100000000000001,0.41759999999999997,False,-0.12181684479312148,-0.020183255154922343,0.10000021457689812
-0.11245903457291026,0.10000021457690167,0.5307963267948965,0.0075,0.41759999999999997,False,-0.11245903457291026,-0.020207922359815972,0.10000021457690167
-0.11633658873925953,0.05000010728844728,0.5307963267948965,0.0078000000000000005,0.41759999999999997,False,-0.11633658873925953,-0.020395570102228092,0.05000010728844728
-0.13083194130992762,0.050000047683759874,0.5307963267948965,0.0088,0.41759999999999997,False,-0.13083194130992762,-0.02039154134070329,0.050000047683759874
-0.12102388634474984,0.0,0.5307963267948965,0.008100000000000001,0.41759999999999997,False,-0.12102388634474984,-0.020474798464332877,0.0
-0.11505078268280185,0.05000010728844728,0.5307963267948965,0.0077,0.41759999999999997,False,-0.11505078268280185,-0.020724957546144906,0.05000010728844728
-0.10454093157406039,0.09999997615842915,0.5307963267948965,0.006999999999999999,0.41759999999999997,False,-0.10454093157406039,-0.02100545698211459,0.09999997615842915
-0.1072875281832011,0.09999997615842915,0.5307963267948965,0.0072,0.41759999999999997,False,-0.1072875281832011,-0.02123314872721429,0.09999997615842915
-0.11138172576158513,0.05000004768376343,0.5307963267948965,0.0075,0.41759999999999997,False,-0.11138172576158513,-0.021484080711719932,0.05000004768376343
-0.11382527195020294,3.552713678800501e-15,0.5307963267948965,0.0077,0.41759999999999997,False,-0.11382527195020294,-0.021774846460032943,3.552713678800501e-15
-0.10359140061576579,-0.10000021457689812,0.5307963267948965,0.006999999999999999,0.41759999999999997,False,-0.10359140061576579,-0.021845686485254003,-0.10000021457689812
-0.09957751811906643,-0.10000021457689456,0.5307963267948965,0.0067,0.41759999999999997,False,-0.09957751811906643,-0.021874175161666606,-0.10000021457689456
-0.08382267789568143,0.15000032186534185,0.5207963267948965,0.005600000000000001,0.41759999999999997,False,-0.08382267789568143,-0.022140803043906834,0.15000032186534185
-0.08134671385318688,0.2000001907350466,0.5207963267948965,0.0054,0.41759999999999997,False,-0.08134671385318688,-0.02240485722018479,0.2000001907350466
-0.06662886493002745,0.05000010728845439,0.5207963267948965,0.0044,0.41759999999999997,False,-0.06662886493002745,-0.022541561148894454,0.05000010728845439
-0.07140257022393177,0.10000021457689456,0.5107963267948965,0.004699999999999999,0.41759999999999997,False,-0.07140257022393177,-0.022568541017837167,0.10000021457689456
0.05772915063590506,0.15000008344688354,0.5107963267948965,-0.0038,0.41759999999999997,True,0.05772915063590506,-0.02277781005768023,0.15000008344688354
0.41610445218972836,0.0999999761584327,0.5007963267948965,-0.0273,0.41759999999999997,True,0.41610445218972836,-0.022807434154190374,0.0999999761584327
0.7634918031610248,0.2500002384188029,0.4807963267948965,-0.0501,0.41759999999999997,True,0.7634918031610248,-0.022846090522676075,0.2500002384188029
1.1126686066017475,0.35000003576374894,0.46079632679489646,-0.0728,0.41759999999999997,True,1.1126686066017475,-0.022375860384731206,0.35000003576374894
1.4595551678331267,0.40000014305219267,0.42079632679489665,-0.0953,0.41759999999999997,True,1.4595551678331267,-0.02174911493272723,0.40000014305219267
1.8100313813083755,0.5499997496621418,0.3907963267948966,-0.11800000000000001,0.41759999999999997,True,1.8100313813083755,-0.020615572338848455,0.5499997496621418
2.1602526593744193,0.499999642373691,0.3407963267948966,-0.1404,0.41759999999999997,True,2.1602526593744193,-0.019163061774234564,0.499999642373691
2.2196268740245997,0.4000003814700932,0.29079632679489653,-0.1441,0.41759999999999997,True,2.2196268740245997,-0.01736177328829707,0.4000003814700932
2.2222184892300048,0.7499989867236145,0.22079632679489647,-0.14400000000000002,0.41759999999999997,True,2.2222184892300048,-0.015235328854485013,0.7499989867236145
2.2341674209602838,0.8999993085889528,0.15079632679489663,-0.14400000000000002,0.41759999999999997,True,2.2341674209602838,-0.013153045746289026,0.8999993085889528
2.2434225087941067,0.6000000953690616,0.09079632679489658,-0.14400000000000002,0.41759999999999997,True,2.2434225087941067,-0.011174417740310033,0.6000000953690616
2.2560575917620738,0.8000005245228508,0.010796326794896505,-0.14400000000000002,0.41759999999999997,True,2.2560575917620738,-0.008866557057241556,0.8000005245228508
2.2735045207971143,0.900000858307699,6.213981633974483,-0.14400000000000002,0.41759999999999997,True,2.2735045207971143,-0.006634139700166669,0.900000858307699
2.2851597128700996,0.7499997019790108,6.143981633974483,-0.14400000000000002,0.41759999999999997,True,2.2851597128700996,-0.004608092130192688,0.7499997019790108
2.3027197029648487,0.7999998092674581,6.053981633974483,-0.14400000000000002,0.41759999999999997,True,2.3027197029648487,-0.002182839327155916,0.7999998092674581
2.325342658496301,0.7499999403974762,5.973981633974483,-0.14400000000000002,0.41759999999999997,True,2.325342658496301,-0.0001508612107357609,0.7499999403974762
2.340016693981628,0.8500001549743672,5.883981633974483,-0.14400000000000002,0.41759999999999997,True,2.340016693981628,0.0022487732285816427,0.8500001549743672
2.3644801965006925,0.6500006198888961,5.793981633974482,-0.14400000000000002,0.41759999999999997,True,2.3644801965006925,0.004711695805026881,0.6500006198888961
2.3826481271614863,0.7499987483051491,5.703981633974482,-0.14400000000000002,0.41759999999999997,True,2.3826481271614863,0.007245455799665552,0.7499987483051491
2.390610504006726,0.9999992847473855,5.613981633974483,-0.14400000000000002,0.41759999999999997,True,2.390610504006726,0.010155201871787633,0.9999992847473855
2.4141406621124464,0.7499999403974726,5.523981633974483,-0.14400000000000002,0.41759999999999997,True,2.4141406621124464,0.013675411772270572,0.7499999403974726
2.4590999203575294,0.649999725820571,5.433981633974483,-0.14400000000000002,0.41759999999999997,True,2.4590999203575294,0.01728563433832955,0.649999725820571
2.524399980883267,0.7000006675726596,5.343981633974483,-0.14400000000000002,0.41759999999999997,True,2.524399980883267,0.020678275120925533,0.7000006675726596
2.608095180397174,0.7499999403974762,5.243981633974483,-0.14400000000000002,0.41759999999999997,True,2.608095180397174,0.024317272591455365,0.7499999403974762
2.6801022914763126,0.6499997258205745,5.153981633974483,-0.14400000000000002,0.41759999999999997,True,2.6801022914763126,0.028070692487428665,0.6499997258205745
2.7459550458316353,0.6499997258205781,5.073981633974483,-0.14400000000000002,0.41759999999999997,True,2.7459550458316353,0.032038872577275126,0.6499997258205781
2.806995385120991,0.6499997258205745,4.983981633974483,-0.14400000000000002,0.41759999999999997,True,2.806995385120991,0.03643450542991518,0.6499997258205745
2.8934316187473232,0.5500005245213746,4.893981633974483,-0.14400000000000002,0.41759999999999997,True,2.8934316187473232,0.03976485802013175,0.5500005245213746
2.985874942030111,0.6999993562720928,4.813981633974483,-0.14400000000000002,0.41759999999999997,True,2.985874942030111,0.04199953772289282,0.6999993562720928
3.078458885824424,0.8499996781374399,4.733981633974483,-0.14400000000000002,0.41759999999999997,True,3.078458885824424,0.04280323126842672,0.8499996781374399
3.1376926597335237,0.7000000715274908,4.653981633974483,-0.14400000000000002,0.41759999999999997,True,3.1376926597335237,0.04207307283687863,0.7000000715274908
3.1738109104805377,0.6499999642390399,4.573981633974483,-0.14400000000000002,0.41759999999999997,True,3.1738109104805377,0.039968485911230166,0.6499999642390399
3.190713395172555,0.7500007152564176,4.493981633974483,-0.14400000000000002,0.41759999999999997,True,3.190713395172555,0.036674723556047964,0.7500007152564176
3.1910958762023767,0.700000071527489,4.423981633974483,-0.1439,0.41759999999999997,True,3.1910958762023767,0.03331328805142434,0.700000071527489
3.1966514884654282,0.5499997496621436,4.343981633974483,-0.14400000000000002,0.41759999999999997,True,3.1966514884654282,0.029672991136781547,0.5499997496621436
3.174221673400965,0.5999996185321255,4.273981633974483,-0.14400000000000002,0.41759999999999997,True,3.174221673400965,0.026867941364139485,0.5999996185321255
2.886567179897377,0.5999996185321272,4.193981633974483,-0.13019999999999998,0.41759999999999997,True,2.886567179897377,0.022897501836016052,0.5999996185321272
2.592849764083684,0.5500005245213764,4.123981633974482,-0.1148,0.41759999999999997,True,2.592849764083684,0.02005721914238922,0.5500005245213764
2.5862992771830444,0.5499999880806072,4.063981633974483,-0.11349999999999999,0.41759999999999997,True,2.5862992771830444,0.017541925107707867,0.5499999880806072
2.4917883176128903,0.5499999880806072,3.993981633974483,-0.11019999999999999,0.41759999999999997,True,2.4917883176128903,0.015448872743431274,0.5499999880806072
2.4005644954599794,0.5499999880806108,3.933981633974483,-0.1074,0.41759999999999997,True,2.4005644954599794,0.013589094494042655,0.5499999880806108
2.3216496221273353,0.4499997735037127,3.8839816339744826,-0.10550000000000001,0.41759999999999997,True,2.3216496221273353,0.012459337135591945,0.4499997735037127
2.209398232908931,0.4500004291538513,3.8139816339744828,-0.10220000000000001,0.41759999999999997,True,2.209398232908931,0.0109515131063726,0.4500004291538513
2.135819008802849,0.4500000119221763,3.753981633974483,-0.0998,0.41759999999999997,True,2.135819008802849,0.009769103677048294,0.4500000119221763
2.1248188242467223,0.4500000119221763,3.7039816339744824,-0.09910000000000001,0.41759999999999997,True,2.1248188242467223,0.008146721924051196,0.4500000119221763
2.088435936159007,0.4999998807921582,3.6539816339744826,-0.09720000000000001,0.41759999999999997,True,2.088435936159007,0.006654512216063303,0.4999998807921582
2.026178521439486,0.4499997735037091,3.593981633974483,-0.09480000000000001,0.41759999999999997,True,2.026178521439486,0.0052004272515190466,0.4499997735037091
1.9646725312652131,0.3500003337863298,3.543981633974483,-0.0925,0.41759999999999997,True,1.9646725312652131,0.0036584589501476275,0.3500003337863298
1.8972347321047651,0.34999979734528175,3.503981633974483,-0.0902,0.41759999999999997,True,1.8972347321047651,0.0023258960009478235,0.34999979734528175
1.8272070004563612,0.29999969005682914,3.463981633974483,-0.08800000000000001,0.41759999999999997,True,1.8272070004563612,0.001354079101239822,0.29999969005682914
1.7593477883346749,0.34999955892681456,3.4139816339744824,-0.0855,0.41759999999999997,True,1.7593477883346749,0.0003548311096550796,0.34999955892681456
1.684294825361394,0.2999994516383673,3.383981633974483,-0.083,0.41759999999999997,True,1.684294825361394,-0.0007415380358784286,0.2999994516383673
1.6324855520520478,0.20000019073504482,3.343981633974483,-0.0817,0.41759999999999997,True,1.6324855520520478,-0.0017102067956244833,0.20000019073504482
1.57303588464765,0.29999992847529455,3.3139816339744828,-0.0794,0.41759999999999997,True,1.57303588464765,-0.002854591049019098,0.29999992847529455
1.533783074525014,0.24999982118684727,3.2839816339744825,-0.07780000000000001,0.41759999999999997,True,1.533783074525014,-0.003677133719964659,0.24999982118684727
1.482867365090759,0.19999995231686363,3.253981633974483,-0.0758,0.41759999999999997,True,1.482867365090759,-0.004352197877368995,0.19999995231686363
1.437298491755871,0.19999995231686363,3.223981633974483,-0.0742,0.41759999999999997,True,1.437298491755871,-0.004971756201786096,0.19999995231686363
1.3857802908281587,0.2000001907350466,3.2039816339744824,-0.0717,0.41759999999999997,True,1.3857802908281587,-0.005480289662699795,0.2000001907350466
1.3583133422987204,0.1999999523168654,3.183981633974483,-0.0705,0.41759999999999997,True,1.3583133422987204,-0.005986442458752188,0.1999999523168654
1.3127830447121844,0.19999995231686363,3.1639816339744824,-0.0688,0.41759999999999997,True,1.3127830447121844,-0.006790774117046321,0.19999995231686363
1.2683118305020435,0.15000008344687643,3.143981633974483,-0.0667,0.41759999999999997,True,1.2683118305020435,-0.007326233037584063,0.15000008344687643
1.2361863033254237,0.15000008344688176,3.133981633974483,-0.0649,0.41759999999999997,True,1.2361863033254237,-0.00789961168831136,0.15000008344688176
1.204396254401087,0.15000014305128495,3.1139816339744826,-0.0633,0.41759999999999997,True,1.204396254401087,-0.008566244606048214,0.15000014305128495
1.1674587303317203,0.09999997615842915,3.103981633974483,-0.061900000000000004,0.41759999999999997,True,1.1674587303317203,-0.009564228750812358,0.09999997615842915
1.146343887462073,0.09999997615843448,3.083981633974483,-0.060899999999999996,0.41759999999999997,True,1.146343887462073,-0.010261588582101142,0.09999997615843448
1.1159108380652425,0.09999997615843359,3.0639816339744828,-0.0593,0.41759999999999997,True,1.1159108380652425,-0.011273805477917911,0.09999997615843359
1.091336566247633,0.09999997615843004,3.043981633974483,-0.057999999999999996,0.41759999999999997,True,1.091336566247633,-0.012281482532271678,0.09999997615843004
1.0849005969805554,0.20000019073504482,3.0239816339744827,-0.057699999999999994,0.41759999999999997,True,1.0849005969805554,-0.012940493592404016,0.20000019073504482
1.0548953119087074,0.29999992847529366,3.003981633974483,-0.0562,0.41759999999999997,True,1.0548953119087074,-0.013603235791461154,0.29999992847529366
1.0243860379923593,0.1999997138983991,2.9939816339744825,-0.0545,0.41759999999999997,True,1.0243860379923593,-0.014245376198895666,0.1999997138983991
0.9710357784273549,0.05000010728845172,2.9839816339744827,-0.0513,0.41759999999999997,True,0.9710357784273549,-0.01481857379117938,0.05000010728845172
0.955413602563214,0.0,2.973981633974483,-0.0499,0.41759999999999997,True,0.955413602563214,-0.015072519962434344,0.0
0.9293183598343974,0.0,2.963981633974483,-0.048,0.41759999999999997,True,0.9293183598343974,-0.01516484754644657,0.0
0.9356080656230135,0.04999986886998187,2.9539816339744824,-0.048,0.41759999999999997,True,0.9356080656230135,-0.015444651109047173,0.04999986886998187
0.9270724791728598,0.04999986886998187,2.9539816339744824,-0.0478,0.41759999999999997,True,0.9270724791728598,-0.01597724620981954,0.04999986886998187
0.9034435435848993,0.049999868869982755,2.9539816339744824,-0.0467,0.41759999999999997,True,0.9034435435848993,-0.016119203124689976,0.049999868869982755
0.8990733348007288,0.049999868869982755,2.9439816339744826,-0.0461,0.41759999999999997,True,0.8990733348007288,-0.01631653285419041,0.049999868869982755
0.8910923475187367,0.0,2.933981633974483,-0.0453,0.41759999999999997,True,0.8910923475187367,-0.01647859634576475,0.0
0.8706295586099022,0.0,2.923981633974483,-0.0441,0.41759999999999997,True,0.8706295586099022,-0.01673577232157414,0.0
0.874095256252046,0.05000010728844728,2.923981633974483,-0.0441,0.41759999999999997,True,0.874095256252046,-0.016909158383634937,0.05000010728844728
0.8709617884500898,0.14999984502841635,2.9139816339744824,-0.0437,0.41759999999999997,True,0.8709617884500898,-0.01719200691957038,0.14999984502841635
0.8533150974704882,0.09999973773996906,2.9139816339744824,-0.042699999999999995,0.41759999999999997,True,0.8533150974704882,-0.01729441843208466,0.09999973773996906
0.8404488840712916,0.050000047683759874,2.9139816339744824,-0.042,0.41759999999999997,True,0.8404488840712916,-0.017572624326112778,0.050000047683759874
0.8024394103949034,0.05000010728844728,2.9139816339744824,-0.04,0.41759999999999997,True,0.8024394103949034,-0.01798222619547271,0.05000010728844728
0.7827593271993681,0.05000010728844817,2.9039816339744826,-0.038900000000000004,0.41759999999999997,True,0.7827593271993681,-0.018368357209137563,0.05000010728844817
0.7674549364853308,0.05000010728844817,2.893981633974483,-0.0381,0.41759999999999997,True,0.7674549364853308,-0.018696305868489322,0.05000010728844817
0.7447283136167405,0.0,2.893981633974483,-0.0371,0.41759999999999997,True,0.7447283136167405,-0.019202052869967626,0.0
0.7287574444326224,0.0,2.883981633974483,-0.0363,0.41759999999999997,True,0.7287574444326224,-0.019730007481961784,0.0
0.7137427934990538,0.0,2.883981633974483,-0.0353,0.41759999999999997,True,0.7137427934990538,-0.020024743909847445,0.0
0.709822957897108,0.05000010728845172,2.883981633974483,-0.035,0.41759999999999997,True,0.709822957897108,-0.020241752589315834,0.05000010728845172
0.6946767888535161,0.05000010728845172,2.8739816339744824,-0.0342,0.41759999999999997,True,0.6946767888535161,-0.020552379158394727,0.05000010728845172
0.6933070025532171,0.0,2.8739816339744824,-0.0342,0.41759999999999997,True,0.6933070025532171,-0.020933583921291275,0.0
0.6737879747310803,0.0,2.8739816339744824,-0.0332,0.41759999999999997,True,0.6737879747310803,-0.021185653526659864,0.0
0.6689550359169624,0.0,2.883981633974483,-0.032799999999999996,0.41759999999999997,True,0.6689550359169624,-0.021284981524973604,0.0
0.6421177033202905,0.0,2.883981633974483,-0.031400000000000004,0.41759999999999997,True,0.6421177033202905,-0.02163060157647876,0.0
0.6401057661648526,-0.04999986886998631,2.883981633974483,-0.0313,0.41759999999999997,True,0.6401057661648526,-0.021833282459132977,-0.04999986886998631
0.6277558314961386,-0.09999997615843448,2.883981633974483,-0.030699999999999998,0.41759999999999997,True,0.6277558314961386,-0.02205301612012625,-0.09999997615843448
0.6217146881743887,-0.05000004768376076,2.893981633974483,-0.0302,0.41759999999999997,True,0.6217146881743887,-0.022318018544220237,-0.05000004768376076
0.6248493028664878,0.0,2.893981633974483,-0.030299999999999997,0.41759999999999997,True,0.6248493028664878,-0.02253665758764871,0.0
0.6289598188571813,0.0,2.9039816339744826,-0.030600000000000002,0.41759999999999997,True,0.6289598188571813,-0.022819177272548417,0.0
0.6228214001482332,-0.04999986886998187,2.9139816339744824,-0.0302,0.41759999999999997,True,0.6228214001482332,-0.022956115414320463,-0.04999986886998187
0.6090815219168252,-0.09999997615842915,2.9139816339744824,-0.0294,0.41759999999999997,True,0.6090815219168252,-0.02296707705014664,-0.09999997615842915
0.6114487265131295,-0.050000047683759874,2.9139816339744824,-0.0296,0.41759999999999997,True,0.6114487265131295,-0.023070495335687027,-0.050000047683759874
0.6018308318870552,-8.881784197001252e-16,2.9139816339744824,-0.029300000000000003,0.41759999999999997,True,0.6018308318870552,-0.023113887607724388,-8.881784197001252e-16
0.6111716867229972,8.881784197001252e-16,2.923981633974483,-0.029900000000000003,0.41759999999999997,True,0.6111716867229972,-0.02336121742201317,8.881784197001252e-16
0.604396293237681,0.04999986886998187,2.923981633974483,-0.0296,0.41759999999999997,True,0.604396293237681,-0.023335449638924657,0.04999986886998187
0.5969177100003372,0.049999868869982755,2.923981633974483,-0.0291,0.41759999999999997,True,0.5969177100003372,-0.023242926627449177,0.049999868869982755
0.5816137425621262,0.050000047683759874,2.933981633974483,-0.0282,0.41759999999999997,True,0.5816137425621262,-0.023256866081262994,0.050000047683759874
0.5592808178762271,0.05000010728844728,2.933981633974483,-0.0271,0.41759999999999997,True,0.5592808178762271,-0.023377971923211654,0.05000010728844728
0.5561410850164599,-0.05000010728844728,2.9439816339744826,-0.0269,0.41759999999999997,True,0.5561410850164599,-0.023728271711349606,-0.05000010728844728
0.5561635522118167,-0.05000010728844728,2.9439816339744826,-0.0269,0.41759999999999997,True,0.5561635522118167,-0.024053545043731053,-0.05000010728844728
0.5255846388125285,0.0,2.9439816339744826,-0.0254,0.41759999999999997,True,0.5255846388125285,-0.024414666434783155,0.0
0.5192891540567354,-0.050000047683759874,2.9539816339744824,-0.0252,0.41759999999999997,True,0.5192891540567354,-0.024749068974429977,-0.050000047683759874
0.5064241489631645,-0.09999997615843448,2.9539816339744824,-0.0248,0.41759999999999997,True,0.5064241489631645,-0.025131662617057154,-0.09999997615843448
0.49198173628442776,-0.04999986886998631,2.963981633974483,-0.024300000000000002,0.41759999999999997,True,0.49198173628442776,-0.02546943031260516,-0.04999986886998631
0.4938197309627404,-0.04999986886998187,2.973981633974483,-0.0245,0.41759999999999997,True,0.4938197309627404,-0.025629607627264493,-0.04999986886998187
0.49000847159637867,-0.09999997615843004,2.9839816339744827,-0.024399999999999998,0.41759999999999997,True,0.49000847159637867,-0.025685359777659962,-0.09999997615843004
0.49044322560001735,-0.10000009536752064,2.9839816339744827,-0.0246,0.41759999999999997,True,0.49044322560001735,-0.02600699978405366,-0.10000009536752064
0.49688124332107236,-0.05000010728844728,2.9839816339744827,-0.024900000000000002,0.41759999999999997,True,0.49688124332107236,-0.025999077902970246,-0.05000010728844728
0.5114741358515363,0.0,2.9939816339744825,-0.0256,0.41759999999999997,True,0.5114741358515363,-0.02625999971745785,0.0
0.5109633918813067,0.04999986886998187,3.003981633974483,-0.0255,0.41759999999999997,True,0.5109633918813067,-0.02614761153805649,0.04999986886998187
0.5011755733589918,0.04999986886998187,3.013981633974483,-0.0248,0.41759999999999997,True,0.5011755733589918,-0.02586733702629969,0.04999986886998187
0.48662060131189033,-0.050000047683759874,3.0239816339744827,-0.024,0.41759999999999997,True,0.48662060131189033,-0.02591538317126256,-0.050000047683759874
0.47900785469317303,-0.05000010728844728,3.0339816339744825,-0.0236,0.41759999999999997,True,0.47900785469317303,-0.025952187193335693,-0.05000010728844728
0.4593642491482733,0.0,3.0339816339744825,-0.022799999999999997,0.41759999999999997,True,0.4593642491482733,-0.026112209803142043,0.0
0.4444358366583511,0.04999986886998187,3.043981633974483,-0.022400000000000003,0.41759999999999997,True,0.4444358366583511,-0.026506419181511108,0.04999986886998187
0.42458414964421864,0.04999986886998187,3.053981633974483,-0.0219,0.41759999999999997,True,0.42458414964421864,-0.026939388026232552,0.04999986886998187
0.41532857191000944,-0.050000047683759874,3.0639816339744828,-0.0218,0.41759999999999997,True,0.41532857191000944,-0.02724694578297011,-0.050000047683759874
0.3843312555706593,-0.14999984502841635,3.083981633974483,-0.020499999999999997,0.41759999999999997,True,0.3843312555706593,-0.027463077174293332,-0.14999984502841635
0.3733140919749407,-0.14999984502841635,3.093981633974483,-0.020099999999999996,0.41759999999999997,True,0.3733140919749407,-0.02774699301633165,-0.14999984502841635
0.3847693419089518,-0.1499998450284119,3.103981633974483,-0.0208,0.41759999999999997,True,0.3847693419089518,-0.02795367517310895,-0.1499998450284119
0.4002060350058363,-0.19999995231686452,3.1139816339744826,-0.0217,0.41759999999999997,True,0.4002060350058363,-0.028178812796392314,-0.19999995231686452
0.4111526551265438,-0.2000001907350457,3.1239816339744824,-0.0225,0.41759999999999997,True,0.4111526551265438,-0.028614079832672824,-0.2000001907350457
0.43962952857425014,-0.19999995231686452,3.133981633974483,-0.0241,0.41759999999999997,True,0.43962952857425014,-0.028928083685506634,-0.19999995231686452
0.4715126927769069,-0.19999995231686363,3.143981633974483,-0.0258,0.41759999999999997,True,0.4715126927769069,-0.029459360297319385,-0.19999995231686363
0.48413597757945653,-0.19999995231686363,3.1539816339744826,-0.0265,0.41759999999999997,True,0.48413597757945653,-0.029948914065784978,-0.19999995231686363
0.5177611682316395,-0.14999984502841635,3.1639816339744824,-0.0285,0.41759999999999997,True,0.5177611682316395,-0.030382167794927663,-0.14999984502841635
0.5309175585574964,-0.10000009536751975,3.173981633974483,-0.0294,0.41759999999999997,True,0.5309175585574964,-0.03089009271992788,-0.10000009536751975
0.5454498831034698,-0.05000010728844728,3.183981633974483,-0.0304,0.41759999999999997,True,0.5454498831034698,-0.031349733396340285,-0.05000010728844728
0.5529696912257623,-0.05000010728845261,3.2039816339744824,-0.030899999999999997,0.41759999999999997,True,0.5529696912257623,-0.03134244865280783,-0.05000010728845261
0.5609197565162451,-0.14999984502841812,3.213981633974483,-0.0313,0.41759999999999997,True,0.5609197565162451,-0.031340469583062656,-0.14999984502841812
0.5745984221530358,-0.2500000596053127,3.2339816339744827,-0.0317,0.41759999999999997,True,0.5745984221530358,-0.030936898405124535,-0.2500000596053127
0.5921096650375743,-0.15000014305128495,3.2439816339744825,-0.0321,0.41759999999999997,True,0.5921096650375743,-0.03040517723077146,-0.15000014305128495
0.620193407122533,-0.09999973773996373,3.253981633974483,-0.0331,0.41759999999999997,True,0.620193407122533,-0.030006516228390328,-0.09999973773996373
0.6505391097897852,-0.09999973773996373,3.253981633974483,-0.0347,0.41759999999999997,True,0.6505391097897852,-0.030161387252922413,-0.09999973773996373
0.6672024632766066,0.0,3.263981633974483,-0.0358,0.41759999999999997,True,0.6672024632766066,-0.030281615763079202,0.0
0.6804102591165441,0.05000010728844728,3.2739816339744827,-0.0364,0.41759999999999997,True,0.6804102591165441,-0.030144105998675952,0.05000010728844728
0.6681729499836667,0.10000009536751975,3.2739816339744827,-0.0355,0.41759999999999997,True,0.6681729499836667,-0.030129320141271374,0.10000009536751975
0.6541049981762046,2.3841846541472478e-07,3.2739816339744827,-0.0346,0.41759999999999997,True,0.6541049981762046,-0.029929776922021332,2.3841846541472478e-07
0.6636672274765125,-0.09999997615842915,3.2739816339744827,-0.035,0.41759999999999997,True,0.6636672274765125,-0.029927830853248863,-0.09999997615842915
0.6570628263027097,-0.09999997615843448,3.2839816339744825,-0.0345,0.41759999999999997,True,0.6570628263027097,-0.029791945349296828,-0.09999997615843448
0.6635084084625075,-0.049999868869987196,3.2739816339744827,-0.0347,0.41759999999999997,True,0.6635084084625075,-0.02991384078799569,-0.049999868869987196
0.6637761810921595,0.0,3.2739816339744827,-0.0347,0.41759999999999997,True,0.6637761810921595,-0.0299703411568774,0.0
0.6692261864791061,0.049999868869987196,3.2739816339744827,-0.0349,0.41759999999999997,True,0.6692261864791061,-0.0301550417967254,0.049999868869987196
0.685651701678162,0.049999868869987196,3.2739816339744827,-0.0356,0.41759999999999997,True,0.685651701678162,-0.030255394138998148,0.049999868869987196
0.897773642715995,0.09999973773996373,3.2739816339744827,-0.04650000000000001,0.41759999999999997,True,0.897773642715995,-0.03049531662554313,0.09999973773996373
1.3503358407870258,0.2500000596053127,3.2739816339744827,-0.0696,0.4177,True,1.3503358407870258,-0.030779984552169366,0.2500000596053127
1.804622692523481,0.35000033378633155,3.263981633974483,-0.09230000000000001,0.4194,True,1.804622692523481,-0.031136652014942066,0.35000033378633155
2.254072807562212,0.39999990463372725,3.2439816339744825,-0.1149,0.4244,True,2.254072807562212,-0.03198303694970951,0.39999990463372725
2.685024067734351,0.5000001192106236,3.213981633974483,-0.1374,0.4294,True,2.685024067734351,-0.03284763889413144,0.5000001192106236
2.9861912401859096,0.5999998569505927,3.173981633974483,-0.15460000000000002,0.43439999999999995,True,2.9861912401859096,-0.034335753152753945,0.5999998569505927
2.9884166569740627,0.4999996423736981,3.1239816339744824,-0.1568,0.4379,True,2.9884166569740627,-0.03575702568866588,0.4999996423736981
3.080663832218246,0.550000524521371,3.0739816339744825,-0.1625,0.43799999999999994,True,3.080663832218246,-0.03687223689547579,0.550000524521371
3.1988210942124153,0.6499999642390399,3.013981633974483,-0.1689,0.43799999999999994,True,3.1988210942124153,-0.03803525864443604,0.6499999642390399
3.1933562420954886,0.5999998569505927,2.9439816339744826,-0.16940000000000002,0.43799999999999994,True,3.1933562420954886,-0.03943221015415511,0.5999998569505927
3.155081672349739,0.6999995946905564,2.8739816339744824,-0.16940000000000002,0.43799999999999994,True,3.155081672349739,-0.041173941322433086,0.6999995946905564
3.10887057630643,0.8499999165559045,2.793981633974483,-0.1696,0.43799999999999994,True,3.10887057630643,-0.04297347521959805,0.8499999165559045
3.0441715204908584,0.9000008583077026,2.713981633974483,-0.16949999999999998,0.43799999999999994,True,3.0441715204908584,-0.044705133412536326,0.9000008583077026
2.9775671012626024,1.1499991297758063,2.643981633974483,-0.16949999999999998,0.43799999999999994,True,2.9775671012626024,-0.04611380214169112,1.1499991297758063
2.8868836744637836,1.0499989151989118,2.5739816339744825,-0.1689,0.4379,True,2.8868836744637836,-0.047856035640011244,1.0499989151989118
2.6057746946691505,0.5500002264990713,2.513981633974483,-0.156,0.43799999999999994,True,2.6057746946691505,-0.04953725963646471,0.5500002264990713
2.341709630533538,0.45000001192217587,2.463981633974483,-0.1412,0.43799999999999994,True,2.341709630533538,-0.05101066985527121,0.45000001192217587
2.1037892909773572,0.5500005245213759,2.393981633974483,-0.1276,0.43799999999999994,True,2.1037892909773572,-0.05133751880304255,0.5500005245213759
1.987827219892859,0.5999998569505922,2.343981633974483,-0.1232,0.4379,True,1.987827219892859,-0.05210734225843978,0.5999998569505922
1.835718826761177,0.5999998569505927,2.293981633974483,-0.11689999999999999,0.4379,True,1.835718826761177,-0.05388256778088949,0.5999998569505927
1.6608625639968786,0.5499999880806055,2.253981633974483,-0.10779999999999999,0.43799999999999994,True,1.6608625639968786,-0.055175554286385195,0.5499999880806055
1.532321187234799,0.4999998807921586,2.213981633974483,-0.1012,0.43799999999999994,True,1.532321187234799,-0.056061071545383416,0.4999998807921586
1.398909802021851,0.6000005722051358,2.183981633974483,-0.0946,0.43799999999999994,True,1.398909802021851,-0.05745230708150907,0.6000005722051358
1.3259220400814524,0.500000357629093,2.1539816339744826,-0.0916,0.4379,True,1.3259220400814524,-0.05867077251225567,0.500000357629093
1.2017758391975135,0.24999982118684638,2.1239816339744824,-0.08449999999999999,0.4379,True,1.2017758391975135,-0.05943188797468975,0.24999982118684638
1.1146706492794922,0.2999996900568287,2.093981633974483,-0.07980000000000001,0.43799999999999994,True,1.1146706492794922,-0.060138068521277885,0.2999996900568287
1.0225237927680852,0.39999990463372814,2.0639816339744828,-0.07440000000000001,0.43799999999999994,True,1.0225237927680852,-0.06081796874347872,0.39999990463372814
0.9673084792288484,0.40000038147009065,2.043981633974483,-0.0712,0.4379,True,0.9673084792288484,-0.060980513413190496,0.40000038147009065
0.9161496687437773,0.3999999046337285,2.0239816339744827,-0.0682,0.4379,True,0.9161496687437773,-0.06116493121567959,0.3999999046337285
0.8702829465719478,0.24999958276838097,2.013981633974483,-0.0659,0.4379,True,0.8702829465719478,-0.06200606592247575,0.24999958276838097
0.836759824272736,0.19999971389839866,1.9939816339744825,-0.064,0.4379,True,0.836759824272736,-0.06250610224794521,0.19999971389839866
0.7695694536687344,0.29999992847529844,1.9839816339744827,-0.059500000000000004,0.4379,True,0.7695694536687344,-0.06293778074141274,0.29999992847529844
0.7415815223260885,0.30000028610257023,1.973981633974483,-0.057999999999999996,0.4379,True,0.7415815223260885,-0.06343551677709601,0.30000028610257023
0.692974802073667,0.299999928475294,1.963981633974483,-0.0547,0.43799999999999994,True,0.692974802073667,-0.06382581643068763,0.299999928475294
0.6678668140229574,0.24999982118684638,1.963981633974483,-0.0533,0.43799999999999994,True,0.6678668140229574,-0.06432593842760014,0.24999982118684638
0.6463027120490782,0.21592644644585784,1.9539816339744824,-0.0519,0.43799999999999994,True,0.6463027120490782,-0.06441859279995442,0.21592644644585784
0.6252169133010612,0.21592644644585554,1.9539816339744824,-0.0507,0.4379,True,0.6252169133010612,-0.064784470481776,0.21592644644585554
0.6076600669138219,0.20000019073504516,1.9539816339744824,-0.049699999999999994,0.43799999999999994,True,0.6076600669138219,-0.06507636004227704,0.20000019073504516
0.5969878338519548,0.15000008344688073,1.9539816339744824,-0.049400000000000006,0.43799999999999994,True,0.5969878338519548,-0.06542574564386007,0.15000008344688073
0.5877871001067055,0.20000019073532943,1.9539816339744824,-0.0492,0.4379,True,0.5877871001067055,-0.06572930183674247,0.20000019073532943
0.5815560056167713,0.2500000596053126,1.9439816339744826,-0.049,0.4379,True,0.5815560056167713,-0.06571784026223222,0.2500000596053126
0.5960927657150924,0.2500000596053127,1.9439816339744826,-0.0508,0.4379,True,0.5960927657150924,-0.065984451021268,0.2500000596053127
0.5910916676275298,0.2500002384188066,1.9439816339744826,-0.0508,0.4379,True,0.5910916676275298,-0.06612686664829298,0.2500002384188066
0.6053945959840866,0.24999982118684727,1.9339816339744829,-0.0525,0.4379,True,0.6053945959840866,-0.066322764839429,0.24999982118684727
0.6092801938757616,0.2999999284752959,1.9339816339744829,-0.053099999999999994,0.4379,True,0.6092801938757616,-0.06639021135430155,0.2999999284752959
0.6167462594932843,0.20000019073532926,1.9339816339744829,-0.054000000000000006,0.4379,True,0.6167462594932843,-0.06655228437071192,0.20000019073532926
0.609838189474672,0.20000019073532949,1.9339816339744829,-0.0536,0.4379,True,0.609838189474672,-0.06656694413363007,0.20000019073532949
0.6287018000564742,0.10000009536752286,1.9339816339744829,-0.0556,0.4379,True,0.6287018000564742,-0.06670490379046481,0.10000009536752286
0.6335294249477222,-2.3841846541472478e-07,1.9339816339744829,-0.0564,0.4379,True,0.6335294249477222,-0.06691408071841161,-2.3841846541472478e-07
0.6398961802804957,0.0499998688699832,1.923981633974483,-0.057300000000000004,0.4379,True,0.6398961802804957,-0.06706152904140217,0.0499998688699832
0.6548866596260765,0.0,1.9139816339744824,-0.058899999999999994,0.4379,True,0.6548866596260765,-0.06720936682777677,0.0
0.6655050221821681,0.20000042915379468,1.9139816339744824,-0.0596,0.4379,True,0.6655050221821681,-0.06676470369002555,0.20000042915379468
0.6681133450562406,0.2500002384188065,1.9139816339744824,-0.0596,0.4379,True,0.6681133450562406,-0.06626037049105726,0.2500002384188065
0.6609328015388383,0.19999971389839843,1.9139816339744824,-0.0588,0.4379,True,0.6609328015388383,-0.06589368425341918,0.19999971389839843
0.6624678041522323,0.24999982118684727,1.9139816339744824,-0.0588,0.4379,True,0.6624678041522323,-0.06558141283080185,0.24999982118684727
0.6617675622424186,0.05000034570691403,1.9139816339744824,-0.0588,0.4379,True,0.6617675622424186,-0.06564110508465516,0.05000034570691403
0.6714814102648561,-0.04999986886998342,1.9139816339744824,-0.059500000000000004,0.4379,True,0.6714814102648561,-0.06544922735996649,-0.04999986886998342
0.6637780279855041,-0.15000014305128362,1.9139816339744824,-0.0588,0.43799999999999994,True,0.6637780279855041,-0.06544877011982415,-0.15000014305128362
0.48133478505895766,-0.10000045299536264,1.9039816339744826,-0.0425,0.44049999999999995,True,0.48133478505895766,-0.0648009441464823,-0.10000045299536264
0.4851916767977169,-0.05000034570691425,1.9039816339744826,-0.042800000000000005,0.44549999999999995,True,0.4851916767977169,-0.06376664281971169,-0.05000034570691425
0.5030077407754766,-0.15000008344688087,1.8939816339744828,-0.0444,0.45049999999999996,True,0.5030077407754766,-0.06424504007142096,-0.15000008344688087
0.4874043189026455,-0.04999986886998342,1.8939816339744828,-0.0426,0.45549999999999996,True,0.4874043189026455,-0.06362042078551035,-0.04999986886998342
0.4802827806904358,0.0,1.8939816339744828,-0.0417,0.46049999999999996,True,0.4802827806904358,-0.06198931054202874,0.0
0.4767239618971047,-8.532002485124446e-05,1.883981633974483,-0.04190000000000001,0.4656,True,0.4767239618971047,-0.06246303659574449,-8.532002485124446e-05
0.40201863454766673,-8.532022740848078e-05,1.883981633974483,-0.0277,0.462,True,0.40201863454766673,-0.04783690903114991,-8.532022740848078e-05
0.4021747404718849,0.0,1.8939816339744828,-0.0277,0.4569,True,0.4021747404718849,-0.047842459257711974,0.0
0.4083296697167482,-0.0499998688699822,1.8939816339744828,-0.0281,0.45189999999999997,True,0.4083296697167482,-0.047910559393500925,-0.0499998688699822
0.435844508451466,0.05000034570691314,1.8939816339744828,-0.029900000000000003,0.44689999999999996,True,0.435844508451466,-0.04783329422716334,0.05000034570691314
0.40799473682906956,0.10000009536752053,1.8939816339744828,-0.027999999999999997,0.44179999999999997,True,0.40799473682906956,-0.04792544538126999,0.10000009536752053
0.13125435591753035,-0.19999947547993335,1.8939816339744828,-0.009000000000000001,0.4368,True,0.13125435591753035,-0.048040224659170155,-0.19999947547993335
-0.2058020462181842,-0.34999979734528075,1.9039816339744826,0.013999999999999999,0.4318,False,-0.2058020462181842,-0.04799684170030449,-0.34999979734528075
-0.5453190513705314,-0.2999999284752941,1.9139816339744824,0.0368,0.4267,False,-0.5453190513705314,-0.04781734539166209,-0.2999999284752941
-0.9634995319866372,-0.3500000357637416,1.9339816339744829,0.065,0.4217,False,-0.9634995319866372,-0.04812307445327217,-0.3500000357637416
-1.2115283602996945,-0.5500005245213759,1.9539816339744824,0.08199999999999999,0.4167,False,-1.2115283602996945,-0.048769437954258504,-0.5500005245213759
-1.6317014294212606,-0.7499997019790092,1.9939816339744825,0.1104,0.4127,False,-1.6317014294212606,-0.04926969667255731,-0.7499997019790092
-1.9075832092854286,-0.900000023844352,2.0239816339744827,0.1295,0.41259999999999997,False,-1.9075832092854286,-0.049941005935818565,-0.900000023844352
-1.8980743717924207,-0.9000000238443522,2.0739816339744825,0.1294,0.41259999999999997,False,-1.8980743717924207,-0.050623268545466824,-0.9000000238443522
-1.8874961998341924,-0.849999916555904,2.133981633974483,0.1294,0.41259999999999997,False,-1.8874961998341924,-0.05125203698458211,-0.849999916555904
-1.8825199129524084,-0.950000905991466,2.1939816339744826,0.1294,0.41259999999999997,False,-1.8825199129524084,-0.051662001609117644,-0.950000905991466
-1.8877125025973363,-1.1499993681942722,2.263981633974483,0.1294,0.41259999999999997,False,-1.8877125025973363,-0.05164301669254576,-1.1499993681942722
-1.9057248238911102,-0.9999990463289237,2.3639816339744826,0.1294,0.41259999999999997,False,-1.9057248238911102,-0.050874153990136985,-0.9999990463289237
-1.9275643294781948,-0.8999993085889555,2.4039816339744826,0.1294,0.41259999999999997,False,-1.9275643294781948,-0.050143172859187776,-0.8999993085889555
-1.9464049199601168,-1.09999973774275,2.4839816339744827,0.1294,0.41259999999999997,False,-1.9464049199601168,-0.049135839902806025,-1.09999973774275
-1.9499806863961715,-1.1500010967265117,2.553981633974483,0.1294,0.41259999999999997,False,-1.9499806863961715,-0.04832047240054684,-1.1500010967265117
-1.9354300813166891,-1.29999945164115,2.633981633974483,0.1294,0.41259999999999997,False,-1.9354300813166891,-0.04772800854280689,-1.29999945164115
-1.9155491079442315,-1.19999923706425,2.713981633974483,0.1294,0.41259999999999997,False,-1.9155491079442315,-0.04719095675908089,-1.19999923706425
-1.886870313319688,-0.9999997615843199,2.793981633974483,0.1295,0.41259999999999997,False,-1.886870313319688,-0.04680957946327989,-0.9999997615843199
-1.8652423935482842,-1.0499998688727672,2.8739816339744824,0.1295,0.41259999999999997,False,-1.8652423935482842,-0.045817946238529146,-1.0499998688727672
-1.8525096052766663,-0.9500009059914625,2.963981633974483,0.1294,0.41259999999999997,False,-1.8525096052766663,-0.044535017083477964,-0.9500009059914625
-1.8500801419660398,-0.8999995470074271,3.043981633974483,0.1294,0.41259999999999997,False,-1.8500801419660398,-0.04285679326757493,-0.8999995470074271
-1.8528654080951452,-0.9999997615843217,3.1239816339744824,0.1294,0.41259999999999997,False,-1.8528654080951452,-0.04061577547733618,-0.9999997615843217
-1.864618695796303,-0.9000000238443508,3.213981633974483,0.1295,0.41259999999999997,False,-1.864618695796303,-0.0382405117359897,-0.9000000238443508
-1.8821163621229278,-0.7999998092674563,3.2839816339744825,0.12960000000000002,0.41259999999999997,False,-1.8821163621229278,-0.03581877622179696,-0.7999998092674563
-1.915853257400363,-0.7000006675726596,3.3739816339744824,0.12960000000000002,0.41259999999999997,False,-1.915853257400363,-0.03263657123912763,-0.7000006675726596
-1.9597034285956283,-0.6499997258205745,3.4539816339744824,0.1297,0.41259999999999997,False,-1.9597034285956283,-0.02930642205275029,-0.6499997258205745
-1.9814745777868104,-0.6499997258205745,3.5339816339744825,0.1297,0.41259999999999997,False,-1.9814745777868104,-0.026269667868215066,-0.6499997258205745
-1.9801091742130115,-0.69999959469056,3.6239816339744824,0.1297,0.41259999999999997,False,-1.9801091742130115,-0.02268034188274181,-0.69999959469056
-1.9897156228076163,-0.6999995946905582,3.723981633974483,0.1297,0.41259999999999997,False,-1.9897156228076163,-0.01874021096551148,-0.6999995946905582
-2.0061846281896085,-0.7500007152564194,3.803981633974483,0.1297,0.41259999999999997,False,-2.0061846281896085,-0.014733295214989388,-0.7500007152564194
-2.022383238612894,-0.7500001788159381,3.893981633974483,0.1298,0.41259999999999997,False,-2.022383238612894,-0.010258964993168172,-0.7500001788159381
-2.047511493157898,-0.5499997496621454,4.023981633974483,0.1298,0.41259999999999997,False,-2.047511493157898,-0.0035437381537140127,-0.5499997496621454
-2.0685411250045185,-0.5999996185321272,4.063981633974483,0.1298,0.41259999999999997,False,-2.0685411250045185,-0.0013401883338053512,-0.5999996185321272
-2.0853037745282124,-0.6499997258205745,4.163981633974483,0.1297,0.41259999999999997,False,-2.0853037745282124,0.003577606915485586,-0.6499997258205745
-2.1047771585273534,-0.5500005245213746,4.243981633974483,0.1297,0.41259999999999997,False,-2.1047771585273534,0.008036463634649662,-0.5500005245213746
-2.12696639585076,-0.5999996185321272,4.373981633974482,0.1297,0.41259999999999997,False,-2.12696639585076,0.014946569449121464,-0.5999996185321272
-2.1281542972794485,-0.5999996185321255,4.413981633974483,0.1297,0.41259999999999997,False,-2.1281542972794485,0.017343643873846366,-0.5999996185321255
-2.270119945257953,-0.4999998807921582,4.493981633974483,0.1381,0.41259999999999997,False,-2.270119945257953,0.021879587278085335,-0.4999998807921582
-2.2675493336795873,-0.6000000953690581,4.623981633974482,0.1382,0.41259999999999997,False,-2.2675493336795873,0.02877286733692631,-0.6000000953690581
-2.2683609223498773,-0.6500006198888997,4.703981633974482,0.1382,0.41259999999999997,False,-2.2683609223498773,0.03294456432572738,-0.6500006198888997
-2.2638428764520997,-0.6499997258205745,4.753981633974483,0.1382,0.41259999999999997,False,-2.2638428764520997,0.03510724256563072,-0.6499997258205745
-2.274894811141793,-0.6999998331090218,4.873981633974482,0.1382,0.41259999999999997,False,-2.274894811141793,0.03996326682201556,-0.6999998331090218
-2.2971312000687782,-0.6499999642390364,4.913981633974483,0.1382,0.41259999999999997,False,-2.2971312000687782,0.04091355073890956,-0.6499999642390364
-2.312905973099886,-0.8000002861043889,4.993981633974483,0.1382,0.41259999999999997,False,-2.312905973099886,0.0430102991726958,-0.8000002861043889
-2.316734948945371,-0.6500006198888961,5.103981633974483,0.1382,0.41259999999999997,False,-2.316734948945371,0.04552529108065983,-0.6500006198888961
-2.3185283707288327,-0.39999966621526184,5.143981633974483,0.1382,0.41259999999999997,False,-2.3185283707288327,0.04605183432084587,-0.39999966621526184
-2.3273085153614628,-0.4499997735037162,5.223981633974483,0.1382,0.41259999999999997,False,-2.3273085153614628,0.046767920841938745,-0.4499997735037162
-2.3423759783040596,-0.49999964237369454,5.293981633974482,0.1382,0.41259999999999997,False,-2.3423759783040596,0.04682531190599154,-0.49999964237369454
-2.345438519472946,-0.5999998569505927,5.373981633974482,0.1382,0.41259999999999997,False,-2.345438519472946,0.04656508422267244,-0.5999998569505927
-2.3356097705718897,-0.5000004768376094,5.453981633974482,0.1382,0.41259999999999997,False,-2.3356097705718897,0.04616677748809925,-0.5000004768376094
-2.3364820349231903,-0.6999991178536256,5.573981633974483,0.1382,0.41259999999999997,False,-2.3364820349231903,0.04480620153529207,-0.6999991178536256
-2.3457713293485045,-0.8499994397189745,5.633981633974482,0.1382,0.41259999999999997,False,-2.3457713293485045,0.043503946393290624,-0.8499994397189745
-2.360393834050419,-0.40000061988911995,5.713981633974482,0.1382,0.41259999999999997,False,-2.360393834050419,0.041783778235709314,-0.40000061988911995
-2.358673003491553,-0.35000051260067977,5.743981633974483,0.1382,0.41259999999999997,False,-2.358673003491553,0.04115623379854116,-0.35000051260067977
-2.337167869187699,-0.750000715256423,5.813981633974483,0.1376,0.41259999999999997,False,-2.337167869187699,0.03964995851886916,-0.750000715256423
-2.3156394482937483,-0.7000003099459562,5.923981633974483,0.1367,0.41259999999999997,False,-2.3156394482937483,0.03721752112372686,-0.7000003099459562
-2.249787118970046,-0.4499997735037091,5.9939816339744825,0.1335,0.41259999999999997,False,-2.249787118970046,0.03548570000554683,-0.4499997735037091
-2.168683784527123,-0.499999642373691,6.063981633974483,0.1293,0.41259999999999997,False,-2.168683784527123,0.0336987162012363,-0.499999642373691
-2.149508443229719,-0.5499997496621454,6.133981633974483,0.1286,0.41259999999999997,False,-2.149508443229719,0.03165382589453395,-0.5499997496621454
-2.0555721657340245,-0.3500003337863298,6.203981633974482,0.1231,0.41259999999999997,False,-2.0555721657340245,0.02934904103896521,-0.3500003337863298
-1.9986010282916906,-0.4499992966667783,6.273981633974483,0.1201,0.41259999999999997,False,-1.9986010282916906,0.027314741127005465,-0.4499992966667783
-1.9833136625105179,-0.44999929666678185,0.06079632679489655,0.1186,0.41259999999999997,False,-1.9833136625105179,0.024754838297277534,-0.44999929666678185
-1.9177545497491855,-0.4999991655367637,0.1107963267948966,0.11410000000000001,0.41259999999999997,False,-1.9177545497491855,0.022504997641369744,-0.4999991655367637
-1.8942621483435587,-0.6999995946905564,0.17079632679489665,0.1127,0.41259999999999997,False,-1.8942621483435587,0.020458063347176772,-0.6999995946905564
-1.7861727639149059,-0.4500004291538495,0.2407963267948965,0.106,0.41259999999999997,False,-1.7861727639149059,0.018083472780910794,-0.4500004291538495
-1.6550354776274514,-0.20000019073533082,0.29079632679489653,0.09880000000000001,0.41259999999999997,False,-1.6550354776274514,0.01604653872493806,-0.20000019073533082
-1.576554969053027,-0.25000029802378165,0.32079632679489656,0.0955,0.41259999999999997,False,-1.576554969053027,0.015318066496111164,-0.25000029802378165
-1.4947412887045766,-0.5999993801136583,0.40079632679489663,0.0917,0.41259999999999997,False,-1.4947412887045766,0.012578187323431569,-0.5999993801136583
-1.4405370222235268,-0.4999991655367637,0.44079632679489666,0.08960000000000001,0.41259999999999997,False,-1.4405370222235268,0.010775544797858416,-0.4999991655367637
-1.3711666355465126,-0.4000003814700932,0.4807963267948965,0.08650000000000001,0.41259999999999997,False,-1.3711666355465126,0.009091121168245644,-0.4000003814700932
-1.2440108760289954,-0.3500005126006762,0.5207963267948965,0.0795,0.41259999999999997,False,-1.2440108760289954,0.007169989511147202,-0.3500005126006762
-1.2128035749883341,-0.35000051260067266,0.5507963267948965,0.0783,0.41259999999999997,False,-1.2128035749883341,0.005508415305125454,-0.35000051260067266
-1.0905844067830235,-0.4000003814706581,0.5707963267948966,0.07139999999999999,0.41259999999999997,False,-1.0905844067830235,0.003909193281851147,-0.4000003814706581
-1.0373979945365985,-0.25000005960531624,0.6007963267948966,0.0692,0.41259999999999997,False,-1.0373979945365985,0.0023645927865840457,-0.25000005960531624
-0.9638826993003748,-0.15000014305128673,0.6307963267948966,0.0655,0.41259999999999997,False,-0.9638826993003748,0.000679559482961188,-0.15000014305128673
-0.9158542499492943,-0.19999947547992747,0.6507963267948965,0.06309999999999999,0.41259999999999997,False,-0.9158542499492943,-0.0009810632036052085,-0.19999947547992747
-0.8698089970865592,-0.29999969005682914,0.6807963267948965,0.0603,0.41259999999999997,False,-0.8698089970865592,-0.002748442833640863,-0.29999969005682914
-0.8403986420418351,-0.1999999523168654,0.7007963267948966,0.0592,0.41259999999999997,False,-0.8403986420418351,-0.004394087547144116,-0.1999999523168654
-0.7749370174761804,-0.30000016689375997,0.7107963267948966,0.055099999999999996,0.41259999999999997,False,-0.7749370174761804,-0.005968035793548966,-0.30000016689375997
-0.7373789673271731,-0.30000028610256635,0.7307963267948966,0.053,0.41259999999999997,False,-0.7373789673271731,-0.00736167712072143,-0.30000028610256635
-0.7229646359382874,-0.15000008344687998,0.7407963267948966,0.0524,0.41259999999999997,False,-0.7229646359382874,-0.008702589468277724,-0.15000008344687998
-0.6369195537760887,-0.15000008344688354,0.7507963267948966,0.0464,0.41259999999999997,False,-0.6369195537760887,-0.010010793797426932,-0.15000008344688354
-0.6058763944160056,-0.15000008344688354,0.7707963267948965,0.0444,0.41259999999999997,False,-0.6058763944160056,-0.011168231258636557,-0.15000008344688354
-0.5707313195214591,-0.0999999761584327,0.7807963267948965,0.0425,0.41259999999999997,False,-0.5707313195214591,-0.012499051670864526,-0.0999999761584327
-0.5249540965337568,-0.050000047683759874,0.7907963267948965,0.039599999999999996,0.41259999999999997,False,-0.5249540965337568,-0.013798147313606821,-0.050000047683759874
-0.512325720838289,-0.09999973773996373,0.8007963267948965,0.0388,0.41259999999999997,False,-0.512325720838289,-0.01486753700907661,-0.09999973773996373
-0.48967733992928253,-0.1999999523168654,0.8107963267948965,0.0371,0.41259999999999997,False,-0.48967733992928253,-0.015843451079184282,-0.1999999523168654
-0.47072355842085406,-0.10000021457689812,0.8307963267948966,0.0359,0.41259999999999997,False,-0.47072355842085406,-0.017068219428648418,-0.10000021457689812
-0.4462815110170497,-0.050000107288450835,0.8307963267948966,0.0342,0.41259999999999997,False,-0.4462815110170497,-0.018453270320522873,-0.050000107288450835
-0.41625550283606316,-0.050000047683759874,0.8507963267948966,0.032,0.41259999999999997,False,-0.41625550283606316,-0.019445673735655814,-0.050000047683759874
-0.3988503256111945,-0.04999986886998542,0.8507963267948966,0.030899999999999997,0.41259999999999997,False,-0.3988503256111945,-0.02043194958676436,-0.04999986886998542
-0.38677006685054566,-0.04999986886998897,0.8707963267948966,0.0301,0.41259999999999997,False,-0.38677006685054566,-0.02136841788185389,-0.04999986886998897
-0.3803628185072351,0.0,0.8707963267948966,0.0297,0.41259999999999997,False,-0.3803628185072351,-0.022164721251717857,0.0
-0.3429909871456168,-0.05000010728844728,0.8807963267948966,0.0271,0.41259999999999997,False,-0.3429909871456168,-0.023148249838070234,-0.05000010728844728
-0.3082485475264232,0.05000004768376698,0.8907963267948965,0.0246,0.41259999999999997,False,-0.3082485475264232,-0.024366959588001946,0.05000004768376698
-0.28209393725780824,0.10000021457690167,0.9007963267948965,0.022799999999999997,0.41259999999999997,False,-0.28209393725780824,-0.025733331790090564,0.10000021457690167
-0.26859947582071964,0.05000010728844373,0.9107963267948965,0.0217,0.41259999999999997,False,-0.26859947582071964,-0.02654440391500228,0.05000010728844373
-0.26268418577310354,2.3841846896743846e-07,0.9207963267948965,0.0213,0.41259999999999997,False,-0.26268418577310354,-0.027188084742394956,2.3841846896743846e-07
-0.2428824290632918,2.384184618620111e-07,0.9207963267948965,0.0197,0.41259999999999997,False,-0.2428824290632918,-0.027591039227456413,2.384184618620111e-07
-0.220586742299542,0.050000047683759874,0.9207963267948965,0.018000000000000002,0.41259999999999997,False,-0.220586742299542,-0.028159311182555855,0.050000047683759874
-0.21546220431795357,0.09999973773997084,0.9307963267948965,0.0177,0.41259999999999997,False,-0.21546220431795357,-0.028843382885576162,0.09999973773997084
-0.21138268217861225,0.14999984502841457,0.9207963267948965,0.0175,0.41259999999999997,False,-0.21138268217861225,-0.029315877808982503,0.14999984502841457
-0.2038678969595166,0.09999997615842915,0.9207963267948965,0.017,0.41259999999999997,False,-0.2038678969595166,-0.029681117125272872,0.09999997615842915
-0.19176330772669675,0.15000008344687643,0.9207963267948965,0.0161,0.41259999999999997,False,-0.19176330772669675,-0.030265855822099272,0.15000008344687643
-0.17911644746580913,0.15000014305128317,0.9207963267948965,0.0151,0.41259999999999997,False,-0.17911644746580913,-0.030805613906640633,0.15000014305128317
-0.18456306015450952,0.09999997615843625,0.9207963267948965,0.015600000000000001,0.41259999999999997,False,-0.18456306015450952,-0.031166258001559123,0.09999997615843625
-0.20285999468500243,-2.3841846896743846e-07,0.9207963267948965,0.0173,0.41259999999999997,False,-0.20285999468500243,-0.03186167294193856,-2.3841846896743846e-07
-0.21289848303908307,-0.050000107288450835,0.9207963267948965,0.0182,0.41259999999999997,False,-0.21289848303908307,-0.03229073431790597,-0.050000107288450835
-0.20430905973519903,0.050000107288450835,0.9207963267948965,0.0175,0.41259999999999997,False,-0.20430905973519903,-0.03258885469786446,0.050000107288450835
-0.20402427305936788,0.0,0.9107963267948965,0.0175,0.41259999999999997,False,-0.20402427305936788,-0.03257194947416786,0.0
-0.19168517762197632,-0.050000107288450835,0.9007963267948965,0.0165,0.41259999999999997,False,-0.19168517762197632,-0.03259656629487996,-0.050000107288450835
-0.1707836153373262,-3.552713678800501e-15,0.9007963267948965,0.0148,0.41259999999999997,False,-0.1707836153373262,-0.03275577485891529,-3.552713678800501e-15
-0.15615932334367594,0.09999973773997084,0.8907963267948965,0.013600000000000001,0.41259999999999997,False,-0.15615932334367594,-0.032792836330233874,0.09999973773997084
-0.15077584088870433,0.14999984502841457,0.8807963267948966,0.0132,0.41259999999999997,False,-0.15077584088870433,-0.03314408533947955,0.14999984502841457
-0.1483210180729837,0.0,0.8807963267948966,0.013000000000000001,0.41259999999999997,False,-0.1483210180729837,-0.03367132602250723,0.0
-0.16030938018229388,-0.14999984502841457,0.8807963267948966,0.0139,0.41259999999999997,False,-0.16030938018229388,-0.0338510788562077,-0.14999984502841457
-0.18302545750231736,-0.04999963045151645,0.8807963267948966,0.015600000000000001,0.41259999999999997,False,-0.18302545750231736,-0.03358279334709137,-0.04999963045151645
-0.17844652554810697,0.05000010728845439,0.8807963267948966,0.015,0.41259999999999997,False,-0.17844652554810697,-0.0333138452094023,0.05000010728845439
-0.1834339458099798,0.0,0.8707963267948966,0.0152,0.41259999999999997,False,-0.1834339458099798,-0.03289551201698165,0.0
-0.1905707943796702,0.050000047683759874,0.8607963267948966,0.015700000000000002,0.41259999999999997,False,-0.1905707943796702,-0.03245210969570644,0.050000047683759874
-0.19796329053882367,0.09999997615842915,0.8507963267948966,0.0163,0.41259999999999997,False,-0.19796329053882367,-0.032252611977149404,0.09999997615842915
-0.18574146379289452,0.0999999761584327,0.8507963267948966,0.015300000000000001,0.41259999999999997,False,-0.18574146379289452,-0.032282592125836236,0.0999999761584327
-0.1925381973189302,0.09999997615843625,0.8407963267948966,0.015700000000000002,0.41259999999999997,False,-0.1925381973189302,-0.03187929451562374,0.09999997615843625
-0.20413628859553481,0.0999999761584256,0.8407963267948966,0.016399999999999998,0.41259999999999997,False,-0.20413628859553481,-0.03162352850680752,0.0999999761584256
-0.2111989835258411,0.15000014305127962,0.8407963267948966,0.0167,0.41259999999999997,False,-0.2111989835258411,-0.03142917123351665,0.15000014305127962
-0.2151024775148527,0.05000034570691625,0.8407963267948966,0.0169,0.41259999999999997,False,-0.2151024775148527,-0.03134003989650536,0.05000034570691625
-0.20509313856009262,0.05000034570691625,0.8407963267948966,0.0161,0.41259999999999997,False,-0.20509313856009262,-0.03136528798226453,0.05000034570691625
-0.19542308256656843,0.10000021457690167,0.8407963267948966,0.0154,0.41259999999999997,False,-0.19542308256656843,-0.03165256473484543,0.10000021457690167
-0.20879506561699046,-0.050000107288450835,0.8407963267948966,0.0165,0.41259999999999997,False,-0.20879506561699046,-0.03171297017933556,-0.050000107288450835
-0.3107746895109205,0.1000000953675233,0.8407963267948966,0.0245,0.41259999999999997,False,-0.3107746895109205,-0.031304847035873794,0.1000000953675233
-0.04320451801118837,0.15000032186534895,0.8307963267948966,0.0034000000000000002,0.41259999999999997,False,-0.04320451801118837,-0.031452002548264926,0.15000032186534895
0.24860862602689268,0.10000021457689812,0.8207963267948966,-0.0195,0.41259999999999997,True,0.24860862602689268,-0.031115638551671213,0.10000021457689812
0.5415078472928,0.15000008344688354,0.8107963267948965,-0.042300000000000004,0.41259999999999997,True,0.5415078472928,-0.03077459981866853,0.15000008344688354
0.6963993524923575,0.09999997615842915,0.8007963267948965,-0.0546,0.41259999999999997,True,0.6963993524923575,-0.03075273205763408,0.09999997615842915
0.6338492552856645,0.10000009536751975,0.7907963267948965,-0.049800000000000004,0.41259999999999997,True,0.6338492552856645,-0.03032311206816649,0.10000009536751975
0.6311048652105615,0.05000010728844728,0.7707963267948965,-0.0496,0.41259999999999997,True,0.6311048652105615,-0.029920260893394574,0.05000010728844728
0.6046096851325394,0.0,0.7607963267948965,-0.0473,0.41259999999999997,True,0.6046096851325394,-0.029246694924825258,0.0
0.575660804492806,0.04999986886998897,0.7307963267948966,-0.044800000000000006,0.41259999999999997,True,0.575660804492806,-0.02818867981120723,0.04999986886998897
0.56064569995061,0.20000019073533437,0.7107963267948966,-0.0436,0.41259999999999997,True,0.56064569995061,-0.027437235985684965,0.20000019073533437
0.5372541842970355,0.2500002384188029,0.6807963267948965,-0.0416,0.41259999999999997,True,0.5372541842970355,-0.026583533049518486,0.2500002384188029
0.5009945084471328,0.24999982118684372,0.6607963267948965,-0.0388,0.41259999999999997,True,0.5009945084471328,-0.025846052373658137,0.24999982118684372
0.4742621574422653,0.29999992847529455,0.6407963267948965,-0.036699999999999997,0.41259999999999997,True,0.4742621574422653,-0.02507194315667098,0.29999992847529455
0.4482329521816985,0.4499995350852508,0.6207963267948966,-0.0346,0.41259999999999997,True,0.4482329521816985,-0.0245467088601222,0.4499995350852508
0.43217108202908133,0.5499997496621454,0.6007963267948966,-0.0335,0.41259999999999997,True,0.43217108202908133,-0.024082901752539396,0.5499997496621454
0.3897398132721348,0.4000003814700932,0.5807963267948966,-0.0305,0.41259999999999997,True,0.3897398132721348,-0.023680613345472227,0.4000003814700932
0.35939508623205874,0.2999999284752981,0.5607963267948965,-0.0286,0.41259999999999997,True,0.35939508623205874,-0.0234366835355284,0.2999999284752981
0.31060582869483233,0.24999982118684372,0.5407963267948965,-0.025099999999999997,0.41259999999999997,True,0.31060582869483233,-0.023241454677053394,0.24999982118684372
0.28138332343744277,0.10000021457689456,0.5207963267948965,-0.0229,0.41259999999999997,True,0.28138332343744277,-0.022608157613857583,0.10000021457689456
0.2634230999287214,0.05000010728844728,0.5007963267948965,-0.0215,0.41259999999999997,True,0.2634230999287214,-0.02187624021044562,0.05000010728844728
0.26237220439141223,0.050000047683759874,0.4807963267948965,-0.0213,0.41259999999999997,True,0.26237220439141223,-0.020904161152075214,0.050000047683759874
0.25680107300844257,0.0,0.46079632679489646,-0.0206,0.41259999999999997,True,0.25680107300844257,-0.020008627155802473,0.0
0.26857144709718916,0.05000010728844728,0.44079632679489666,-0.0212,0.41259999999999997,True,0.26857144709718916,-0.019208232510076226,0.05000010728844728
0.2910705983138761,0.0999999761584327,0.42079632679489665,-0.0227,0.41259999999999997,True,0.2910705983138761,-0.018286745169184198,0.0999999761584327
0.3034774875875056,0.0999999761584327,0.3907963267948966,-0.023399999999999997,0.41259999999999997,True,0.3034774875875056,-0.01751210355127398,0.0999999761584327
0.3027350731429993,0.05000004768376343,0.3707963267948966,-0.0231,0.41259999999999997,True,0.3027350731429993,-0.01685200316732809,0.05000004768376343
0.3106385662546189,0.04999986886998187,0.3507963267948966,-0.0235,0.41259999999999997,True,0.3106385662546189,-0.016113821762469328,0.04999986886998187
0.31561820653974465,0.15000008344687998,0.33079632679489657,-0.0239,0.41259999999999997,True,0.31561820653974465,-0.015454308256832533,0.15000008344687998
0.3266023168731475,0.15000008344688354,0.31079632679489655,-0.0246,0.41259999999999997,True,0.3266023168731475,-0.014804355697744529,0.15000008344688354
0.3382990994697682,0.15000008344687288,0.29079632679489653,-0.0252,0.41259999999999997,True,0.3382990994697682,-0.014074631638544208,0.15000008344687288
0.3421101163651077,0.2500002384188029,0.2607963267948965,-0.0252,0.41259999999999997,True,0.3421101163651077,-0.013341976196142916,0.2500002384188029
0.32887045889472066,0.20000019073533437,0.2407963267948965,-0.0241,0.41259999999999997,True,0.32887045889472066,-0.012709477721361597,0.20000019073533437
0.3235111257129312,0.20000019073533082,0.22079632679489647,-0.0235,0.41259999999999997,True,0.3235111257129312,-0.012244136453620264,0.20000019073533082
0.3211357151227419,0.29999992847530166,0.21079632679489646,-0.0231,0.41259999999999997,True,0.3211357151227419,-0.011662501317511028,0.29999992847530166
0.32381574411910646,0.24999982118684372,0.19079632679489666,-0.0231,0.41259999999999997,True,0.32381574411910646,-0.01110420372156,0.24999982118684372
0.3245684115105617,0.20000019073504305,0.18079632679489666,-0.0229,0.41259999999999997,True,0.3245684115105617,-0.010717532073947296,0.20000019073504305
0.28985440662281103,0.24999982118685082,0.16079632679489664,-0.0202,0.41259999999999997,True,0.28985440662281103,-0.01013968905572703,0.24999982118685082
0.27859119115198955,0.24999982118684727,0.15079632679489663,-0.0192,0.41259999999999997,True,0.27859119115198955,-0.009763633226689055,0.24999982118684727
0.28044038834290264,0.1999999523168654,0.14079632679489662,-0.0192,0.41259999999999997,True,0.28044038834290264,-0.009343936020989558,0.1999999523168654
0.2670239664634922,0.14999984502841457,0.1207963267948966,-0.0182,0.41259999999999997,True,0.2670239664634922,-0.008858785548917966,0.14999984502841457
0.26604977044811823,0.05000004768376698,0.1107963267948966,-0.018000000000000002,0.41259999999999997,True,0.26604977044811823,-0.008259155948366077,0.05000004768376698
0.2558748440995609,0.04999986886998542,0.09079632679489658,-0.0172,0.41259999999999997,True,0.2558748440995609,-0.0077589096341171395,0.04999986886998542
0.262875007823099,0.049999868869978314,0.07079632679489656,-0.0175,0.41259999999999997,True,0.262875007823099,-0.006970091430298553,0.049999868869978314
0.2761411627484071,0.09999973773996729,0.04079632679489653,-0.0183,0.41259999999999997,True,0.2761411627484071,-0.006410406847726522,0.09999973773996729
0.2939018593906041,0.19999995231686185,0.030796326794896522,-0.019299999999999998,0.41259999999999997,True,0.2939018593906041,-0.005826029701157056,0.19999995231686185
0.3110117030790112,0.15000014305128317,0.0007963267948964958,-0.020099999999999996,0.41259999999999997,True,0.3110117030790112,-0.005479188967449275,0.15000014305128317
0.31409615847880334,0.0999999761584327,6.273981633974483,-0.020099999999999996,0.41259999999999997,True,0.31409615847880334,-0.005257568777378515,0.0999999761584327
0.30708618138455396,0.15000008344688354,6.263981633974483,-0.0195,0.41259999999999997,True,0.30708618138455396,-0.005135763859621131,0.15000008344688354
0.30469166744894494,0.1999999523168654,6.2439816339744825,-0.019299999999999998,0.41259999999999997,True,0.30469166744894494,-0.005043638940400134,0.1999999523168654
0.3088769775159701,0.14999984502841102,6.233981633974483,-0.0194,0.41259999999999997,True,0.3088769775159701,-0.004837594752368032,0.14999984502841102
0.3134256515610027,0.10000009536751975,6.213981633974483,-0.0195,0.41259999999999997,True,0.3134256515610027,-0.00462932308650281,0.10000009536751975
0.32102100060060523,0.09999997615843625,6.203981633974482,-0.019799999999999998,0.41259999999999997,True,0.32102100060060523,-0.004341654883383611,0.09999997615843625
0.3227787503714146,0.0999999761584327,6.183981633974483,-0.019799999999999998,0.41259999999999997,True,0.3227787503714146,-0.003985971958974463,0.0999999761584327
0.3360027564813654,0.09999997615843625,6.173981633974483,-0.0206,0.41259999999999997,True,0.3360027564813654,-0.003736029076397639,0.09999997615843625
0.3594612791465075,0.0999999761584327,6.153981633974483,-0.022000000000000002,0.41259999999999997,True,0.3594612791465075,-0.0033966068684276214,0.0999999761584327
0.39371909952478,0.15000014305127962,6.133981633974483,-0.024,0.41259999999999997,True,0.39371909952478,-0.002965531659091062,0.15000014305127962
0.7735505878948168,0.24999982118684727,6.123981633974482,-0.0467,0.41259999999999997,True,0.7735505878948168,-0.0028620825852544453,0.24999982118684727
1.1628214238496817,0.40000014305219267,6.093981633974483,-0.0693,0.41259999999999997,True,1.1628214238496817,-0.0021614513486869166,0.40000014305219267
1.5631494133837072,0.40000014305219267,6.0739816339744825,-0.0919,0.41259999999999997,True,1.5631494133837072,-0.0018061504721417559,0.40000014305219267
1.9782242888865693,0.45000025034063995,6.0339816339744825,-0.1144,0.41259999999999997,True,1.9782242888865693,-0.0009564018856429771,0.45000025034063995
2.3902235386085042,0.500000476837613,5.983981633974483,-0.1358,0.41259999999999997,True,2.3902235386085042,0.0003614082975803654,0.500000476837613
2.4461339498352097,0.4499997735037127,5.923981633974483,-0.1373,0.41259999999999997,True,2.4461339498352097,0.0021367264405816,0.4499997735037127
2.4715158242550426,0.6500002026575054,5.863981633974483,-0.1373,0.41259999999999997,True,2.4715158242550426,0.003965943655364342,0.6500002026575054
2.4854341189319906,0.7000000715274872,5.773981633974483,-0.1373,0.41259999999999997,True,2.4854341189319906,0.006428902580854169,0.7000000715274872
2.4945808130227136,0.7000000715274872,5.693981633974483,-0.1373,0.41259999999999997,True,2.4945808130227136,0.009115844231689776,0.7000000715274872
2.519264005062122,0.8000007629401829,5.613981633974483,-0.1373,0.41259999999999997,True,2.519264005062122,0.011854580729826984,0.8000007629401829
2.5694654382626383,0.7999998092674581,5.513981633974483,-0.1373,0.41259999999999997,True,2.5694654382626383,0.014598338759700834,0.7999998092674581
2.6366955458157912,0.7499997019790037,5.433981633974483,-0.1373,0.41259999999999997,True,2.6366955458157912,0.016721982710316996,0.7499997019790037
2.7046564468180296,0.6999998331090254,5.353981633974483,-0.1373,0.41259999999999997,True,2.7046564468180296,0.019167400846770516,0.6999998331090254
2.7545107739449537,0.6999998331090218,5.253981633974483,-0.1373,0.41259999999999997,True,2.7545107739449537,0.0222751741072345,0.6999998331090218
2.793526185354743,0.700000667572656,5.163981633974483,-0.1373,0.41259999999999997,True,2.793526185354743,0.025659925721303333,0.700000667572656
2.845399100246137,0.6999998331090271,5.073981633974483,-0.1373,0.41259999999999997,True,2.845399100246137,0.028764539530782937,0.6999998331090271
2.866925257436057,0.6999998331090236,4.973981633974483,-0.1367,0.41259999999999997,True,2.866925257436057,0.03233911321879029,0.6999998331090236
2.8544151447177,0.6499999642390399,4.883981633974482,-0.135,0.41259999999999997,True,2.8544151447177,0.03536069644296691,0.6499999642390399
2.866898869786383,0.5999998569505927,4.793981633974482,-0.1343,0.41259999999999997,True,2.866898869786383,0.037715682331097615,0.5999998569505927
2.8837635430349446,0.6000005722051363,4.703981633974482,-0.1329,0.41259999999999997,True,2.8837635430349446,0.038964475642052486,0.6000005722051363
2.91692801599352,0.5499999880806072,4.623981633974482,-0.1318,0.41259999999999997,True,2.91692801599352,0.03906046930228276,0.5499999880806072
2.9522382229861748,0.5499999880806072,4.543981633974482,-0.13140000000000002,0.41259999999999997,True,2.9522382229861748,0.038462419230682506,0.5499999880806072
2.9962778600701565,0.5999998569505927,4.463981633974482,-0.1311,0.41259999999999997,True,2.9962778600701565,0.03706196051651909,0.5999998569505927
3.007696847887491,0.5999998569505927,4.373981633974482,-0.1301,0.41259999999999997,True,3.007696847887491,0.03518319075935054,0.5999998569505927
3.013537069318389,0.6000005722051363,4.303981633974483,-0.1293,0.41259999999999997,True,3.013537069318389,0.033072705944800176,0.6000005722051363
3.0057320089747717,0.6499997258205745,4.223981633974483,-0.1281,0.41259999999999997,True,3.0057320089747717,0.030934131913597923,0.6499997258205745
2.967369867883013,0.6499997258205745,4.153981633974483,-0.1259,0.41259999999999997,True,2.967369867883013,0.028600609431983188,0.6499997258205745
2.9395793063308515,0.549999988080609,4.083981633974483,-0.1242,0.41259999999999997,True,2.9395793063308515,0.026413214342194857,0.549999988080609
2.9047863526374966,0.549999988080609,4.013981633974483,-0.12210000000000001,0.41259999999999997,True,2.9047863526374966,0.02415759970864813,0.549999988080609
2.873673295382082,0.5500005245213746,3.9439816339744826,-0.1204,0.41259999999999997,True,2.873673295382082,0.022019236567493813,0.5500005245213746
2.850536143295207,0.49999988079215996,3.893981633974483,-0.1185,0.41259999999999997,True,2.850536143295207,0.020114117181500284,0.49999988079215996
2.8305360559162316,0.4999998807921582,3.833981633974483,-0.11689999999999999,0.41259999999999997,True,2.8305360559162316,0.018449518031771625,0.4999998807921582
2.7848340322872924,0.4500000119221763,3.7739816339744827,-0.1148,0.41259999999999997,True,2.7848340322872924,0.016489989999089478,0.4500000119221763
2.744513805020037,0.39999990463372903,3.723981633974483,-0.113,0.41259999999999997,True,2.744513805020037,0.014770839694997578,0.39999990463372903
2.7315891014175486,0.40000038147008965,3.6639816339744824,-0.1118,0.41259999999999997,True,2.7315891014175486,0.013187494259064013,0.40000038147008965
2.7080839454075556,0.4499997735037109,3.603981633974483,-0.11019999999999999,0.41259999999999997,True,2.7080839454075556,0.011533168337092716,0.4499997735037109
2.6682417481473752,0.4499997735037109,3.553981633974483,-0.10830000000000001,0.41259999999999997,True,2.6682417481473752,0.010138937037547867,0.4499997735037109
2.63643239884074,0.39999990463372725,3.513981633974483,-0.1066,0.41259999999999997,True,2.63643239884074,0.0089670155184571,0.39999990463372725
2.5784174371532558,0.39999990463372903,3.473981633974483,-0.1038,0.41259999999999997,True,2.5784174371532558,0.007788114163484345,0.39999990463372903
2.5554320159838335,0.35000033378633155,3.433981633974483,-0.10210000000000001,0.41259999999999997,True,2.5554320159838335,0.0067059311362984006,0.35000033378633155
2.509002047157977,0.2500000596053109,3.393981633974483,-0.1003,0.41259999999999997,True,2.509002047157977,0.00567204697924465,0.2500000596053109
2.4587796777460214,0.30000016689375997,3.343981633974483,-0.0989,0.41259999999999997,True,2.4587796777460214,0.0044704888875313036,0.30000016689375997
2.4154531072873415,0.39999990463372903,3.303981633974483,-0.0986,0.41259999999999997,True,2.4154531072873415,0.0035221238922373602,0.39999990463372903
2.3302402497266166,0.39999990463372903,3.263981633974483,-0.0973,0.41259999999999997,True,2.3302402497266166,0.0026311018052296376,0.39999990463372903
2.2726770554613913,0.40000038147008965,3.2339816339744827,-0.09609999999999999,0.41259999999999997,True,2.2726770554613913,0.0017481046185226436,0.40000038147008965
2.2100786149761427,0.3500000357637454,3.1939816339744826,-0.09390000000000001,0.41259999999999997,True,2.2100786149761427,0.000434649537658811,0.3500000357637454
2.1184988218424228,0.24999982118684727,3.1539816339744826,-0.0908,0.41259999999999997,True,2.1184988218424228,-0.00056298952875543,0.24999982118684727
2.0228478119327913,0.29999969005682736,3.1239816339744824,-0.0876,0.41259999999999997,True,2.0228478119327913,-0.002118952748241585,0.29999969005682736
1.9698172765810924,0.2999996900568327,3.093981633974483,-0.08650000000000001,0.41259999999999997,True,1.9698172765810924,-0.0033065742912648396,0.2999996900568327
1.9184247447877603,0.20000019073504482,3.0639816339744828,-0.08529999999999999,0.41259999999999997,True,1.9184247447877603,-0.004448529221207477,0.20000019073504482
1.8669068539117983,0.19999995231686452,3.043981633974483,-0.0834,0.41259999999999997,True,1.8669068539117983,-0.00564045199315811,0.19999995231686452
1.8121346879037492,0.14999984502841723,3.0239816339744827,-0.0814,0.41259999999999997,True,1.8121346879037492,-0.0064985569410257035,0.14999984502841723
1.802150990976517,0.14999984502841635,3.003981633974483,-0.08130000000000001,0.41259999999999997,True,1.802150990976517,-0.007354428857978186,0.14999984502841635
1.723955846616902,0.2500000596053118,2.9839816339744827,-0.0783,0.41259999999999997,True,1.723955846616902,-0.008164976856640197,0.2500000596053118
1.7030447380617748,0.20000019073504127,2.963981633974483,-0.0774,0.41259999999999997,True,1.7030447380617748,-0.008790613881885652,0.20000019073504127
1.67849703245895,0.24999958276838097,2.9439816339744826,-0.0762,0.41259999999999997,True,1.67849703245895,-0.009820226219880658,0.24999958276838097
1.6937646282919216,0.2499995827683863,2.933981633974483,-0.0762,0.41259999999999997,True,1.6937646282919216,-0.010617039009888987,0.2499995827683863
1.6267762629157463,0.14999984502841635,2.923981633974483,-0.0725,0.41259999999999997,True,1.6267762629157463,-0.01111207109442562,0.14999984502841635
1.566303435608082,0.1499998450284128,2.893981633974483,-0.0699,0.41259999999999997,True,1.566303435608082,-0.011908606569745961,0.1499998450284128
1.519471526003187,0.15000014305128584,2.8739816339744824,-0.0684,0.41259999999999997,True,1.519471526003187,-0.01272950525930941,0.15000014305128584
1.4647776582423235,0.100000214576899,2.8639816339744826,-0.0666,0.41259999999999997,True,1.4647776582423235,-0.013509362154285385,0.100000214576899
1.4066267525446703,0.05000010728844817,2.843981633974483,-0.0644,0.41259999999999997,True,1.4066267525446703,-0.014118994479629974,0.05000010728844817
1.3785768506039642,0.09999997615842915,2.8239816339744825,-0.0634,0.41259999999999997,True,1.3785768506039642,-0.014700153483492889,0.09999997615842915
1.3658623773171101,0.15000008344688176,2.803981633974483,-0.06309999999999999,0.41259999999999997,True,1.3658623773171101,-0.015569961650945692,0.15000008344688176
1.3476087929908906,0.25000023841881003,2.793981633974483,-0.062,0.41259999999999997,True,1.3476087929908906,-0.01616621420753915,0.25000023841881003
1.3121263995945638,0.39999966621526273,2.793981633974483,-0.0604,0.41259999999999997,True,1.3121263995945638,-0.016692465155358004,0.39999966621526273
1.2611836641455438,0.349999558926811,2.793981633974483,-0.057999999999999996,0.41259999999999997,True,1.2611836641455438,-0.017268338248960267,0.349999558926811
1.2227221772738142,0.050000345706913585,2.793981633974483,-0.0556,0.41259999999999997,True,1.2227221772738142,-0.017531465749406713,0.050000345706913585
1.1346094933478081,0.10000045299536531,2.793981633974483,-0.051100000000000007,0.41259999999999997,True,1.1346094933478081,-0.017729749037053783,0.10000045299536531
1.0784468931316917,0.2500002384188056,2.7839816339744825,-0.0487,0.41259999999999997,True,1.0784468931316917,-0.018305696799493863,0.2500002384188056
1.037939247301397,0.24999982118684638,2.7839816339744825,-0.0475,0.41259999999999997,True,1.037939247301397,-0.018761780715214206,0.24999982118684638
0.958921918893859,0.2999999284752981,2.7839816339744825,-0.044500000000000005,0.41259999999999997,True,0.958921918893859,-0.019108862313089038,0.2999999284752981
0.8841780871427846,0.15000032186534717,2.7839816339744825,-0.0418,0.41259999999999997,True,0.8841780871427846,-0.019477464609508093,0.15000032186534717
0.8064239134961587,0.0,2.7739816339744827,-0.0387,0.41259999999999997,True,0.8064239134961587,-0.019786775969202593,0.0
0.7461475352617699,-0.050000047683764315,2.7739816339744827,-0.0365,0.41259999999999997,True,0.7461475352617699,-0.020250609537344543,-0.050000047683764315
0.7021485344525163,-0.14999984502841635,2.763981633974483,-0.0349,0.41259999999999997,True,0.7021485344525163,-0.020879644617692122,-0.14999984502841635
0.6828552560756712,-0.19999995231686452,2.763981633974483,-0.0342,0.41259999999999997,True,0.6828552560756712,-0.02146683334714521,-0.19999995231686452
0.6893409710199349,-0.19999995231686452,2.763981633974483,-0.0345,0.41259999999999997,True,0.6893409710199349,-0.022038613824298142,-0.19999995231686452
0.7152173330145469,-0.1499998450284119,2.763981633974483,-0.0356,0.41259999999999997,True,0.7152173330145469,-0.02237682104107099,-0.1499998450284119
0.7276662677659641,-0.10000009536752419,2.7739816339744827,-0.0365,0.41259999999999997,True,0.7276662677659641,-0.022829569807438416,-0.10000009536752419
0.7168229284614804,-0.09999997615843448,2.7839816339744825,-0.036699999999999997,0.41259999999999997,True,0.7168229284614804,-0.023543848243075195,-0.09999997615843448
0.7103837596765081,-0.09999997615842915,2.793981633974483,-0.0368,0.41259999999999997,True,0.7103837596765081,-0.024140058097444763,-0.09999997615842915
0.7123216389433219,-0.1499998450284119,2.803981633974483,-0.0371,0.41259999999999997,True,0.7123216389433219,-0.024585857240123677,-0.1499998450284119
0.711248481372525,-0.14999984502841635,2.8139816339744828,-0.0371,0.41259999999999997,True,0.711248481372525,-0.024997562490011494,-0.14999984502841635
0.7370137363639505,-0.2000001907350457,2.8239816339744825,-0.038,0.41259999999999997,True,0.7370137363639505,-0.02516481330163256,-0.2000001907350457
0.7686234956864745,-0.20000019073532993,2.833981633974483,-0.0388,0.41259999999999997,True,0.7686234956864745,-0.02497369249500741,-0.20000019073532993
0.7921195127108299,-0.09999997615843359,2.843981633974483,-0.0397,0.41259999999999997,True,0.7921195127108299,-0.024975080742580973,-0.09999997615843359
0.8116274876883018,-0.05000010728844817,2.8639816339744826,-0.0407,0.41259999999999997,True,0.8116274876883018,-0.025101583513823807,-0.05000010728844817
0.8042007693579856,8.881784197001252e-16,2.8739816339744824,-0.0403,0.41259999999999997,True,0.8042007693579856,-0.025018740319301163,8.881784197001252e-16
0.80330274910495,0.050000047683759874,2.883981633974483,-0.0401,0.41259999999999997,True,0.80330274910495,-0.024743973670356342,0.050000047683759874
0.8047581250659527,2.3841846452654636e-07,2.893981633974483,-0.04,0.41259999999999997,True,0.8047581250659527,-0.02463968266303204,2.3841846452654636e-07
0.6187727491182649,-0.15000008344687732,2.893981633974483,-0.030699999999999998,0.41259999999999997,True,0.6187727491182649,-0.02454981061166361,-0.15000008344687732
0.1518534079812603,-0.19999995231686452,2.9139816339744824,-0.0075,0.41259999999999997,True,0.1518534079812603,-0.023982292258063382,-0.19999995231686452
-0.30950158792715177,-0.3500002741822117,2.923981633974483,0.0151,0.41259999999999997,False,-0.30950158792715177,-0.023281568808404856,-0.3500002741822117
-0.7752225585110749,-0.5500005245213755,2.9539816339744824,0.037599999999999995,0.41259999999999997,False,-0.7752225585110749,-0.022748355706871164,-0.5500005245213755
-1.2427429121193276,-0.5999998569505927,2.9939816339744825,0.0602,0.41259999999999997,False,-1.2427429121193276,-0.021993171269157143,-0.5999998569505927
-1.6965473415283068,-0.6499999642390399,3.043981633974483,0.0828,0.41259999999999997,False,-1.6965473415283068,-0.02153583688566462,-0.6499999642390399
-2.129222667060915,-0.7999995708489918,3.103981633974483,0.10529999999999999,0.41259999999999997,False,-2.129222667060915,-0.020662924639294266,-0.7999995708489918
-2.5725841624875705,-0.7999995708489855,3.183981633974483,0.1278,0.41259999999999997,False,-2.5725841624875705,-0.019440178844667824,-0.7999995708489855
-2.7526862760049196,-0.850000810623941,3.2739816339744827,0.13699999999999998,0.41259999999999997,False,-2.7526862760049196,-0.018054129221165546,-0.850000810623941
-2.746742347240318,-1.0999994993242908,3.383981633974483,0.13699999999999998,0.41259999999999997,False,-2.746742347240318,-0.016644975275329738,-1.0999994993242908
-2.7254838294529646,-1.1499996066127327,3.4839816339744827,0.13699999999999998,0.41259999999999997,False,-2.7254838294529646,-0.015217727963342165,-1.1499996066127327
-2.7017347529678286,-1.049999868872769,3.593981633974483,0.13699999999999998,0.41259999999999997,False,-2.7017347529678286,-0.013600319116053172,-1.049999868872769
-2.6817422643160467,-1.2000001907381161,3.7039816339744824,0.13699999999999998,0.41259999999999997,False,-2.6817422643160467,-0.011353303988805108,-1.2000001907381161
-2.672480821578171,-1.2500011920940324,3.8239816339744825,0.13699999999999998,0.41259999999999997,False,-2.672480821578171,-0.0085871609921765,-1.2500011920940324
-2.6668262472128457,-1.0000000000027853,3.9439816339744826,0.13699999999999998,0.41259999999999997,False,-2.6668262472128457,-0.005168002271207517,-1.0000000000027853
-2.653697736289871,-1.0000000000027836,4.043981633974482,0.13699999999999998,0.41259999999999997,False,-2.653697736289871,-0.0011873782762852878,-1.0000000000027836
-2.6550133967366327,-0.9500001311328035,4.163981633974483,0.13699999999999998,0.41259999999999997,False,-2.6550133967366327,0.004244161190144929,-0.9500001311328035
-2.688378336336307,-0.7499997019790072,4.2839816339744825,0.13699999999999998,0.41259999999999997,False,-2.688378336336307,0.0103185716076309,-0.7499997019790072
-2.7251063196169927,-0.8000007629401829,4.393981633974483,0.13720000000000002,0.41259999999999997,False,-2.7251063196169927,0.01706523596254822,-0.8000007629401829
-2.7624948930766173,-0.899999785425889,4.513981633974483,0.13720000000000002,0.41259999999999997,False,-2.7624948930766173,0.02557427000433706,-0.899999785425889
-2.817410662155032,-0.9499998927143363,4.633981633974482,0.13720000000000002,0.41259999999999997,False,-2.817410662155032,0.03287777061821053,-0.9499998927143363
-2.848014215035209,-1.0499996304543036,4.733981633974483,0.13720000000000002,0.41259999999999997,False,-2.848014215035209,0.03843618651836116,-1.0499996304543036
-2.871574866025322,-0.9499994158774054,4.833981633974483,0.13720000000000002,0.41259999999999997,False,-2.871574866025322,0.04201261677084605,-0.9499994158774054
-2.9191106505280784,-0.7000006675726596,4.933981633974483,0.13720000000000002,0.41259999999999997,False,-2.9191106505280784,0.04314483071026656,-0.7000006675726596
-2.9569524210053046,-0.7999993324305237,5.023981633974483,0.1376,0.41259999999999997,False,-2.9569524210053046,0.04284240441121377,-0.7999993324305237
-2.9783322578522613,-0.9499996542958726,5.123981633974482,0.1377,0.41259999999999997,False,-2.9783322578522613,0.04161651936491536,-0.9499996542958726
-2.982008856938825,-0.8499999165559053,5.213981633974482,0.1377,0.41259999999999997,False,-2.982008856938825,0.040152283710818075,-0.8499999165559053
-2.958607664266626,-0.8499999165559089,5.303981633974483,0.1377,0.41259999999999997,False,-2.958607664266626,0.03877396188648893,-0.8499999165559089
-2.9291896721337656,-0.9500009059914625,5.403981633974483,0.1377,0.41259999999999997,False,-2.9291896721337656,0.037359598059323755,-0.9500009059914625
-2.9102792398947934,-0.9000000238443526,5.493981633974483,0.1377,0.41259999999999997,False,-2.9102792398947934,0.035729451881636135,-0.9000000238443526
-2.9155156732673677,-0.8499999165559053,5.583981633974483,0.1377,0.41259999999999997,False,-2.9155156732673677,0.033901819615979024,-0.8499999165559053
-2.9079094022406626,-0.8499999165559018,5.673981633974483,0.1377,0.41259999999999997,False,-2.9079094022406626,0.031928895682368286,-0.8499999165559018
-2.8909199376179364,-0.7499997019790108,5.773981633974483,0.1371,0.41259999999999997,False,-2.8909199376179364,0.03013385853133117,-0.7499997019790108
-2.8108349650650872,-0.750000715256423,5.863981633974483,0.1338,0.41259999999999997,False,-2.8108349650650872,0.02821924883217289,-0.750000715256423
-2.720564547866874,-0.7499999403974691,5.953981633974482,0.12990000000000002,0.41259999999999997,False,-2.720564547866874,0.026223633311577708,-0.7499999403974691
-2.640377180195521,-0.6499997258205745,6.0339816339744825,0.1266,0.41259999999999997,False,-2.640377180195521,0.02458103621656559,-0.6499997258205745
-2.5125947656108747,-0.7499994635605418,6.113981633974483,0.12140000000000001,0.41259999999999997,False,-2.5125947656108747,0.023078287129165452,-0.7499994635605418
-2.412388062182211,-0.7499994635605383,6.193981633974483,0.11720000000000001,0.41259999999999997,False,-2.412388062182211,0.021589117468748704,-0.7499994635605383
-2.3260042681696103,-0.6000005722051363,6.263981633974483,0.11259999999999999,0.41259999999999997,False,-2.3260042681696103,0.01981250611973752,-0.6000005722051363
-2.255987998699417,-0.6499997258205781,0.04079632679489653,0.10880000000000001,0.41259999999999997,False,-2.255987998699417,0.018647859970085737,-0.6499997258205781
-2.1512838551360844,-0.4999994039552291,0.10079632679489658,0.1048,0.41259999999999997,False,-2.1512838551360844,0.018069987056583994,-0.4999994039552291
-2.026013587082467,-0.299999928475291,0.16079632679489664,0.1001,0.41259999999999997,False,-2.026013587082467,0.01704380665708852,-0.299999928475291
-1.8837488377092324,-0.5500004649175416,0.22079632679489647,0.0931,0.41259999999999997,False,-1.8837488377092324,0.015620479494316808,-0.5500004649175416
-1.8775690113269599,-0.700000667572656,0.2607963267948965,0.0917,0.41259999999999997,False,-1.8775690113269599,0.014553236247917998,-0.700000667572656
-1.8070025880809917,-0.5499999880806072,0.31079632679489655,0.08779999999999999,0.41259999999999997,False,-1.8070025880809917,0.013441697262339033,-0.5499999880806072
-1.779104035796379,-0.4499997735037127,0.3507963267948966,0.0866,0.41259999999999997,False,-1.779104035796379,0.0124958005723639,-0.4499997735037127
-1.5292183262979566,-0.4499997735037091,0.40079632679489663,0.0745,0.41259999999999997,False,-1.5292183262979566,0.011302454696533177,-0.4499997735037091
-1.4422936587425639,-0.34999955892681456,0.43079632679489666,0.0709,0.41259999999999997,False,-1.4422936587425639,0.010182666991031954,-0.34999955892681456
-1.357972168594422,-0.3500003337863262,0.46079632679489646,0.0672,0.41259999999999997,False,-1.357972168594422,0.009252096053563542,-0.3500003337863262
-1.2620345746376207,-0.40000014305219267,0.4907963267948965,0.0629,0.41259999999999997,False,-1.2620345746376207,0.008155984724712996,-0.40000014305219267
-1.1723965613479677,-0.1999997138984,0.5107963267948965,0.0588,0.41259999999999997,False,-1.1723965613479677,0.00733464035670644,-0.1999997138984
-1.0890374494073747,-0.19999971389839644,0.5307963267948965,0.055099999999999996,0.41259999999999997,False,-1.0890374494073747,0.00659553122858194,-0.19999971389839644
-0.989792078003924,-0.1999997138984,0.5407963267948965,0.050499999999999996,0.41259999999999997,False,-0.989792078003924,0.0054479875888617055,-0.1999997138984
-0.9331490041685823,-0.050000047683759874,0.5607963267948965,0.0478,0.41259999999999997,False,-0.9331490041685823,0.004337450348218312,-0.050000047683759874
-0.9216365256074247,-0.04999986886998542,0.5707963267948966,0.0473,0.41259999999999997,False,-0.9216365256074247,0.0036908246979413415,-0.04999986886998542
-0.8733836147948213,-0.15000008344688354,0.5807963267948966,0.0451,0.41259999999999997,False,-0.8733836147948213,0.002651810947083328,-0.15000008344688354
-0.8353154843165997,-0.24999982118684017,0.5807963267948966,0.0432,0.41259999999999997,False,-0.8353154843165997,0.0021656992259382717,-0.24999982118684017
-0.7985048553230119,-0.1999997138984,0.5807963267948966,0.041299999999999996,0.41259999999999997,False,-0.7985048553230119,0.0015875927108638104,-0.1999997138984
-0.7311610557069775,0.0,0.5807963267948966,0.038599999999999995,0.41259999999999997,False,-0.7311610557069775,0.0014459733299885089,0.0
-0.6693176158817647,0.05000010728845439,0.5907963267948966,0.0363,0.41259999999999997,False,-0.6693176158817647,0.0011426895378852384,0.05000010728845439
-0.646227019982618,0.0,0.6007963267948966,0.0356,0.41259999999999997,False,-0.646227019982618,0.0004698699612248461,0.0
-0.6529704796076015,0.0,0.6107963267948966,0.0361,0.41259999999999997,False,-0.6529704796076015,-0.00022316107204976748,0.0
-0.6421339302075817,0.05000010728844728,0.6107963267948966,0.0352,0.41259999999999997,False,-0.6421339302075817,-0.0009114472533295389,0.05000010728844728
-0.6453980578369375,0.050000047683759874,0.6207963267948966,0.0351,0.41259999999999997,False,-0.6453980578369375,-0.0015899741684565118,0.050000047683759874
-0.6327601166334476,-0.04999986886998187,0.6307963267948966,0.0342,0.41259999999999997,False,-0.6327601166334476,-0.002684116955519681,-0.04999986886998187
-0.6341110606765412,-0.09999997615843625,0.6407963267948965,0.0342,0.41259999999999997,False,-0.6341110606765412,-0.0034392124514477786,-0.09999997615843625
-0.6134759898411214,-0.050000107288450835,0.6507963267948965,0.0329,0.41259999999999997,False,-0.6134759898411214,-0.004423525776371253,-0.050000107288450835
-0.5812054340105508,-3.552713678800501e-15,0.6707963267948965,0.031200000000000002,0.41259999999999997,False,-0.5812054340105508,-0.0056734434484810884,-3.552713678800501e-15
-0.5580230966144235,-0.050000047683759874,0.6907963267948966,0.0301,0.41259999999999997,False,-0.5580230966144235,-0.006774507307198545,-0.050000047683759874
-0.5329144043183042,-0.0999999761584256,0.7007963267948966,0.028900000000000002,0.41259999999999997,False,-0.5329144043183042,-0.007464091391872215,-0.0999999761584256
-0.5103034866365674,-0.15000008344688354,0.7207963267948966,0.0279,0.41259999999999997,False,-0.5103034866365674,-0.008358237557542048,-0.15000008344688354
-0.481549762753436,-0.24999982118684372,0.7407963267948966,0.0265,0.41259999999999997,False,-0.481549762753436,-0.009170325410443207,-0.24999982118684372
-0.43044695451575493,-0.24999982118684727,0.7507963267948966,0.0239,0.41259999999999997,False,-0.43044695451575493,-0.009914752410878117,-0.24999982118684727
-0.35024319988439523,-0.20000019073505015,0.7607963267948965,0.019799999999999998,0.41259999999999997,False,-0.35024319988439523,-0.011013576079481079,-0.20000019073505015
-0.28590127176036273,-0.15000008344687998,0.7807963267948965,0.016399999999999998,0.41259999999999997,False,-0.28590127176036273,-0.012130732013068156,-0.15000008344687998
-0.2501200217940477,-0.2500002980237781,0.8007963267948965,0.0143,0.41259999999999997,False,-0.2501200217940477,-0.013132203695889934,-0.2500002980237781
-0.2130686208829951,-0.3000001668937564,0.8107963267948965,0.012,0.41259999999999997,False,-0.2130686208829951,-0.014120982830995533,-0.3000001668937564
-0.1453940570174492,-0.09999973773996373,0.8107963267948965,0.008100000000000001,0.41259999999999997,False,-0.1453940570174492,-0.015141741555902276,-0.09999973773996373
-0.07439413983098322,0.10000009536751975,0.8207963267948966,0.0040999999999999995,0.41259999999999997,False,-0.07439413983098322,-0.01602537337961797,0.10000009536751975
-0.03818609862126584,0.1999999523168654,0.8207963267948966,0.0021,0.41259999999999997,False,-0.03818609862126584,-0.016577619952897735,0.1999999523168654
-0.03772821413181853,0.19999995231686185,0.8207963267948966,0.0021,0.41259999999999997,False,-0.03772821413181853,-0.017114065675204577,0.19999995231686185
-0.05314567098019717,0.1999999523168654,0.8207963267948966,0.003,0.41259999999999997,False,-0.05314567098019717,-0.017696389021800617,0.1999999523168654
-0.06273458042166319,0.14999984502841457,0.8207963267948966,0.0036,0.41259999999999997,False,-0.06273458042166319,-0.018370810463403286,0.14999984502841457
-0.08821975444869541,0.1000000953675233,0.8207963267948966,0.0051,0.41259999999999997,False,-0.08821975444869541,-0.018477573270401833,0.1000000953675233
-0.09305799583569874,2.3841846541472478e-07,0.8207963267948966,0.0054,0.41259999999999997,False,-0.09305799583569874,-0.01833505812091273,2.3841846541472478e-07
-0.09241951742081425,-0.04999986886998542,0.8107963267948965,0.0054,0.41259999999999997,False,-0.09241951742081425,-0.01812949540089118,-0.04999986886998542
-0.08032595542117164,0.0,0.8107963267948965,0.004699999999999999,0.41259999999999997,False,-0.08032595542117164,-0.01799288463881231,0.0
-0.07159936777676651,0.05000010728844728,0.8007963267948965,0.0042,0.41259999999999997,False,-0.07159936777676651,-0.017963722627224066,0.05000010728844728
-0.058041852097483485,0.15000014305128673,0.7907963267948965,0.0034000000000000002,0.41259999999999997,False,-0.058041852097483485,-0.01779372643043728,0.15000014305128673
-0.06176380499082022,0.1999999523168654,0.7807963267948965,0.0036,0.41259999999999997,False,-0.06176380499082022,-0.017717787683595002,0.1999999523168654
-0.06716554429746119,0.25000005960530913,0.7707963267948965,0.0039000000000000003,0.41259999999999997,False,-0.06716554429746119,-0.017747173866019914,0.25000005960530913
-0.08524975026649409,0.25000005960531624,0.7607963267948965,0.0049,0.41259999999999997,False,-0.08524975026649409,-0.01790314054383598,0.25000005960531624
-0.11394538164325742,0.14999984502841457,0.7507963267948966,0.006500000000000001,0.41259999999999997,False,-0.11394538164325742,-0.018085547101635648,0.14999984502841457
-0.13894152943981142,0.10000009536751975,0.7407963267948966,0.0079,0.41259999999999997,False,-0.13894152943981142,-0.018248341047468006,0.10000009536751975
-0.15455328524661727,0.05000010728844728,0.7307963267948966,0.0088,0.41259999999999997,False,-0.15455328524661727,-0.018325257328851517,0.05000010728844728
-0.1593848463166332,0.05000010728844728,0.7207963267948966,0.0091,0.41259999999999997,False,-0.1593848463166332,-0.01826116603528682,0.05000010728844728
-0.17080902725308844,0.05000010728844728,0.7107963267948966,0.0098,0.41259999999999997,False,-0.17080902725308844,-0.018056193354756254,0.05000010728844728
-0.16747238072905424,0.05000010728844728,0.7007963267948966,0.0097,0.41259999999999997,False,-0.16747238072905424,-0.018037815640989076,0.05000010728844728
-0.1633402780755226,0.05000004768376343,0.7007963267948966,0.0095,0.41259999999999997,False,-0.1633402780755226,-0.018022883250604606,0.05000004768376343
-0.16021671675451976,0.04999986886998542,0.6907963267948966,0.009300000000000001,0.41259999999999997,False,-0.16021671675451976,-0.01773129485901512,0.04999986886998542
-0.17253615714487067,0.15000008344687998,0.6907963267948966,0.01,0.41259999999999997,False,-0.17253615714487067,-0.017691547170618167,0.15000008344687998
-0.17301317505288719,0.15000008344688354,0.6807963267948965,0.01,0.41259999999999997,False,-0.17301317505288719,-0.017640451054467394,0.15000008344688354
-0.1698232760899429,0.04999986886998187,0.6807963267948965,0.0098,0.41259999999999997,False,-0.1698232760899429,-0.017943471088469633,0.04999986886998187
-0.19157184881911324,0.0,0.6807963267948965,0.011000000000000001,0.41259999999999997,False,-0.19157184881911324,-0.01800340430432226,0.0
-0.18184951002502805,0.04999986886998897,0.6807963267948965,0.0104,0.41259999999999997,False,-0.18184951002502805,-0.018324483734150625,0.04999986886998897
-0.18255930365587397,0.04999986886998542,0.6807963267948965,0.0104,0.41259999999999997,False,-0.18255930365587397,-0.0185572056190175,0.04999986886998542
-0.1738725279905367,3.552713678800501e-15,0.6807963267948965,0.009899999999999999,0.41259999999999997,False,-0.1738725279905367,-0.019000187325052376,3.552713678800501e-15
-0.16460985730249503,-3.552713678800501e-15,0.6807963267948965,0.009399999999999999,0.41259999999999997,False,-0.16460985730249503,-0.01935227590824602,-3.552713678800501e-15
-0.15055166771023104,-0.05000004768376698,0.6807963267948965,0.0086,0.41259999999999997,False,-0.15055166771023104,-0.019580187825521355,-0.05000004768376698
-0.1451258830621344,-0.050000107288450835,0.6707963267948965,0.0083,0.41259999999999997,False,-0.1451258830621344,-0.019822247360369933,-0.050000107288450835
-0.12072976760139766,0.050000107288450835,0.6707963267948965,0.0069,0.41259999999999997,False,-0.12072976760139766,-0.019868283217576284,0.050000107288450835
-0.10504628496075828,2.3841846541472478e-07,0.6607963267948965,0.006,0.41259999999999997,False,-0.10504628496075828,-0.02000710567008385,2.3841846541472478e-07
-0.08970666244778445,-0.09999997615843625,0.6507963267948965,0.0051,0.41259999999999997,False,-0.08970666244778445,-0.019980125644451837,-0.09999997615843625
-0.0829391992770819,-0.050000047683759874,0.6507963267948965,0.004699999999999999,0.41259999999999997,False,-0.0829391992770819,-0.01998907695837279,-0.050000047683759874
-0.07635749646398299,0.09999973773997084,0.6407963267948965,0.0043,0.41259999999999997,False,-0.07635749646398299,-0.02009819657247876,0.09999973773997084
-0.0536534176500288,0.09999973773996729,0.6407963267948965,0.003,0.41259999999999997,False,-0.0536534176500288,-0.020199923896044775,0.09999973773996729
-0.0432336825553958,3.552713678800501e-15,0.6407963267948965,0.0024,0.41259999999999997,False,-0.0432336825553958,-0.02042610639103418,3.552713678800501e-15
-0.04702966142777833,-3.552713678800501e-15,0.6407963267948965,0.0026,0.41259999999999997,False,-0.04702966142777833,-0.02040418697342872,-3.552713678800501e-15
-0.038018616209476934,0.0,0.6307963267948966,0.0021,0.41259999999999997,False,-0.038018616209476934,-0.020597754311960842,0.0
-0.030706500240301724,0.04999986886998542,0.6307963267948966,0.0017000000000000001,0.41259999999999997,False,-0.030706500240301724,-0.020610184524848276,0.04999986886998542
-0.0,0.15000008344687288,0.6207963267948966,0.0,0.41259999999999997,False,-0.0,-0.02068243704760431,0.15000008344687288
0.017845552897577603,0.15000008344687998,0.6207963267948966,-0.001,0.41259999999999997,True,0.017845552897577603,-0.020812775712359368,0.15000008344687998
0.010665464678297463,0.0999999761584327,0.6107963267948966,-0.0006,0.41259999999999997,True,0.010665464678297463,-0.020892792577303896,0.0999999761584327
0.00886674901998182,0.15000014305128673,0.6107963267948966,-0.0005,0.41259999999999997,True,0.00886674901998182,-0.021015988257240954,0.15000014305128673
-0.003551367561677403,0.10000021457689812,0.6007963267948966,0.0002,0.41259999999999997,False,-0.003551367561677403,-0.020913192724234926,0.10000021457689812
0.001779224454301792,0.05000010728844728,0.6007963267948966,-0.0001,0.41259999999999997,True,0.001779224454301792,-0.02101328777813393,0.05000010728844728
-0.008907806567406126,0.09999997615843625,0.5907963267948966,0.0005,0.41259999999999997,False,-0.008907806567406126,-0.020982778866131247,0.09999997615843625
0.00356043751664374,0.04999986886998187,0.5907963267948966,-0.0002,0.41259999999999997,True,0.00356043751664374,-0.021149630473785867,0.04999986886998187
0.005344559621733626,0.0,0.5707963267948966,-0.0003,0.41259999999999997,True,0.005344559621733626,-0.021124630816045892,0.0
0.014234413421190391,0.04999986886998187,0.5607963267948965,-0.0008,0.41259999999999997,True,0.014234413421190391,-0.021305780776026666,0.04999986886998187
0.021420256975785163,0.09999997615842915,0.5507963267948965,-0.0012,0.41259999999999997,True,0.021420256975785163,-0.021238886476232798,0.09999997615842915
0.0321766704987746,0.14999984502841812,0.5407963267948965,-0.0018,0.41259999999999997,True,0.0321766704987746,-0.02127066785367891,0.14999984502841812
0.03752848586303667,0.14999984502841457,0.5307963267948965,-0.0021,0.41259999999999997,True,0.03752848586303667,-0.02125146126696797,0.14999984502841457
0.03742929253613333,0.050000047683759874,0.5207963267948965,-0.0021,0.41259999999999997,True,0.03742929253613333,-0.021213057572253467,0.050000047683759874
0.028345335599675957,0.04999986886998542,0.5207963267948965,-0.0016,0.41259999999999997,True,0.028345335599675957,-0.02131729401187715,0.04999986886998542
0.02823144823622225,0.0999999761584327,0.5107963267948965,-0.0016,0.41259999999999997,True,0.02823144823622225,-0.021461505163245565,0.0999999761584327
0.0352060123141082,0.05000010728845439,0.5107963267948965,-0.002,0.41259999999999997,True,0.0352060123141082,-0.021592554205349206,0.05000010728845439
0.042307227331393464,0.05000010728844728,0.5007963267948965,-0.0024,0.41259999999999997,True,0.042307227331393464,-0.021415903332724404,0.05000010728844728
0.054870115622148455,0.050000047683759874,0.4907963267948965,-0.0031,0.41259999999999997,True,0.054870115622148455,-0.021191120484174795,0.050000047683759874
0.07298538864835495,0.04999986886998187,0.4807963267948965,-0.0040999999999999995,0.41259999999999997,True,0.07298538864835495,-0.021080916345346635,0.04999986886998187
0.0732775780326246,0.09999997615842915,0.47079632679489647,-0.0040999999999999995,0.41259999999999997,True,0.0732775780326246,-0.021010981579474255,0.09999997615842915
0.09133078114984519,0.0999999761584327,0.46079632679489646,-0.0051,0.41259999999999997,True,0.09133078114984519,-0.020975115629798976,0.0999999761584327
0.09518923021551064,0.15000008344688354,0.45079632679489645,-0.0053,0.41259999999999997,True,0.09518923021551064,-0.020929737195061617,0.15000008344688354
0.09543727086448582,0.20000019073504305,0.44079632679489666,-0.0053,0.41259999999999997,True,0.09543727086448582,-0.02105444172080098,0.20000019073504305
0.09989136290163059,0.15000008344688354,0.44079632679489666,-0.0055000000000000005,0.41259999999999997,True,0.09989136290163059,-0.02119471228051079,0.15000008344688354
0.0966421849310024,0.15000008344687998,0.43079632679489666,-0.0053,0.41259999999999997,True,0.0966421849310024,-0.021199850618431097,0.15000008344687998
0.30630916845074235,0.24999982118684727,0.42079632679489665,-0.0168,0.41259999999999997,True,0.30630916845074235,-0.021222815529931896,0.24999982118684727
0.6285688925539584,0.3500000357637454,0.40079632679489663,-0.0345,0.41259999999999997,True,0.6285688925539584,-0.021269942638705998,0.3500000357637454
1.0416853240727897,0.4000003814700932,0.3807963267948966,-0.057300000000000004,0.41259999999999997,True,1.0416853240727897,-0.02091019766711569,0.4000003814700932
1.452019377456415,0.499999642373691,0.3407963267948966,-0.08,0.41259999999999997,True,1.452019377456415,-0.02023607319507012,0.499999642373691
1.852954049008394,0.5999998569505891,0.2807963267948965,-0.1025,0.41259999999999997,True,1.852954049008394,-0.019300729972284165,0.5999998569505891
2.3627582891363974,0.7999993324305272,0.23079632679489648,-0.1307,0.41259999999999997,True,2.3627582891363974,-0.0180381409443622,0.7999993324305272
2.4941530780072605,0.9499996542958655,0.15079632679489663,-0.1376,0.41259999999999997,True,2.4941530780072605,-0.01631936768683257,0.9499996542958655
2.488274904208112,0.8000007629401829,0.08079632679489657,-0.1375,0.41259999999999997,True,2.488274904208112,-0.014723368718301362,0.8000007629401829
2.4868636087819365,0.7999995708489926,0.010796326794896505,-0.1375,0.41259999999999997,True,2.4868636087819365,-0.013165344109913709,0.7999995708489926
2.4956817788569867,0.8999997854258837,6.193981633974483,-0.1375,0.41259999999999997,True,2.4956817788569867,-0.01120644903025319,0.8999997854258837
2.5048313845304886,0.7500001788159416,6.113981633974483,-0.1375,0.41259999999999997,True,2.5048313845304886,-0.009309352207806383,0.7500001788159416
2.5254164623426036,0.7500001788159416,6.023981633974483,-0.1375,0.41259999999999997,True,2.5254164623426036,-0.00744394542830534,0.7500001788159416
2.5374721831725813,0.900000858307699,5.933981633974483,-0.1375,0.41259999999999997,True,2.5374721831725813,-0.005349210710927363,0.900000858307699
2.544800772087566,0.8499999165559053,5.833981633974483,-0.1375,0.41259999999999997,True,2.544800772087566,-0.003168852101027854,0.8499999165559053
2.550221673043832,0.8499999165559053,5.753981633974483,-0.1375,0.41259999999999997,True,2.550221673043832,-0.0009778982384228074,0.8499999165559053
2.5610283679865176,0.8999997854258872,5.653981633974483,-0.1375,0.41259999999999997,True,2.5610283679865176,0.001557020563741461,0.8999997854258872
2.5852732768264395,0.7999995708489891,5.563981633974483,-0.1375,0.41259999999999997,True,2.5852732768264395,0.004396156449048898,0.7999995708489891
2.616707322854322,0.8000007629401829,5.483981633974483,-0.1375,0.41259999999999997,True,2.616707322854322,0.007492147017934393,0.8000007629401829
2.6548719569473875,0.8000000476859235,5.383981633974482,-0.1375,0.41259999999999997,True,2.6548719569473875,0.010950179434943346,0.8000000476859235
2.7062875439653236,0.6999998331090218,5.303981633974483,-0.1375,0.41259999999999997,True,2.7062875439653236,0.014336706961318132,0.6999998331090218
2.7693939980345657,0.6999998331090254,5.223981633974483,-0.1375,0.41259999999999997,True,2.7693939980345657,0.017512120415023247,0.6999998331090254
2.8391805236514203,0.6999998331090218,5.133981633974482,-0.1375,0.41259999999999997,True,2.8391805236514203,0.021493217309100296,0.6999998331090218
2.8938978514537466,0.7000006675726596,5.043981633974482,-0.1375,0.41259999999999997,True,2.8938978514537466,0.025542781257583677,0.7000006675726596
2.939524833211254,0.6999998331090254,4.963981633974482,-0.1375,0.41259999999999997,True,2.939524833211254,0.029563411162908882,0.6999998331090254
2.991133815926231,0.7499999403974726,4.873981633974482,-0.1375,0.41259999999999997,True,2.991133815926231,0.03377089194075021,0.7499999403974726
3.032575982559438,0.6500002026575054,4.793981633974482,-0.1375,0.41259999999999997,True,3.032575982559438,0.03735083693456548,0.6500002026575054
3.0712992896624964,0.4499997735037109,4.713981633974482,-0.1375,0.41259999999999997,True,3.0712992896624964,0.03971447242402618,0.4499997735037109
3.121903386483512,0.7500007152564212,4.623981633974482,-0.1375,0.41259999999999997,True,3.121903386483512,0.04060631714467391,0.7500007152564212
3.172715478360446,0.8500003933928344,4.543981633974482,-0.1375,0.41259999999999997,True,3.172715478360446,0.0397960254218462,0.8500003933928344
3.1941357056747495,0.4499995350852455,4.463981633974482,-0.1375,0.41259999999999997,True,3.1941357056747495,0.03818106224147997,0.4499995350852455
3.202081823700617,0.44999953508524726,4.383981633974482,-0.1375,0.41259999999999997,True,3.202081823700617,0.03581029562056148,0.44999953508524726
3.2167115083946993,0.7500001788159381,4.303981633974483,-0.1375,0.41259999999999997,True,3.2167115083946993,0.033039371103265124,0.7500001788159381
3.2314886168631323,0.6000005722051345,4.233981633974483,-0.1375,0.41259999999999997,True,3.2314886168631323,0.030139704653831582,0.6000005722051345
3.2424968279963764,0.4499995350852455,4.143981633974483,-0.1375,0.41259999999999997,True,3.2424968279963764,0.027245058225990326,0.4499995350852455
3.2400109895753118,0.7500001788159398,4.073981633974483,-0.1375,0.41259999999999997,True,3.2400109895753118,0.024802584465457553,0.7500001788159398
3.226427318536141,0.6500004410759725,4.003981633974483,-0.1368,0.41259999999999997,True,3.226427318536141,0.022597184517047564,0.6500004410759725
3.258084339825669,0.4500000119221763,3.9239816339744826,-0.13720000000000002,0.41259999999999997,True,3.258084339825669,0.02016938911609502,0.4500000119221763
3.2256898028408627,0.7000006675726578,3.843981633974483,-0.1352,0.41259999999999997,True,3.2256898028408627,0.017764779230389785,0.7000006675726578
3.1621077527276644,0.6000005722059889,3.7739816339744827,-0.1335,0.41259999999999997,True,3.1621077527276644,0.016050550129269228,0.6000005722059889
3.12091778851424,0.4500002503406417,3.6939816339744826,-0.1325,0.41259999999999997,True,3.12091778851424,0.014320504723345688,0.4500002503406417
3.0385883430649323,0.6499997258205745,3.6239816339744824,-0.12869999999999998,0.41259999999999997,True,3.0385883430649323,0.012759008692321449,0.6499997258205745
3.0243886024622078,0.4999994039552327,3.5639816339744828,-0.1275,0.41259999999999997,True,3.0243886024622078,0.01140442018704195,0.4999994039552327
2.9627697045070995,0.3500003337863298,3.503981633974483,-0.1251,0.41259999999999997,True,2.9627697045070995,0.010248708848824737,0.3500003337863298
2.8870820183888757,0.4499997735037109,3.433981633974483,-0.1223,0.41259999999999997,True,2.8870820183888757,0.009227832925455053,0.4499997735037109
2.8234957894178216,0.4499997735037109,3.383981633974483,-0.1197,0.41259999999999997,True,2.8234957894178216,0.008295677816942265,0.4499997735037109
2.7363104256165673,0.39999990463372725,3.333981633974483,-0.1176,0.41259999999999997,True,2.7363104256165673,0.007445361146942908,0.39999990463372725
2.675616912282612,0.3937494537198676,3.2839816339744825,-0.1152,0.41259999999999997,True,2.675616912282612,0.006388242028053138,0.3937494537198676
1.745853772510435,0.2996326235534994,2.7739816339744827,-0.08070000000000001,0.41259999999999997,True,1.745853772510435,-0.008106149251754107,0.2996326235534994
1.6097594513316615,0.2999999284752981,2.7439816339744825,-0.079,0.41259999999999997,True,1.6097594513316615,-0.009299879457962523,0.2999999284752981
1.588968916604672,0.29999992847529366,2.723981633974483,-0.07780000000000001,0.41259999999999997,True,1.588968916604672,-0.010197163557415168,0.29999992847529366
1.5170594847809933,0.2500000596053118,2.6939816339744826,-0.0742,0.41259999999999997,True,1.5170594847809933,-0.011079067779308184,0.2500000596053118
1.4586512553770234,0.2500000596053118,2.673981633974483,-0.07200000000000001,0.41259999999999997,True,1.4586512553770234,-0.011941665266161725,0.2500000596053118
1.3696845281111836,0.2000001907350457,2.6539816339744826,-0.068,0.41259999999999997,True,1.3696845281111836,-0.012625631865313064,0.2000001907350457
1.3255302634915025,0.09999997615843448,2.6239816339744824,-0.066,0.41259999999999997,True,1.3255302634915025,-0.013485013064817435,0.09999997615843448
1.2718894455602419,0.049999868869982755,2.6139816339744826,-0.0639,0.41259999999999997,True,1.2718894455602419,-0.01450077916036102,0.049999868869982755
1.2195934838480258,0.09999973773996462,2.593981633974483,-0.062,0.41259999999999997,True,1.2195934838480258,-0.015444603206963914,0.09999973773996462
1.1913757257033055,0.2500000596053118,2.583981633974483,-0.0611,0.41259999999999997,True,1.1913757257033055,-0.016330869656565612,0.2500000596053118
1.1479803201902123,0.25000023841881003,2.5639816339744828,-0.059800000000000006,0.41259999999999997,True,1.1479803201902123,-0.01749727322564064,0.25000023841881003
1.0915754228358414,0.15000008344688176,2.543981633974483,-0.0575,0.41259999999999997,True,1.0915754228358414,-0.01878894357780905,0.15000008344688176
1.0524703562378621,0.15000008344687732,2.5339816339744825,-0.0558,0.41259999999999997,True,1.0524703562378621,-0.01975907299803372,0.15000008344687732
0.9922253589779553,0.19999995231686452,2.513981633974483,-0.053099999999999994,0.41259999999999997,True,0.9922253589779553,-0.020611559237954397,0.19999995231686452
0.968324134392415,0.09999973773996906,2.4939816339744825,-0.0525,0.41259999999999997,True,0.968324134392415,-0.02155090145814136,0.09999973773996906
0.9140339557632559,0.10000009536752064,2.4839816339744827,-0.050199999999999995,0.41259999999999997,True,0.9140339557632559,-0.022183429812238815,0.10000009536752064
0.860096314366229,0.15000008344688176,2.473981633974483,-0.048,0.41259999999999997,True,0.860096314366229,-0.022891873379837478,0.15000008344688176
0.8104012165282565,0.09999997615843448,2.463981633974483,-0.045899999999999996,0.41259999999999997,True,0.8104012165282565,-0.0242710550479438,0.09999997615843448
0.7716208431558016,0.05000010728844728,2.4539816339744824,-0.043899999999999995,0.41259999999999997,True,0.7716208431558016,-0.025109617169743324,0.05000010728844728
0.7447206649774054,0.0,2.4539816339744824,-0.0424,0.41259999999999997,True,0.7447206649774054,-0.025893499274610293,0.0
0.7255160692493533,0.05000004768376076,2.4439816339744826,-0.0414,0.41259999999999997,True,0.7255160692493533,-0.02669564797337918,0.05000004768376076
0.7138038520334943,0.05000010728844817,2.4439816339744826,-0.0409,0.41259999999999997,True,0.7138038520334943,-0.027464052822774195,0.05000010728844817
0.7067966123292385,0.0,2.4439816339744826,-0.0407,0.41259999999999997,True,0.7067966123292385,-0.028088924627917358,0.0
0.6741711903053221,0.04999986886998187,2.4439816339744826,-0.0391,0.41259999999999997,True,0.6741711903053221,-0.028484782347248334,0.04999986886998187
0.6529136423293926,0.04999986886998187,2.4439816339744826,-0.0381,0.41259999999999997,True,0.6529136423293926,-0.029342684468885532,0.04999986886998187
0.6417640744679444,-0.050000047683759874,2.433981633974483,-0.0374,0.41259999999999997,True,0.6417640744679444,-0.029903077140340288,-0.050000047683759874
0.6321818265309761,-2.3841846541472478e-07,2.433981633974483,-0.036699999999999997,0.41259999999999997,True,0.6321818265309761,-0.030138136829091423,-2.3841846541472478e-07
0.6344017663120426,0.09999997615843004,2.433981633974483,-0.036699999999999997,0.41259999999999997,True,0.6344017663120426,-0.030545855490551478,0.09999997615843004
0.6307958046374018,0.09999997615843448,2.4439816339744826,-0.0361,0.41259999999999997,True,0.6307958046374018,-0.03036631254775189,0.09999997615843448
0.6218161317443532,-2.3841846452654636e-07,2.4439816339744826,-0.0354,0.41259999999999997,True,0.6218161317443532,-0.030376936444571342,-2.3841846452654636e-07
0.5917697803648503,-0.050000047683764315,2.4539816339744824,-0.0338,0.41259999999999997,True,0.5917697803648503,-0.03062715661811654,-0.050000047683764315
0.564531405434342,-0.049999868869982755,2.463981633974483,-0.0326,0.41259999999999997,True,0.564531405434342,-0.030988738105263397,-0.049999868869982755
0.5683516697569566,-0.09999997615842915,2.463981633974483,-0.033,0.41259999999999997,True,0.5683516697569566,-0.03119913390701095,-0.09999997615842915
0.5665861884867657,-0.09999997615843004,2.463981633974483,-0.033,0.41259999999999997,True,0.5665861884867657,-0.031336409685815955,-0.09999997615843004
0.5747477677270115,-0.09999997615843004,2.473981633974483,-0.0336,0.41259999999999997,True,0.5747477677270115,-0.0316298721701872,-0.09999997615843004
0.5685729370743206,-0.050000047683759874,2.473981633974483,-0.0334,0.41259999999999997,True,0.5685729370743206,-0.031905055796622526,-0.050000047683759874
0.5794532194425857,0.04999986886998187,2.4839816339744827,-0.0341,0.41259999999999997,True,0.5794532194425857,-0.031969236861674646,0.04999986886998187
0.5841583817010293,0.04999986886998187,2.4839816339744827,-0.034300000000000004,0.41259999999999997,True,0.5841583817010293,-0.03209814988401804,0.04999986886998187
0.5788932948901956,0.0,2.4939816339744825,-0.034,0.41259999999999997,True,0.5788932948901956,-0.03212728504268749,0.0
0.5626090886897523,0.0,2.4939816339744825,-0.0332,0.41259999999999997,True,0.5626090886897523,-0.03256658598739318,0.0
0.5521526501961129,-0.050000047683759874,2.503981633974483,-0.032400000000000005,0.41259999999999997,True,0.5521526501961129,-0.03266791063160819,-0.050000047683759874
0.539620192572457,-0.09999997615843448,2.503981633974483,-0.0316,0.41259999999999997,True,0.539620192572457,-0.032984867240319724,-0.09999997615843448
0.543135319964946,-0.15000008344688176,2.503981633974483,-0.0318,0.41259999999999997,True,0.543135319964946,-0.03320939025325645,-0.15000008344688176
0.5419798435445499,-0.1500000834468782,2.4939816339744825,-0.0318,0.41259999999999997,True,0.5419798435445499,-0.033721941380081236,-0.1500000834468782
0.5605280784830251,-0.049999868869982755,2.4939816339744825,-0.033,0.41259999999999997,True,0.5605280784830251,-0.034210264275846905,-0.049999868869982755
0.5785551002529751,0.10000009536752064,2.503981633974483,-0.034300000000000004,0.41259999999999997,True,0.5785551002529751,-0.03448119833023535,0.10000009536752064
0.5713972183844781,0.15000008344687732,2.503981633974483,-0.0339,0.41259999999999997,True,0.5713972183844781,-0.0343678284776048,0.15000008344687732
0.5514366467524121,-2.3841846541472478e-07,2.513981633974483,-0.0327,0.41259999999999997,True,0.5514366467524121,-0.03418282173627177,-2.3841846541472478e-07
0.5274390470626369,-0.09999997615843004,2.5339816339744825,-0.0311,0.41259999999999997,True,0.5274390470626369,-0.03380633405671096,-0.09999997615843004
0.5087418749760964,-0.20000019073532904,2.5339816339744825,-0.029900000000000003,0.41259999999999997,True,0.5087418749760964,-0.033722844635556457,-0.20000019073532904
0.5247281795148371,-0.2500002384188056,2.543981633974483,-0.0311,0.41259999999999997,True,0.5247281795148371,-0.03394346285389519,-0.2500002384188056
0.5236279702472049,-0.050000345706913585,2.5339816339744825,-0.0313,0.41259999999999997,True,0.5236279702472049,-0.03433943417713939,-0.050000345706913585
0.5425817948155385,-2.3841846541472478e-07,2.543981633974483,-0.0325,0.41259999999999997,True,0.5425817948155385,-0.03459008194747087,-2.3841846541472478e-07
0.5654104198368104,-0.05000010728844728,2.543981633974483,-0.034,0.41259999999999997,True,0.5654104198368104,-0.03479019808243627,-0.05000010728844728
0.5536333970059152,0.0,2.5339816339744825,-0.0333,0.41259999999999997,True,0.5536333970059152,-0.03497509159184912,0.0
0.5532316140273001,0.050000047683759874,2.543981633974483,-0.0333,0.41259999999999997,True,0.5532316140273001,-0.03489276355687314,0.050000047683759874
0.5552451365584286,0.09999997615842915,2.553981633974483,-0.0334,0.41259999999999997,True,0.5552451365584286,-0.03494418843442943,0.09999997615842915
0.5295224192556106,0.049999868869982755,2.5639816339744828,-0.0318,0.41259999999999997,True,0.5295224192556106,-0.03510763785939088,0.049999868869982755
0.5142485623703531,-8.881784197001252e-16,2.5639816339744828,-0.031,0.41259999999999997,True,0.5142485623703531,-0.035609733706413835,-8.881784197001252e-16
0.505888084584746,8.881784197001252e-16,2.5639816339744828,-0.030600000000000002,0.41259999999999997,True,0.505888084584746,-0.03582534911132634,8.881784197001252e-16
0.4957836787248754,0.0,2.5739816339744825,-0.030299999999999997,0.41259999999999997,True,0.4957836787248754,-0.036034621858985046,0.0
0.47545883527528904,-0.09999973773996462,2.583981633974483,-0.029300000000000003,0.41259999999999997,True,0.47545883527528904,-0.03654365134920054,-0.09999973773996462
0.4743285634854867,-0.14999984502841635,2.583981633974483,-0.029500000000000002,0.41259999999999997,True,0.4743285634854867,-0.037000145081397984,-0.14999984502841635
0.4543083077598933,-0.09999997615843448,2.583981633974483,-0.028399999999999998,0.41259999999999997,True,0.4543083077598933,-0.037307686662155164,-0.09999997615843448
0.4796544937417197,-0.04999986886998187,2.593981633974483,-0.029900000000000003,0.41259999999999997,True,0.4796544937417197,-0.037308651781434395,-0.04999986886998187
0.4908490533316174,-0.10000009536752064,2.603981633974483,-0.030299999999999997,0.41259999999999997,True,0.4908490533316174,-0.03712745624125026,-0.10000009536752064
0.489051591434554,-0.10000021457689545,2.603981633974483,-0.029900000000000003,0.41259999999999997,True,0.489051591434554,-0.03693246929455317,-0.10000021457689545
0.4979542872817014,-0.05000010728845172,2.603981633974483,-0.0301,0.41259999999999997,True,0.4979542872817014,-0.03683120429598157,-0.05000010728845172
0.510775824725379,-0.09999997615843448,2.6139816339744826,-0.030699999999999998,0.41259999999999997,True,0.510775824725379,-0.036659760427500264,-0.09999997615843448
0.5128063821227447,-0.09999997615843004,2.6239816339744824,-0.0308,0.41259999999999997,True,0.5128063821227447,-0.03678939598128763,-0.09999997615843004
0.5130715241667902,-0.050000047683759874,2.6239816339744824,-0.031,0.41259999999999997,True,0.5130715241667902,-0.036991910542312045,-0.050000047683759874
0.5112652159983968,-0.14999960660995093,2.633981633974483,-0.031200000000000002,0.41259999999999997,True,0.5112652159983968,-0.03730696723712982,-0.14999960660995093
0.5102056737580742,-0.2999999284752981,2.643981633974483,-0.031200000000000002,0.41259999999999997,True,0.5102056737580742,-0.037321581241627204,-0.2999999284752981
0.5218893416529722,-0.2500000596053118,2.6539816339744826,-0.0319,0.41259999999999997,True,0.5218893416529722,-0.03718816177811811,-0.2500000596053118
0.5494400959449128,-0.1999999523168592,2.6639816339744824,-0.0336,0.41259999999999997,True,0.5494400959449128,-0.0371412114392411,-0.1999999523168592
0.5953581892141703,-0.2000001907350457,2.673981633974483,-0.0364,0.41259999999999997,True,0.5953581892141703,-0.0370557086353968,-0.2000001907350457
0.6149278017427463,-0.19999995231686452,2.683981633974483,-0.0375,0.41259999999999997,True,0.6149278017427463,-0.036953980180758454,-0.19999995231686452
0.6381331759767163,-0.19999995231686363,2.6939816339744826,-0.0388,0.41259999999999997,True,0.6381331759767163,-0.03675762805157275,-0.19999995231686363
0.6689595259289958,-0.10000021457689989,2.7039816339744824,-0.041100000000000005,0.41259999999999997,True,0.6689595259289958,-0.03691871426854789,-0.10000021457689989
0.49532582524716073,-0.10000021457689456,2.7039816339744824,-0.030600000000000002,0.41259999999999997,True,0.49532582524716073,-0.037197391029849015,-0.10000021457689456
0.12056508721008971,-0.2500002384188056,2.713981633974483,-0.0074,0.41259999999999997,True,0.12056508721008971,-0.036634225999053714,-0.2500002384188056
-0.24965082438874114,-0.20000019073532993,2.7339816339744827,0.0152,0.41259999999999997,False,-0.24965082438874114,-0.03600985983132352,-0.20000019073532993
-0.623368722273733,-0.20000019073532904,2.753981633974483,0.0378,0.41259999999999997,False,-0.623368722273733,-0.035562228351214746,-0.20000019073532904
-1.0124139997343924,-0.39999966621526273,2.7839816339744825,0.0605,0.41259999999999997,False,-1.0124139997343924,-0.034575438346622134,-0.39999966621526273
-1.4076401531739224,-0.5499999880806099,2.843981633974483,0.0832,0.41259999999999997,False,-1.4076401531739224,-0.03285428008345395,-0.5499999880806099
-1.7958327295782246,-0.6500006198888961,2.8739816339744824,0.1057,0.41259999999999997,False,-1.7958327295782246,-0.03219740944403431,-0.6500006198888961
-2.176298456079806,-0.7999995708489909,2.933981633974483,0.1282,0.41259999999999997,False,-2.176298456079806,-0.03120841153811889,-0.7999995708489909
-2.3347115963821437,-0.8499996781374382,3.013981633974483,0.13720000000000002,0.41259999999999997,False,-2.3347115963821437,-0.02937328947350223,-0.8499996781374382
-2.341430897556858,-0.7999998092674527,3.093981633974483,0.13720000000000002,0.41259999999999997,False,-2.341430897556858,-0.02777680348174938,-0.7999998092674527
-2.3457465902231545,-0.9000000238437291,3.183981633974483,0.13720000000000002,0.41259999999999997,False,-2.3457465902231545,-0.02585807226809744,-0.9000000238437291
-2.3600625829209427,-1.150001096726852,3.2839816339744825,0.13720000000000002,0.41259999999999997,False,-2.3600625829209427,-0.023784687692741426,-1.150001096726852
-2.379999522567234,-1.0000004768406257,3.433981633974483,0.13720000000000002,0.41259999999999997,False,-2.379999522567234,-0.020483647004848966,-1.0000004768406257
-2.411148613153044,-0.7499999403974744,3.5339816339744825,0.13720000000000002,0.41259999999999997,False,-2.411148613153044,-0.018221716241656357,-0.7499999403974744
-2.4500456662410643,-0.7999998092679093,3.633981633974483,0.13720000000000002,0.41259999999999997,False,-2.4500456662410643,-0.015741385698214268,-0.7999998092679093
-2.48914805655911,-0.5999993801140011,3.7339816339744827,0.13720000000000002,0.41259999999999997,False,-2.48914805655911,-0.013367584950235213,-0.5999993801140011
-2.5268827647830534,-0.5500005245215736,3.843981633974483,0.13720000000000002,0.41259999999999997,False,-2.5268827647830534,-0.01060392075810625,-0.5500005245215736
-2.563470281676153,-0.9999990463291493,3.8839816339744826,0.13720000000000002,0.41259999999999997,False,-2.563470281676153,-0.009053709551520935,-0.9999990463291493
-2.6025185429579616,-1.149999368194269,4.043981633974482,0.13720000000000002,0.41259999999999997,False,-2.6025185429579616,-0.003585045420461564,-1.149999368194269
-2.6059757228780733,-0.8000002861046163,4.143981633974483,0.13720000000000002,0.41259999999999997,False,-2.6059757228780733,0.0007256002894868367,-0.8000002861046163
-2.617747293205715,-0.4999996423737514,4.243981633974483,0.13720000000000002,0.41259999999999997,False,-2.617747293205715,0.006033022206509546,-0.4999996423737514
-2.646062846186991,-0.6500006198893793,4.333981633974483,0.13720000000000002,0.41259999999999997,False,-2.646062846186991,0.012054040482339948,-0.6500006198893793
-2.722274091695017,-0.8999997854264006,4.433981633974483,0.13720000000000002,0.41259999999999997,False,-2.722274091695017,0.018953279110494964,-0.8999997854264006
-2.800853861972587,-0.8499996781374382,4.523981633974483,0.1374,0.41259999999999997,False,-2.800853861972587,0.02528225344519298,-0.8499996781374382
-2.8414346011479563,-0.8499996781379799,4.613981633974483,0.1374,0.41259999999999997,False,-2.8414346011479563,0.03151333242710576,-0.8499996781379799
-2.842932624888019,-0.8499996781371291,4.703981633974482,0.1374,0.41259999999999997,False,-2.842932624888019,0.0374215327917946,-0.8499996781371291
-2.8382649727624556,-0.7000006675719188,4.793981633974482,0.1374,0.41259999999999997,False,-2.8382649727624556,0.04197287725413282,-0.7000006675719188
-2.8714893038366966,-0.6999995946908442,4.883981633974482,0.1374,0.41259999999999997,False,-2.8714893038366966,0.04393961396865332,-0.6999995946908442
-2.916849167154523,-0.5499992728252145,4.973981633974483,0.1374,0.41259999999999997,False,-2.916849167154523,0.0439249261199595,-0.5499992728252145
-2.9401911663161524,-0.6999988794360164,5.053981633974483,0.1374,0.41259999999999997,False,-2.9401911663161524,0.04298635901851477,-0.6999988794360164
-2.9770732813125425,-0.9499994158773788,5.143981633974483,0.1374,0.41259999999999997,False,-2.9770732813125425,0.041148187808846964,-0.9499994158773788
-2.99490882608276,-0.8000007629397246,5.223981633974483,0.1374,0.41259999999999997,False,-2.99490882608276,0.03914912484483505,-0.8000007629397246
-2.9810254229347235,-0.7499999403979594,5.303981633974483,0.1374,0.41259999999999997,False,-2.9810254229347235,0.03757967059748511,-0.7499999403979594
-2.969233010770361,-0.8000000476859199,5.373981633974482,0.1374,0.41259999999999997,False,-2.969233010770361,0.03601729239080205,-0.8000000476859199
-2.9538494592253333,-0.800000047686261,5.453981633974482,0.1374,0.41259999999999997,False,-2.9538494592253333,0.03455951090815457,-0.800000047686261
-2.9381580685982045,-0.6499997258203791,5.5339816339744825,0.1374,0.41259999999999997,False,-2.9381580685982045,0.03293610804682094,-0.6499997258203791
-2.9214941486118695,-0.5000004768369877,5.613981633974483,0.1374,0.41259999999999997,False,-2.9214941486118695,0.03157344227608519,-0.5000004768369877
-2.916903563625434,-0.6499992489837325,5.693981633974483,0.1375,0.41259999999999997,False,-2.916903563625434,0.029933306404545244,-0.6499992489837325
-2.926060115570389,-0.699999356272091,5.7839816339744825,0.1378,0.41259999999999997,False,-2.926060115570389,0.02808994756782135,-0.699999356272091
-2.898573483660372,-0.6999993562727198,5.853981633974483,0.1368,0.41259999999999997,False,-2.898573483660372,0.026460858370494125,-0.6999993562727198
-2.841590786071463,-0.7999995708488754,5.933981633974483,0.1352,0.41259999999999997,False,-2.841590786071463,0.025130765033201784,-0.7999995708488754
-2.7210487338110982,-0.650000619888349,6.013981633974483,0.1309,0.41259999999999997,False,-2.7210487338110982,0.02394800128220989,-0.650000619888349
-2.6044704313830067,-0.5999998569509337,6.083981633974483,0.126,0.41259999999999997,False,-2.6044704313830067,0.02268066133445793,-0.5999998569509337
-2.512198429904174,-0.5499997496621489,6.153981633974483,0.12140000000000001,0.41259999999999997,False,-2.512198429904174,0.021247984190023043,-0.5499997496621489
-2.4654105467453116,-0.4963640730050532,6.213981633974483,0.1173,0.41259999999999997,False,-2.4654105467453116,0.019742123124731534,-0.4963640730050532
-1.7066771258001492,-0.314545083322713,0.43079632679489666,0.0815,0.41259999999999997,False,-1.7066771258001492,0.009390929181712299,-0.314545083322713
-1.564490299258256,-0.3500000357633759,0.47079632679489647,0.0758,0.41259999999999997,False,-1.564490299258256,0.008453686352493377,-0.3500000357633759
-1.473710011975802,-0.45000042915376426,0.5007963267948965,0.0711,0.41259999999999997,False,-1.473710011975802,0.007196839639997887,-0.45000042915376426
-1.4044659556414505,-0.45000001192249073,0.5307963267948965,0.0676,0.41259999999999997,False,-1.4044659556414505,0.006028763540000592,-0.45000001192249073
-1.3447643729229928,-0.39999990463372725,0.5607963267948965,0.0649,0.41259999999999997,False,-1.3447643729229928,0.005041845714233317,-0.39999990463372725
-1.2204225560092592,-0.3500000357638875,0.5907963267948966,0.0588,0.41259999999999997,False,-1.2204225560092592,0.003880492397517338,-0.3500000357638875
-1.1392495680727976,-0.29999992847512047,0.6207963267948966,0.054900000000000004,0.41259999999999997,False,-1.1392495680727976,0.0026522610084162624,-0.29999992847512047
-1.0593152505937202,-0.35000033378629425,0.6507963267948965,0.0509,0.41259999999999997,False,-1.0593152505937202,0.0014922626018234648,-0.35000033378629425
-0.9811799358858615,-0.30000016689404774,0.6907963267948966,0.0471,0.41259999999999997,False,-0.9811799358858615,0.0004931293632194691,-0.30000016689404774
-0.891740663383274,-0.25000005960531624,0.7207963267948966,0.0429,0.41259999999999997,False,-0.891740663383274,-0.0005045347325862362,-0.25000005960531624
-0.8278319058831259,-0.2500000596053944,0.7407963267948966,0.039900000000000005,0.41259999999999997,False,-0.8278319058831259,-0.001510899271580247,-0.2500000596053944
-0.7387971571991678,-0.2500000596050036,0.7707963267948965,0.0356,0.41259999999999997,False,-0.7387971571991678,-0.0026746033603208446,-0.2500000596050036
-0.6591752810822759,-0.2500002384184903,0.7907963267948965,0.0318,0.41259999999999997,False,-0.6591752810822759,-0.0039097104840997154,-0.2500002384184903
-0.5908705022466322,-0.24999982118693254,0.8107963267948965,0.0285,0.41259999999999997,False,-0.5908705022466322,-0.004980025820352612,-0.24999982118693254
-0.5219557611959708,-0.24999982118685082,0.8307963267948966,0.0252,0.41259999999999997,False,-0.5219557611959708,-0.005976440872471947,-0.24999982118685082
-0.4461984994570808,-0.19999995231697554,0.8507963267948966,0.0216,0.41259999999999997,False,-0.4461984994570808,-0.00728595147694746,-0.19999995231697554
-0.3688898656033755,-0.14999984502849983,0.8607963267948966,0.018000000000000002,0.41259999999999997,False,-0.3688898656033755,-0.008326818564236876,-0.14999984502849983
-0.31200438328395225,-0.10000009536745935,0.8707963267948966,0.0154,0.41259999999999997,False,-0.31200438328395225,-0.009018645351209522,-0.10000009536745935
-0.27163211487961386,-0.0999999761584931,0.8707963267948966,0.013600000000000001,0.41259999999999997,False,-0.27163211487961386,-0.009674904049237567,-0.0999999761584931
-0.24230029796978095,-0.04999986886998897,0.8807963267948966,0.0123,0.41259999999999997,False,-0.24230029796978095,-0.01050023316024795,-0.04999986886998897
-0.19506061814835238,0.0,0.8807963267948966,0.01,0.41259999999999997,False,-0.19506061814835238,-0.01122886079081955,0.0
-0.1762838976227773,0.0,0.8807963267948966,0.0091,0.41259999999999997,False,-0.1762838976227773,-0.011697428262874954,0.0
-0.15027143261651585,0.05000004768390909,0.8807963267948966,0.0078000000000000005,0.41259999999999997,False,-0.15027143261651585,-0.011909549324831025,0.05000004768390909
-0.12804890149917808,0.149999845028443,0.8707963267948966,0.0067,0.41259999999999997,False,-0.12804890149917808,-0.0123962095638036,0.149999845028443
-0.1286367320959152,0.09999973773996373,0.8707963267948966,0.0068000000000000005,0.41259999999999997,False,-0.1286367320959152,-0.012984470252145462,0.09999973773996373
-0.1268236609684336,0.09999973774013782,0.8807963267948966,0.0068000000000000005,0.41259999999999997,False,-0.1268236609684336,-0.013787033230341725,0.09999973774013782
-0.13415575054418555,0.14999984502849983,0.8807963267948966,0.0073,0.41259999999999997,False,-0.13415575054418555,-0.01438382266848249,0.14999984502849983
-0.14170329444450766,-3.410605131648481e-13,0.8807963267948966,0.0078000000000000005,0.41259999999999997,False,-0.14170329444450766,-0.015200853231228266,-3.410605131648481e-13
-0.1372734355463062,-0.0500001072885361,0.8907963267948965,0.0076,0.41259999999999997,False,-0.1372734355463062,-0.015761197566995223,-0.0500001072885361
-0.11847474923231303,-3.552713678800501e-15,0.8907963267948965,0.0066,0.41259999999999997,False,-0.11847474923231303,-0.016246786152581287,-3.552713678800501e-15
-0.10166314369176298,-0.049999868870070685,0.8807963267948966,0.005699999999999999,0.41259999999999997,False,-0.10166314369176298,-0.016734241093287295,-0.049999868870070685
-0.08446731027541932,2.3841812435421161e-07,0.8807963267948966,0.0048,0.41259999999999997,False,-0.08446731027541932,-0.01726575178309873,2.3841812435421161e-07
-0.0661596840043226,0.05000004768356803,0.8807963267948966,0.0038,0.41259999999999997,False,-0.0661596840043226,-0.01783764430135154,0.05000004768356803
-0.06550783832382298,0.049999868869953445,0.8807963267948966,0.0038,0.41259999999999997,False,-0.06550783832382298,-0.018312274987076015,0.049999868869953445
-0.054699669993286335,0.09999997615842915,0.8807963267948966,0.0032,0.41259999999999997,False,-0.054699669993286335,-0.01895661079075865,0.09999997615842915
-0.046005659051630274,0.05000010728841886,0.8807963267948966,0.0027,0.41259999999999997,False,-0.046005659051630274,-0.01961105959344955,0.05000010728841886
-0.04938984493309743,0.05000010728825188,0.8707963267948966,0.0029,0.41259999999999997,False,-0.04938984493309743,-0.020018786346932466,0.05000010728825188
-0.05080024428189218,0.10000009536747001,0.8607963267948966,0.003,0.41259999999999997,False,-0.05080024428189218,-0.02033380832527236,0.10000009536747001
-0.043583581715748124,0.09999997615848955,0.8607963267948966,0.0026,0.41259999999999997,False,-0.043583581715748124,-0.02082225564006086,0.09999997615848955
-0.04485502736499008,0.15000008344687288,0.8507963267948966,0.0027,0.41259999999999997,False,-0.04485502736499008,-0.021044492975994897,0.15000008344687288
-0.05122562935686138,0.1999999523169791,0.8407963267948966,0.0031,0.41259999999999997,False,-0.05122562935686138,-0.02130373187288643,0.1999999523169791
-0.06938704230428373,0.19999995231675172,0.8407963267948966,0.0042,0.41259999999999997,False,-0.06938704230428373,-0.021470426294523212,0.19999995231675172
-0.08747055797857217,0.1000000953671254,0.8407963267948966,0.0053,0.41259999999999997,False,-0.08747055797857217,-0.021568005544244914,0.1000000953671254
-0.10363285866323908,-0.049999868869953445,0.8307963267948966,0.0063,0.41259999999999997,False,-0.10363285866323908,-0.021628891858388843,-0.049999868869953445
-0.1145378585120257,2.384184618620111e-07,0.8107963267948965,0.006999999999999999,0.41259999999999997,False,-0.1145378585120257,-0.021277458646850923,2.384184618620111e-07
-0.1035297851992862,0.09999997615848955,0.8007963267948965,0.0064,0.41259999999999997,False,-0.1035297851992862,-0.021027890950742277,0.09999997615848955
-0.08669725640330968,0.04999986887012753,0.7907963267948965,0.0054,0.41259999999999997,False,-0.08669725640330968,-0.020702152947929858,0.04999986887012753
-0.091994930888637,-0.050000047683905535,0.7807963267948965,0.0058,0.41259999999999997,False,-0.091994930888637,-0.02057691271183639,-0.050000047683905535
-0.10211875530260725,-2.384185826542762e-07,0.7707963267948965,0.006500000000000001,0.41259999999999997,False,-0.10211875530260725,-0.020755573310213698,-2.384185826542762e-07
-0.10004331711802489,0.0999999761584327,0.7707963267948965,0.0064,0.41259999999999997,False,-0.10004331711802489,-0.020961764550523454,0.0999999761584327
-0.08747030253010912,0.14999984502855668,0.7707963267948965,0.005600000000000001,0.41259999999999997,False,-0.08747030253010912,-0.021160652842615542,0.14999984502855668
-0.0873853921054474,0.0999997377402515,0.7707963267948965,0.005600000000000001,0.41259999999999997,False,-0.0873853921054474,-0.02158276101308244,0.0999997377402515
-0.09579370455558392,0.050000047683905535,0.7707963267948965,0.0062,0.41259999999999997,False,-0.09579370455558392,-0.02222290285255249,0.050000047683905535
-0.10406049358400002,0.05000010728853255,0.7707963267948965,0.0068000000000000005,0.41259999999999997,False,-0.10406049358400002,-0.022881174585488006,0.05000010728853255
-0.10023235912312821,-0.05000010728844728,0.7707963267948965,0.0066,0.41259999999999997,False,-0.10023235912312821,-0.02365432626786734,-0.05000010728844728
-0.09350243178136944,-0.05000010728841531,0.7707963267948965,0.0062,0.41259999999999997,False,-0.09350243178136944,-0.024217702188413993,-0.05000010728841531
-0.08388829190328889,3.552713678800501e-15,0.7707963267948965,0.005600000000000001,0.41259999999999997,False,-0.08388829190328889,-0.024704106339220478,3.552713678800501e-15
-0.08172841915149277,0.0,0.7707963267948965,0.0055000000000000005,0.41259999999999997,False,-0.08172841915149277,-0.025410401459846015,0.0
-0.05615194351550085,0.0,0.7707963267948965,0.0038,0.41259999999999997,False,-0.05615194351550085,-0.026141329253238636,0.0
-0.040971425347540634,0.05000010728844728,0.7707963267948965,0.0028000000000000004,0.41259999999999997,False,-0.040971425347540634,-0.02692593294118922,0.05000010728844728
-0.037835567765383105,0.05000010728842241,0.7707963267948965,0.0026,0.41259999999999997,False,-0.037835567765383105,-0.027505951750068258,0.05000010728842241
-0.027622064626729045,-0.05000010728824833,0.7607963267948965,0.0019,0.41259999999999997,False,-0.027622064626729045,-0.027850033481411483,-0.05000010728824833
-0.014504106954769242,-0.05000004768356092,0.7607963267948965,0.001,0.41259999999999997,False,-0.014504106954769242,-0.02823566036691558,-0.05000004768356092
-0.015896377915892202,0.09999973773991044,0.7607963267948965,0.0011,0.41259999999999997,False,-0.015896377915892202,-0.028584805728105914,0.09999973773991044
-0.0014412322796434152,0.14999984502841457,0.7507963267948966,0.0001,0.41259999999999997,False,-0.0014412322796434152,-0.02890915112489805,0.14999984502841457
-0.0043198300223553894,0.09999997615848599,0.7507963267948966,0.0003,0.41259999999999997,False,-0.0043198300223553894,-0.02926569212497509,0.09999997615848599
-0.008652594015906966,0.049999868870123976,0.7507963267948966,0.0006,0.41259999999999997,False,-0.008652594015906966,-0.029271009758341387,0.049999868870123976
-0.008646235827681448,0.0,0.7407963267948966,0.0006,0.41259999999999997,False,-0.008646235827681448,-0.029432697557077305,0.0
-0.017232024635093292,0.1499996066098639,0.7407963267948966,0.0012,0.41259999999999997,False,-0.017232024635093292,-0.029513083805205377,0.1499996066098639
-0.008620721437773371,0.24999982118684372,0.7307963267948966,0.0006,0.41259999999999997,False,-0.008620721437773371,-0.029464522101609377,0.24999982118684372
-0.010025863689806923,0.1999999523169791,0.7207963267948966,0.0007000000000000001,0.41259999999999997,False,-0.010025863689806923,-0.0294340765653108,0.1999999523169791
-0.024171445762914467,0.19999995231675172,0.7207963267948966,0.0017000000000000001,0.41259999999999997,False,-0.024171445762914467,-0.02956432881229973,0.19999995231675172
-0.035366315544661554,0.20000019073493291,0.7107963267948966,0.0025,0.41259999999999997,False,-0.035366315544661554,-0.029542371340052404,0.20000019073493291
-0.05204229763209396,0.10000021457706865,0.7007963267948966,0.0037,0.41259999999999997,False,-0.05204229763209396,-0.029505508312887077,0.10000021457706865
-0.060215824547376826,0.05000010728844373,0.6907963267948966,0.0043,0.41259999999999997,False,-0.060215824547376826,-0.02935569586350086,0.05000010728844373
-0.07717647839322272,0.09999997615848599,0.6807963267948965,0.0055000000000000005,0.41259999999999997,False,-0.07717647839322272,-0.0291437602531873,0.09999997615848599
-0.0889274617975848,0.0999999761583723,0.6707963267948965,0.0063,0.41259999999999997,False,-0.0889274617975848,-0.02864376129272462,0.0999999761583723
-0.0895592748962219,0.10000009536747001,0.6607963267948965,0.0063,0.41259999999999997,False,-0.0895592748962219,-0.02817896252425878,0.10000009536747001
-0.10305797157017836,0.149999845028443,0.6507963267948965,0.0072,0.41259999999999997,False,-0.10305797157017836,-0.027689051284224712,0.149999845028443
-0.11274561290645731,0.1999999523168654,0.6407963267948965,0.0079,0.41259999999999997,False,-0.11274561290645731,-0.027557819413386215,0.1999999523168654
-0.11693333706448356,0.1500000834469084,0.6307963267948966,0.008199999999999999,0.41259999999999997,False,-0.11693333706448356,-0.027461958333567495,0.1500000834469084
-0.13926062263357078,0.049999868870123976,0.6307963267948966,0.0098,0.41259999999999997,False,-0.13926062263357078,-0.02749919774968683,0.049999868870123976
-0.16174377025664854,0.10000009536780752,0.6107963267948966,0.0113,0.41259999999999997,False,-0.16174377025664854,-0.027057315783637716,0.10000009536780752
-0.17591249488903785,0.1500000834470221,0.6007963267948966,0.012199999999999999,0.41259999999999997,False,-0.17591249488903785,-0.026668973073784356,0.1500000834470221
-0.1946100508834817,0.04999986886998542,0.5907963267948966,0.013500000000000002,0.41259999999999997,False,-0.1946100508834817,-0.026444592003804942,0.04999986886998542
-0.19086436499254036,0.04999986887006713,0.5807963267948966,0.013300000000000001,0.41259999999999997,False,-0.19086436499254036,-0.02645731572154435,0.04999986887006713
-0.19437612422541586,0.0999999761583723,0.5807963267948966,0.013600000000000001,0.41259999999999997,False,-0.19437612422541586,-0.02647639894437825,0.0999999761583723
-0.2105832652301538,0.10000009536746646,0.5707963267948966,0.0147,0.41259999999999997,False,-0.2105832652301538,-0.02639092178649009,0.10000009536746646
-0.20472712554568048,0.09999997615848955,0.5607963267948965,0.0143,0.41259999999999997,False,-0.20472712554568048,-0.026580278065111606,0.09999997615848955
-0.21213332523817927,0.15000008344687643,0.5707963267948966,0.0148,0.41259999999999997,False,-0.21213332523817927,-0.026735461722439915,0.15000008344687643
-0.21125097936618845,0.10000021457684127,0.5607963267948965,0.0147,0.41259999999999997,False,-0.21125097936618845,-0.02674061856935689,0.10000021457684127
-0.24172762184506374,-0.05000010728824833,0.5607963267948965,0.0168,0.41259999999999997,False,-0.24172762184506374,-0.0269568413332574,-0.05000010728824833
-0.24606750026479748,-0.05000004768355737,0.5707963267948966,0.0171,0.41259999999999997,False,-0.24606750026479748,-0.02720178725959315,-0.05000004768355737
-0.24066715375871192,-0.09999973773990689,0.5607963267948965,0.0167,0.41259999999999997,False,-0.24066715375871192,-0.027348463420590576,-0.09999973773990689
-0.2386294132463165,-0.14999984502841812,0.5607963267948965,0.0165,0.41259999999999997,False,-0.2386294132463165,-0.027482303643370003,-0.14999984502841812
-0.23269331241347727,-0.09999997615848955,0.5607963267948965,0.0159,0.41259999999999997,False,-0.23269331241347727,-0.02736024408210694,-0.09999997615848955
-0.2246992273148075,-0.049999868870123976,0.5607963267948965,0.0152,0.41259999999999997,False,-0.2246992273148075,-0.027317095171416714,-0.049999868870123976
-0.20789726979850465,0.0,0.5507963267948965,0.013999999999999999,0.41259999999999997,False,-0.20789726979850465,-0.027374670160617832,0.0
-0.19445974547218564,-3.552713678800501e-15,0.5507963267948965,0.013000000000000001,0.41259999999999997,False,-0.19445974547218564,-0.027458203223479156,-3.552713678800501e-15
-0.17516262246685987,-3.552713678800501e-15,0.5507963267948965,0.0116,0.41259999999999997,False,-0.17516262246685987,-0.02742762654797689,-3.552713678800501e-15
-0.18516711907530456,0.0,0.5507963267948965,0.012199999999999999,0.41259999999999997,False,-0.18516711907530456,-0.027409830122616944,0.0
-0.17651070264046695,0.0,0.5507963267948965,0.0116,0.41259999999999997,False,-0.17651070264046695,-0.027516894651518953,0.0
-0.1569579135646593,0.0,0.5507963267948965,0.0103,0.41259999999999997,False,-0.1569579135646593,-0.027656415216788546,0.0
-0.14977239715706794,0.04999986886994989,0.5507963267948965,0.0098,0.41259999999999997,False,-0.14977239715706794,-0.02760070237384745,0.04999986886994989
-0.14580195225460552,0.0999999761584327,0.5507963267948965,0.0095,0.41259999999999997,False,-0.14580195225460552,-0.027691001935263398,0.0999999761584327
-0.14368439984272505,2.3841835172788706e-07,0.5507963267948965,0.009300000000000001,0.41259999999999997,False,-0.14368439984272505,-0.027633831035816972,2.3841835172788706e-07
-0.13852796692698932,-0.04999986887012753,0.5507963267948965,0.0089,0.41259999999999997,False,-0.13852796692698932,-0.02754425620895617,-0.04999986887012753
-0.11991663456142582,0.10000009536781107,0.5507963267948965,0.0077,0.41259999999999997,False,-0.11991663456142582,-0.02763980638455998,0.10000009536781107
0.20835270657016638,0.1500000834470221,0.5507963267948965,-0.0134,0.41259999999999997,True,0.20835270657016638,-0.027993812544668924,0.1500000834470221
0.5664438378917387,0.15000008344687643,0.5407963267948965,-0.0364,0.41259999999999997,True,0.5664438378917387,-0.0278664745551208,0.15000008344687643
0.9230620388100699,0.2999996900571169,0.5207963267948965,-0.0592,0.41259999999999997,True,0.9230620388100699,-0.02770935251558616,0.2999996900571169
1.2783147564838802,0.3999999046334999,0.5007963267948965,-0.0818,0.41259999999999997,True,1.2783147564838802,-0.02729663743296279,0.3999999046334999
1.6370379143197507,0.45000042915377136,0.47079632679489647,-0.1043,0.41259999999999997,True,1.6370379143197507,-0.02665766133573793,0.45000042915377136
1.9964330257810956,0.5999996185323511,0.42079632679489665,-0.127,0.41259999999999997,True,1.9964330257810956,-0.025413645020193932,0.5999996185323511
2.1678661340213425,0.5999996185321201,0.3707963267948966,-0.1376,0.41259999999999997,True,2.1678661340213425,-0.023891539674518496,0.5999996185321201
2.174492331448625,0.6499994874026491,0.32079632679489656,-0.1375,0.41259999999999997,True,2.174492331448625,-0.022315018581010274,0.6499994874026491
2.184840454960761,0.7999998092670033,0.2507963267948965,-0.1375,0.41259999999999997,True,2.184840454960761,-0.020514680610975212,0.7999998092670033
2.189409808283029,0.8000007629397281,0.18079632679489666,-0.1375,0.41259999999999997,True,2.189409808283029,-0.01866531586452417,0.8000007629397281
2.1966534868954737,0.8499996781378627,0.1107963267948966,-0.1375,0.41259999999999997,True,2.1966534868954737,-0.016863773959962924,0.8499996781378627
2.2090708212971943,0.8999997854258872,0.020796326794896514,-0.1375,0.41259999999999997,True,2.2090708212971943,-0.014731151649808965,0.8999997854258872
2.2176059562289385,0.8499999165563317,6.223981633974483,-0.1375,0.41259999999999997,True,2.2176059562289385,-0.01278954797708413,0.8499999165563317
2.234213754139145,0.7999998092669998,6.143981633974483,-0.1375,0.41259999999999997,True,2.234213754139145,-0.01088319555615831,0.7999998092669998
2.249186339686204,0.8000007629397281,6.063981633974483,-0.1375,0.41259999999999997,True,2.249186339686204,-0.008795350209485861,0.8000007629397281
2.2744178067207783,0.7999998092679093,5.973981633974483,-0.1375,0.41259999999999997,True,2.2744178067207783,-0.0065785777834678205,0.7999998092679093
2.305454714940968,0.7999998092674545,5.893981633974483,-0.1375,0.41259999999999997,True,2.305454714940968,-0.004648742009608516,0.7999998092674545
2.344208463095726,0.7499999403978421,5.803981633974483,-0.1375,0.41259999999999997,True,2.344208463095726,-0.0020922076377612353,0.7499999403978421
2.386689192802002,0.6999998331086275,5.713981633974482,-0.1375,0.41259999999999997,True,2.386689192802002,0.0004052582100152424,0.6999998331086275
2.424584992608226,0.7000006675722616,5.633981633974482,-0.1375,0.41259999999999997,True,2.424584992608226,0.0030173789886684278,0.7000006675722616
2.4707145538781874,0.6999998331094233,5.543981633974482,-0.1375,0.41259999999999997,True,2.4707145538781874,0.0061563983714312,0.6999998331094233
2.5293309513287547,0.6499997258205745,5.453981633974482,-0.1375,0.41259999999999997,True,2.5293309513287547,0.00929584183946469,0.6499997258205745
2.5932617262726523,0.6999995946910715,5.363981633974483,-0.1375,0.41259999999999997,True,2.5932617262726523,0.012480926852206756,0.6999995946910715
2.6651264372357555,0.749999701978755,5.273981633974483,-0.1375,0.41259999999999997,True,2.6651264372357555,0.01604305633854216,0.749999701978755
2.7480457238075195,0.6500006198883597,5.183981633974483,-0.1375,0.41259999999999997,True,2.7480457238075195,0.019901059905876067,0.6500006198883597
2.8205626313813585,0.6999995946908388,5.103981633974483,-0.1375,0.41259999999999997,True,2.8205626313813585,0.023769541652786982,0.6999995946908388
2.877747596908159,0.7499997019790055,5.003981633974483,-0.1375,0.41259999999999997,True,2.877747596908159,0.028637447119286216,0.7499997019790055
2.936851247929195,0.6999998331094215,4.923981633974483,-0.1375,0.41259999999999997,True,2.936851247929195,0.03308593504609289,0.6999998331094215
2.9909035088116807,0.6999998331086239,4.833981633974483,-0.1375,0.41259999999999997,True,2.9909035088116807,0.037054904570874375,0.6999998331086239
3.043840846713513,0.7000006675722599,4.743981633974483,-0.1375,0.41259999999999997,True,3.043840846713513,0.040315781815852055,0.7000006675722599
3.088220299758045,0.6499999642394698,4.663981633974483,-0.1374,0.41259999999999997,True,3.088220299758045,0.04135767310827185,0.6499999642394698
3.130884981366998,0.7000000715274872,4.573981633974483,-0.1375,0.41259999999999997,True,3.130884981366998,0.0402664890659503,0.7000000715274872
3.16678104631893,0.7499999403978403,4.493981633974483,-0.1375,0.41259999999999997,True,3.16678104631893,0.03736427983380721,0.7499999403978403
3.1960280857079835,0.6499997258203773,4.403981633974483,-0.1375,0.41259999999999997,True,3.1960280857079835,0.03381101317310665,0.6499997258203773
3.2223147704163497,0.6500006198886972,4.333981633974483,-0.1375,0.41259999999999997,True,3.2223147704163497,0.030285463531188148,0.6500006198886972
3.2492282957527956,0.6999998331094215,4.243981633974483,-0.1374,0.41259999999999997,True,3.2492282957527956,0.026523780988575194,0.6999998331094215
3.2723751356578363,0.5999996185321272,4.163981633974483,-0.1374,0.41259999999999997,True,3.2723751356578363,0.023550044878645364,0.5999996185321272
3.2826664716251424,0.5999996185325802,4.083981633974483,-0.1375,0.41259999999999997,True,3.2826664716251424,0.020735880259364476,0.5999996185325802
3.2819680533184385,0.6999998331086275,3.993981633974483,-0.1375,0.41259999999999997,True,3.2819680533184385,0.018251762789775274,0.6999998331086275
3.2715374822649617,0.7000006675722616,3.913981633974483,-0.1374,0.41259999999999997,True,3.2715374822649617,0.016074820166195835,0.7000006675722616
3.260514914601921,0.6499999642394645,3.833981633974483,-0.1374,0.41259999999999997,True,3.260514914601921,0.0142834537431634,0.6499999642394645
3.189436919495738,0.6499999642390399,3.763981633974483,-0.1348,0.41259999999999997,True,3.189436919495738,0.012569932832062085,0.6499999642390399
3.179994259073837,0.5500002264992165,3.6939816339744826,-0.1348,0.41259999999999997,True,3.179994259073837,0.010961289914760391,0.5500002264992165
3.096206783218905,0.5000001192099983,3.633981633974483,-0.1313,0.41259999999999997,True,3.096206783218905,0.00943194326035443,0.5000001192099983
3.0028594123770227,0.5500005245208932,3.5639816339744828,-0.1272,0.41259999999999997,True,3.0028594123770227,0.00800414856955034,0.5500005245208932
2.9190733456583087,0.4500000119224943,3.4939816339744825,-0.12369999999999999,0.41259999999999997,True,2.9190733456583087,0.006577245478307529,0.4500000119224943
2.8435629993352016,0.5000001192106236,3.433981633974483,-0.1211,0.41259999999999997,True,2.8435629993352016,0.005440174087595732,0.5000001192106236
2.797416193099896,0.5000001192107923,3.3639816339744826,-0.12,0.41259999999999997,True,2.797416193099896,0.004437093192234019,0.5000001192107923
2.680498307805387,0.45000001192175,3.3139816339744828,-0.1157,0.41259999999999997,True,2.680498307805387,0.0036939256177902636,0.45000001192175
2.5795134202583685,0.500000476837327,3.2739816339744827,-0.11230000000000001,0.41259999999999997,True,2.5795134202583685,0.0028052592613119513,0.500000476837327
2.4837186583866537,0.4000001430525355,3.2339816339744827,-0.109,0.41259999999999997,True,2.4837186583866537,0.002257315205512263,0.4000001430525355
2.406857348282663,0.24999982118685082,3.1939816339744826,-0.10619999999999999,0.41259999999999997,True,2.406857348282663,0.0015520290706527735,0.24999982118685082
2.360986590899608,0.2999996900571169,3.1539816339744826,-0.10460000000000001,0.41259999999999997,True,2.360986590899608,0.0005469931267715587,0.2999996900571169
2.292425040630403,0.39999990463350166,3.103981633974483,-0.1024,0.41259999999999997,True,2.292425040630403,-0.0004688042395944227,0.39999990463350166
2.254793902246364,0.300000286102053,3.0739816339744825,-0.1012,0.41259999999999997,True,2.254793902246364,-0.0012766350313214306,0.300000286102053
2.168124061926525,0.24999982118693076,3.0239816339744827,-0.0977,0.41259999999999997,True,2.168124061926525,-0.0023113622442429136,0.24999982118693076
2.105570227342143,0.29999992847529455,2.9839816339744827,-0.09519999999999999,0.41259999999999997,True,2.105570227342143,-0.00357099824777114,0.29999992847529455
2.0532803375542295,0.25000005960539706,2.9539816339744824,-0.0933,0.41259999999999997,True,2.0532803375542295,-0.00454957906662911,0.25000005960539706
2.0042640498274635,0.2500000596050036,2.9139816339744824,-0.09140000000000001,0.41259999999999997,True,2.0042640498274635,-0.00545626364534253,0.2500000596050036
1.9449356881602835,0.30000028610239493,2.893981633974483,-0.0891,0.41259999999999997,True,1.9449356881602835,-0.006518383765484417,0.30000028610239493
1.8848831091307947,0.20000019073555642,2.8639816339744826,-0.08689999999999999,0.41259999999999997,True,1.8848831091307947,-0.007076726530542901,0.20000019073555642
1.8243949052981865,0.15000008344688176,2.833981633974483,-0.0849,0.41259999999999997,True,1.8243949052981865,-0.00781632566121874,0.15000008344688176
1.7819757183061964,0.1999999523169782,2.8139816339744828,-0.0836,0.41259999999999997,True,1.7819757183061964,-0.008550835713804376,0.1999999523169782
1.7164782373289738,0.19999995231674994,2.7839816339744825,-0.0816,0.41259999999999997,True,1.7164782373289738,-0.0094867670288269,0.19999995231674994
1.6548057163015681,0.20000019073493114,2.763981633974483,-0.07980000000000001,0.41259999999999997,True,1.6548057163015681,-0.010225657417773959,0.20000019073493114
1.6120095742059941,0.24999982118693165,2.7339816339744827,-0.0787,0.41259999999999997,True,1.6120095742059941,-0.011203636069295666,0.24999982118693165
1.5697597892607715,0.24999982118684638,2.723981633974483,-0.0768,0.41259999999999997,True,1.5697597892607715,-0.011915469144900277,0.24999982118684638
1.4996587081895671,0.15000008344691018,2.7039816339744824,-0.0739,0.41259999999999997,True,1.4996587081895671,-0.012842350778893605,0.15000008344691018
1.4531750266582135,0.15000008344662152,2.673981633974483,-0.0721,0.41259999999999997,True,1.4531750266582135,-0.014089507621385042,0.15000008344662152
1.4207402254589132,0.20000019073493114,2.6539816339744826,-0.0707,0.41259999999999997,True,1.4207402254589132,-0.014960273301885117,0.20000019073493114
1.3732863025131032,0.19999995231697731,2.643981633974483,-0.069,0.41259999999999997,True,1.3732863025131032,-0.015519470336359786,0.19999995231697731
1.3143473275351585,0.19999995231686452,2.6239816339744824,-0.06709999999999999,0.41259999999999997,True,1.3143473275351585,-0.0166009974238501,0.19999995231686452
1.2633337282417225,0.1999999523169782,2.603981633974483,-0.065,0.41259999999999997,True,1.2633337282417225,-0.017674087588766693,0.1999999523169782
1.240506449781091,0.1499998450285016,2.603981633974483,-0.0635,0.41259999999999997,True,1.240506449781091,-0.018242925860161224,0.1499998450285016
1.193607464967314,0.10000009536746823,2.593981633974483,-0.061200000000000004,0.41259999999999997,True,1.193607464967314,-0.018615333127175622,0.10000009536746823
1.1598589637156602,0.05000010728853255,2.593981633974483,-0.0599,0.41259999999999997,True,1.1598589637156602,-0.01951414340486299,0.05000010728853255
1.136155814318668,0.05000010728844817,2.583981633974483,-0.058600000000000006,0.41259999999999997,True,1.136155814318668,-0.01999070461214168,0.05000010728844817
1.1113145267908238,0.09999997615848688,2.583981633974483,-0.057699999999999994,0.41259999999999997,True,1.1113145267908238,-0.020373646870761247,0.09999997615848688
1.0840794112472967,0.049999868870123976,2.5739816339744825,-0.0567,0.41259999999999997,True,1.0840794112472967,-0.020882203601004675,0.049999868870123976
1.069218928848127,0.05000004768390642,2.5739816339744825,-0.055999999999999994,0.41259999999999997,True,1.069218928848127,-0.021515259014915446,0.05000004768390642
1.061315305554579,0.05000010728853699,2.5639816339744828,-0.0554,0.41259999999999997,True,1.061315305554579,-0.021951613431142946,0.05000010728853699
1.04484483757121,-0.05000010728845261,2.553981633974483,-0.054400000000000004,0.41259999999999997,True,1.04484483757121,-0.02245605128096898,-0.05000010728845261
1.0388282113702674,-2.3841835172788706e-07,2.543981633974483,-0.0542,0.41259999999999997,True,1.0388282113702674,-0.02292717347194576,-2.3841835172788706e-07
1.0306329324250354,0.09999997615837763,2.543981633974483,-0.053899999999999997,0.41259999999999997,True,1.0306329324250354,-0.023327483861762918,0.09999997615837763
1.0098891741053972,0.10000009536746379,2.5339816339744825,-0.053,0.41259999999999997,True,1.0098891741053972,-0.023880610919416408,0.10000009536746379
0.9813121820042879,0.09999997615848599,2.5339816339744825,-0.0519,0.41259999999999997,True,0.9813121820042879,-0.024244856298270105,0.09999997615848599
0.9675929429276896,0.15000008344688265,2.5239816339744827,-0.0512,0.41259999999999997,True,0.9675929429276896,-0.024531005398605556,0.15000008344688265
0.9442673581378321,0.15000008344691018,2.5239816339744827,-0.049800000000000004,0.41259999999999997,True,0.9442673581378321,-0.024955956623075398,0.15000008344691018
0.9292874270105089,-2.3841812524239003e-07,2.5239816339744827,-0.048600000000000004,0.41259999999999997,True,0.9292874270105089,-0.02519105095306581,-2.3841812524239003e-07
0.9325435783564917,3.4017233474514796e-13,2.513981633974483,-0.0481,0.41259999999999997,True,0.9325435783564917,-0.025477058335190376,3.4017233474514796e-13
0.9077458472034016,0.09999997615848688,2.503981633974483,-0.04650000000000001,0.41259999999999997,True,0.9077458472034016,-0.026145365413536552,0.09999997615848688
0.8901118616208461,0.15000008344688176,2.4939816339744825,-0.045700000000000005,0.41259999999999997,True,0.8901118616208461,-0.026747697810784128,0.15000008344688176
0.8508535617168282,0.10000021457684305,2.4839816339744827,-0.0441,0.41259999999999997,True,0.8508535617168282,-0.027336656455388776,0.10000021457684305
0.7997666305195898,0.0,2.4839816339744827,-0.04190000000000001,0.41259999999999997,True,0.7997666305195898,-0.02778385586438,0.0
0.7737611684104982,0.05000004768390198,2.473981633974483,-0.0409,0.41259999999999997,True,0.7737611684104982,-0.028202248947806374,0.05000004768390198
0.7513268416976494,0.05000010728853255,2.473981633974483,-0.039900000000000005,0.41259999999999997,True,0.7513268416976494,-0.02856853474370919,0.05000010728853255
0.7301576164159588,0.05000010728844728,2.463981633974483,-0.038900000000000004,0.41259999999999997,True,0.7301576164159588,-0.028906783260283266,0.05000010728844728
0.7168249843027246,0.05000010728841886,2.463981633974483,-0.0384,0.41259999999999997,True,0.7168249843027246,-0.029382904365839506,0.05000010728841886
0.688043733765767,0.05000010728824833,2.4539816339744824,-0.0371,0.41259999999999997,True,0.688043733765767,-0.02978336933130053,0.05000010728824833
0.661169345513644,0.05000004768356092,2.4539816339744824,-0.0362,0.41259999999999997,True,0.661169345513644,-0.030486069297349438,0.05000004768356092
0.6373405963102133,0.0,2.4539816339744824,-0.035,0.41259999999999997,True,0.6373405963102133,-0.030715989303104874,0.0
0.6277884206106381,-0.05000010728844728,2.463981633974483,-0.0344,0.41259999999999997,True,0.6277884206106381,-0.030968684312516318,-0.05000010728844728
0.6134784115221067,-2.3841835172788706e-07,2.4539816339744824,-0.0337,0.41259999999999997,True,0.6134784115221067,-0.03140012219560526,-2.3841835172788706e-07
0.6084780012149447,-2.3841812435421161e-07,2.463981633974483,-0.0335,0.41259999999999997,True,0.6084780012149447,-0.03175620368373669,-2.3841812435421161e-07
0.5980867635250168,-0.05000004768356181,2.463981633974483,-0.0331,0.41259999999999997,True,0.5980867635250168,-0.03223447779600504,-0.05000004768356181
0.5910661025338905,-8.881784197001252e-16,2.463981633974483,-0.0329,0.41259999999999997,True,0.5910661025338905,-0.03271095050219862,-8.881784197001252e-16
0.5866083726757079,0.0,2.463981633974483,-0.0329,0.41259999999999997,True,0.5866083726757079,-0.03298832022283652,0.0
0.5708454614476435,0.0,2.473981633974483,-0.032400000000000005,0.41259999999999997,True,0.5708454614476435,-0.03351238373882571,0.0
0.5524758165972973,-0.05000010728824922,2.4839816339744827,-0.0318,0.41259999999999997,True,0.5524758165972973,-0.034108150146339826,-0.05000010728824922
0.5501048457924935,-0.05000004768356181,2.4839816339744827,-0.0318,0.41259999999999997,True,0.5501048457924935,-0.03435923665087739,-0.05000004768356181
0.552059737703486,0.0,2.4939816339744825,-0.032,0.41259999999999997,True,0.552059737703486,-0.03433219529277831,0.0
0.5562117986506734,0.0,2.513981633974483,-0.0323,0.41259999999999997,True,0.5562117986506734,-0.034333269743767665,0.0
0.5516100319697035,0.0,2.5239816339744827,-0.0318,0.41259999999999997,True,0.5516100319697035,-0.03420880826011872,0.0
0.5364370104719312,-0.05000010728824922,2.5339816339744825,-0.030600000000000002,0.41259999999999997,True,0.5364370104719312,-0.03388874760245195,-0.05000010728824922
0.5401110221905684,-0.15000014305137022,2.543981633974483,-0.0308,0.41259999999999997,True,0.5401110221905684,-0.03381823957064452,-0.15000014305137022
0.5535866303834882,-0.1999999523169782,2.553981633974483,-0.0317,0.41259999999999997,True,0.5535866303834882,-0.03407890787792982,-0.1999999523169782
0.5640702393622573,-0.1499998450284119,2.553981633974483,-0.0323,0.41259999999999997,True,0.5640702393622573,-0.03425879232457122,-0.1499998450284119
0.5801023473848791,-0.09999997615849132,2.5639816339744828,-0.0332,0.41259999999999997,True,0.5801023473848791,-0.03423986737403159,-0.09999997615849132
0.5914977733362123,-0.09999997615837763,2.5739816339744825,-0.034,0.41259999999999997,True,0.5914977733362123,-0.034413334951993765,-0.09999997615837763
0.6050200253592102,-0.05000004768356092,2.583981633974483,-0.0348,0.41259999999999997,True,0.6050200253592102,-0.034424250375907524,-0.05000004768356092
0.6058916151456567,0.0,2.583981633974483,-0.0348,0.41259999999999997,True,0.6058916151456567,-0.034360638161922266,0.0
0.6214252859737294,8.881784197001252e-16,2.603981633974483,-0.0356,0.41259999999999997,True,0.6214252859737294,-0.03419429891530155,8.881784197001252e-16
0.6128562658248735,-0.04999986887006802,2.603981633974483,-0.035,0.41259999999999997,True,0.6128562658248735,-0.034009035035350056,-0.04999986887006802
0.613873070239933,-0.15000008344662596,2.6139816339744826,-0.035,0.41259999999999997,True,0.613873070239933,-0.0337206162539081,-0.15000008344662596
0.6168290486166642,-0.10000009536712806,2.6239816339744824,-0.0353,0.41259999999999997,True,0.6168290486166642,-0.033931532968807215,-0.10000009536712806
0.6198673976560768,-0.049999868869954334,2.6239816339744824,-0.035699999999999996,0.41259999999999997,True,0.6198673976560768,-0.03418647001297865,-0.049999868869954334
0.6315225367190768,-0.09999997615842915,2.6239816339744824,-0.0366,0.41259999999999997,True,0.6315225367190768,-0.03447559739893333,-0.09999997615842915
0.6323515760283761,-0.05000010728841886,2.633981633974483,-0.0366,0.41259999999999997,True,0.6323515760283761,-0.03456294186076493,-0.05000010728841886
0.6489128449320714,0.0,2.643981633974483,-0.0375,0.41259999999999997,True,0.6489128449320714,-0.03452322591621393,0.0
0.646767913968321,0.0,2.643981633974483,-0.0375,0.41259999999999997,True,0.646767913968321,-0.03466850513897533,0.0
0.638391113306661,-0.049999868869954334,2.6539816339744826,-0.0371,0.41259999999999997,True,0.638391113306661,-0.034795650722476604,-0.049999868869954334
0.6345182016639764,-0.04999986886998187,2.6639816339744824,-0.0368,0.41259999999999997,True,0.6345182016639764,-0.03468391633939638,-0.04999986886998187
0.6406458509624617,0.0,2.6639816339744824,-0.037200000000000004,0.41259999999999997,True,0.6406458509624617,-0.03468041119110977,0.0
0.6353737090339894,0.0,2.673981633974483,-0.0369,0.41259999999999997,True,0.6353737090339894,-0.03476590252399185,0.0
0.6309250748674776,-0.05000004768390731,2.673981633974483,-0.0365,0.41259999999999997,True,0.6309250748674776,-0.034859341992053566,-0.05000004768390731
0.6324112287690258,-0.09999997615849221,2.673981633974483,-0.0364,0.41259999999999997,True,0.6324112287690258,-0.034894623467863733,-0.09999997615849221
0.627754769910627,-0.09999997615843004,2.673981633974483,-0.0363,0.41259999999999997,True,0.627754769910627,-0.0352895913791651,-0.09999997615843004
0.6356885159554976,-0.05000010728841975,2.6639816339744824,-0.0371,0.41259999999999997,True,0.6356885159554976,-0.035935710010205055,-0.05000010728841975
0.6213824156305513,0.10000021457649666,2.6639816339744824,-0.036699999999999997,0.41259999999999997,True,0.6213824156305513,-0.036561047619648734,0.10000021457649666
0.6286324793701266,0.15000014305102916,2.6639816339744824,-0.037200000000000004,0.41259999999999997,True,0.6286324793701266,-0.03673107634050071,0.15000014305102916
0.6265521533451086,-0.04999963045137523,2.673981633974483,-0.0371,0.41259999999999997,True,0.6265521533451086,-0.03665039147099785,-0.04999963045137523
0.5867954645799328,-0.19999995231686363,2.673981633974483,-0.0348,0.41259999999999997,True,0.5867954645799328,-0.03665052286542162,-0.19999995231686363
0.5707880492188425,-0.10000021457683861,2.673981633974483,-0.0338,0.41259999999999997,True,0.5707880492188425,-0.0365229087168947,-0.10000021457683861
0.5823865125036221,0.05000010728824833,2.683981633974483,-0.0346,0.41259999999999997,True,0.5823865125036221,-0.0367020556813871,0.05000010728824833
0.5905697252633074,-0.05000004768424837,2.6939816339744826,-0.0353,0.41259999999999997,True,0.5905697252633074,-0.03686633965129641,-0.05000004768424837
0.5879870202773163,-0.24999982118693165,2.7039816339744824,-0.0354,0.41259999999999997,True,0.5879870202773163,-0.03689071505968717,-0.24999982118693165
0.582937833031613,-0.24999982118684638,2.713981633974483,-0.0354,0.41259999999999997,True,0.582937833031613,-0.037041041208957036,-0.24999982118684638
0.5892502555109852,-0.15000008344691018,2.713981633974483,-0.0362,0.41259999999999997,True,0.5892502555109852,-0.03757284224270906,-0.15000008344691018
0.5998870792050701,-0.1500000834466224,2.723981633974483,-0.0373,0.41259999999999997,True,0.5998870792050701,-0.03802354063594824,-0.1500000834466224
0.43093194869156776,-0.20000019073493203,2.7339816339744827,-0.0268,0.41259999999999997,True,0.43093194869156776,-0.038149608471878635,-0.20000019073493203
0.05655699933568646,-0.29999969005688953,2.753981633974483,-0.0034999999999999996,0.41259999999999997,True,0.05655699933568646,-0.0377643111621935,-0.29999969005688953
-0.3111468252710671,-0.5000001192106236,2.7739816339744827,0.0192,0.41259999999999997,False,-0.3111468252710671,-0.037221806223435835,-0.5000001192106236
-0.6770172984883727,-0.6499997258210009,2.803981633974483,0.04190000000000001,0.41259999999999997,False,-0.6770172984883727,-0.036615109292813176,-0.6499997258210009
-1.0380684187800833,-0.5999996185321272,2.833981633974483,0.0646,0.41259999999999997,False,-1.0380684187800833,-0.03625618802276336,-0.5999996185321272
-1.3925120104944029,-0.6500006198890382,2.883981633974483,0.0872,0.41259999999999997,False,-1.3925120104944029,-0.03569296449988963,-0.6500006198890382
-1.7377778516548286,-0.8499996781378663,2.9439816339744826,0.1097,0.41259999999999997,False,-1.7377778516548286,-0.03467003459172907,-0.8499996781378663
-2.0923548550480113,-0.7999995708489909,3.0239816339744827,0.1324,0.41259999999999997,False,-2.0923548550480113,-0.0332539999629756,-0.7999995708489909
-2.180564345995829,-0.8499994397196264,3.103981633974483,0.1375,0.41259999999999997,False,-2.180564345995829,-0.031566962149312185,-0.8499994397196264
-2.1863029241378973,-0.8999995470072495,3.1939816339744826,0.1374,0.41259999999999997,False,-2.1863029241378973,-0.029774907176551416,-0.8999995470072495
-2.203516680942319,-0.9000008583075374,3.2839816339744825,0.1374,0.41259999999999997,False,-2.203516680942319,-0.028003100679097715,-0.9000008583075374
-2.2501822100099003,-0.9499998927149349,3.383981633974483,0.1374,0.41259999999999997,False,-2.2501822100099003,-0.025608051334177814,-0.9499998927149349
-2.300743714686653,-0.9499998927143345,3.4839816339744827,0.1374,0.41259999999999997,False,-2.300743714686653,-0.023375209615986884,-0.9499998927143345
-2.342040881568318,-0.9499998927148194,3.583981633974483,0.1374,0.41259999999999997,False,-2.342040881568318,-0.02085075227238859,-0.9499998927148194
-2.371297825841537,-0.8499996781371273,3.683981633974483,0.1374,0.41259999999999997,False,-2.371297825841537,-0.018355929659605714,-0.8499996781371273
-2.419528930260689,-0.9500009059914376,3.7839816339744825,0.1374,0.41259999999999997,False,-2.419528930260689,-0.015650907784915045,-0.9500009059914376
-2.474025152671856,-1.049999868873421,3.8839816339744826,0.1374,0.41259999999999997,False,-2.474025152671856,-0.012101675361850363,-1.049999868873421
-2.523234499631929,-0.8999995470074236,3.993981633974483,0.1374,0.41259999999999997,False,-2.523234499631929,-0.008390223406918638,-0.8999995470074236
-2.567703895238597,-0.799999809267911,4.083981633974483,0.1374,0.41259999999999997,False,-2.567703895238597,-0.004164615413258924,-0.799999809267911
-2.6238743563079914,-0.799999809266998,4.193981633974483,0.1374,0.41259999999999997,False,-2.6238743563079914,0.0013984097967974102,-0.799999809266998
-2.677431510802396,-0.8000007629397263,4.303981633974483,0.1374,0.41259999999999997,False,-2.677431510802396,0.007311717848712827,-0.8000007629397263
-2.7221788837172083,-0.799999809267911,4.403981633974483,0.1374,0.41259999999999997,False,-2.7221788837172083,0.013794622648736965,-0.799999809267911
-2.7766280050134156,-0.7999998092674563,4.513981633974483,0.1374,0.41259999999999997,False,-2.7766280050134156,0.02207925947992885,-0.7999998092674563
-2.834839270986661,-0.7999998092679128,4.623981633974482,0.1374,0.41259999999999997,False,-2.834839270986661,0.03020486662153656,-0.7999998092679128
-2.8839105916103076,-0.9000000238434982,4.723981633974483,0.1374,0.41259999999999997,False,-2.8839105916103076,0.03694432442831152,-0.9000000238434982
-2.9302178615400347,-0.9500009059907519,4.833981633974483,0.1374,0.41259999999999997,False,-2.9302178615400347,0.041513329598872155,-0.9500009059907519
-2.9636153854283003,-0.8499999165564454,4.943981633974483,0.1374,0.41259999999999997,False,-2.9636153854283003,0.04306777805778868,-0.8499999165564454
-2.9949115082697526,-0.8499999165559053,5.043981633974482,0.1374,0.41259999999999997,False,-2.9949115082697526,0.04230058975484955,-0.8499999165559053
-2.9915034214448886,-0.8999997854263952,5.143981633974483,0.1374,0.41259999999999997,False,-2.9915034214448886,0.040932741513372624,-0.8999997854263952
-3.0118940405376873,-0.8999997854253756,5.243981633974483,0.1374,0.41259999999999997,False,-3.0118940405376873,0.038811847400296876,-0.8999997854253756
-3.0256121647271543,-0.950000905991093,5.333981633974483,0.1374,0.41259999999999997,False,-3.0256121647271543,0.036913118862248476,-0.950000905991093
-3.0143754469921245,-0.8500001549750245,5.413981633974483,0.1374,0.41259999999999997,False,-3.0143754469921245,0.0353275937388017,-0.8500001549750245
-3.005765359468401,-0.6999998331090289,5.503981633974483,0.1374,0.41259999999999997,False,-3.005765359468401,0.03372509700897931,-0.6999998331090289
-2.958204993582794,-0.6499999642393526,5.593981633974483,0.1374,0.41259999999999997,False,-2.958204993582794,0.03268540479850628,-0.6499999642393526
-2.892511132283392,-0.6499999642384964,5.683981633974483,0.1367,0.41259999999999997,False,-2.892511132283392,0.03135140657141499,-0.6499999642384964
-2.872974088311374,-0.6500006198883526,5.763981633974483,0.1346,0.41259999999999997,False,-2.872974088311374,0.029490843221422522,-0.6500006198883526
-2.8798205847760108,-0.6999995946908442,5.843981633974483,0.1326,0.41259999999999997,False,-2.8798205847760108,0.027479916325719864,-0.6999995946908442
-2.8376746650308404,-0.69999959469056,5.923981633974483,0.1305,0.41259999999999997,False,-2.8376746650308404,0.0255455927818992,-0.69999959469056
-2.6849603062160248,-0.549999988080863,5.9939816339744825,0.12539999999999998,0.41259999999999997,False,-2.6849603062160248,0.024373091703268568,-0.549999988080863
-2.5636407372450307,-0.5499999880801205,6.0739816339744825,0.12140000000000001,0.41259999999999997,False,-2.5636407372450307,0.023235236964182508,-0.5499999880801205
-2.4627543559972205,-0.6000005722047916,6.153981633974483,0.1189,0.41259999999999997,False,-2.4627543559972205,0.022090812315427918,-0.6000005722047916
-2.3333218585206823,-0.5999998569509337,6.233981633974483,0.11470000000000001,0.41259999999999997,False,-2.3333218585206823,0.02122426201692948,-0.5999998569509337
-2.2182615999128834,-0.6499999642390399,0.020796326794896514,0.1103,0.41259999999999997,False,-2.2182615999128834,0.020424346562611658,-0.6499999642390399
-2.1293734028598226,-0.7499997019794868,0.09079632679489658,0.1059,0.41259999999999997,False,-2.1293734028598226,0.01935649909399117,-0.7499997019794868
-2.038889284514611,-0.5999993801139993,0.14079632679489662,0.1016,0.41259999999999997,False,-2.038889284514611,0.018302826398266994,-0.5999993801139993
-1.910318768274141,-0.4000003814698623,0.18079632679489666,0.0956,0.41259999999999997,False,-1.910318768274141,0.017042527083106333,-0.4000003814698623
-1.7620479074560045,-0.39999990463395463,0.2407963267948965,0.0892,0.41259999999999997,False,-1.7620479074560045,0.01569728737661316,-0.39999990463395463
-1.7189745459553527,-0.3499997973452835,0.29079632679489653,0.08800000000000001,0.41259999999999997,False,-1.7189745459553527,0.014323374160248419,-0.3499997973452835
-1.6095170105753989,-0.2999999284754651,0.3407963267948966,0.08310000000000001,0.41259999999999997,False,-1.6095170105753989,0.012999797975356619,-0.2999999284754651
-1.544941710008055,-0.2999999284751276,0.3907963267948966,0.0819,0.41259999999999997,False,-1.544941710008055,0.011675761015977051,-0.2999999284751276
-1.4308545837617923,-0.30000028610239227,0.43079632679489666,0.0776,0.41259999999999997,False,-1.4308545837617923,0.01077740230593213,-0.30000028610239227
-1.3592756779648258,-0.2999999284754651,0.47079632679489647,0.0745,0.41259999999999997,False,-1.3592756779648258,0.009810781997840497,-0.2999999284754651
-1.3000722052708058,-0.40000014305219267,0.5107963267948965,0.071,0.41259999999999997,False,-1.3000722052708058,0.00861437723570076,-0.40000014305219267
-1.266650337765577,-0.40000014305230636,0.5507963267948965,0.0688,0.41259999999999997,False,-1.266650337765577,0.007477972939954347,-0.40000014305230636
-1.1915184983146105,-0.24999982118687925,0.5707963267948966,0.0647,0.41259999999999997,False,-1.1915184983146105,0.006288412579691826,-0.24999982118687925
-1.1062826502848102,-0.3000002861027333,0.6007963267948966,0.0601,0.41259999999999997,False,-1.1062826502848102,0.0053570498462747205,-0.3000002861027333
-1.0633636769892687,-0.3000001668940442,0.6307963267948966,0.057699999999999994,0.41259999999999997,False,-1.0633636769892687,0.004155987718784445,-0.3000001668940442
-0.9672211538008035,-0.35000027418221435,0.6407963267948965,0.052300000000000006,0.41259999999999997,False,-0.9672211538008035,0.003205328551845184,-0.35000027418221435
-0.9362770520215845,-0.300000405312165,0.6507963267948965,0.0504,0.41259999999999997,False,-0.9362770520215845,0.0026826612828828897,-0.300000405312165
-0.910837386764694,-0.15000008344662774,0.6607963267948965,0.0487,0.41259999999999997,False,-0.910837386764694,0.0017288265958820593,-0.15000008344662774
-0.7818339082040144,-0.20000019073492936,0.6807963267948965,0.042199999999999994,0.41259999999999997,False,-0.7818339082040144,0.0006326781950082473,-0.20000019073492936
-0.731714039604867,-0.15000008344702565,0.7107963267948966,0.04,0.41259999999999997,False,-0.731714039604867,-0.0001350378369061694,-0.15000008344702565
-0.6926514566853391,-0.15000008344688354,0.7307963267948966,0.038,0.41259999999999997,False,-0.6926514566853391,-0.0012601297860120391,-0.15000008344688354
-0.6390288514127104,-0.24999982118704267,0.7507963267948966,0.0349,0.41259999999999997,False,-0.6390288514127104,-0.0021121468269327285,-0.24999982118704267
-0.6063829110400147,-0.1999997138986238,0.7607963267948965,0.0333,0.41259999999999997,False,-0.6063829110400147,-0.002900698023679125,-0.1999997138986238
-0.5545635355895427,-0.15000014305136844,0.7807963267948965,0.0305,0.41259999999999997,False,-0.5545635355895427,-0.003769016016706398,-0.15000014305136844
-0.532634586424457,-0.24999982118693254,0.7907963267948965,0.0291,0.41259999999999997,False,-0.532634586424457,-0.004686133480679664,-0.24999982118693254
-0.45455073858283845,-0.19999971389839644,0.8107963267948965,0.024700000000000003,0.41259999999999997,False,-0.45455073858283845,-0.005419865644588826,-0.19999971389839644
-0.4070906027002887,-0.05000010728841886,0.8207963267948966,0.022099999999999998,0.41259999999999997,False,-0.4070906027002887,-0.006692623871131319,-0.05000010728841886
-0.3414784787611016,-0.10000021457650021,0.8407963267948966,0.0184,0.41259999999999997,False,-0.3414784787611016,-0.008153274797689168,-0.10000021457650021
-0.3132850294989914,-0.15000014305102738,0.8607963267948966,0.0168,0.41259999999999997,False,-0.3132850294989914,-0.009090026436356072,-0.15000014305102738
-0.29804871532596017,-0.09999997615848955,0.8707963267948966,0.016,0.41259999999999997,False,-0.29804871532596017,-0.009992668194229977,-0.09999997615848955
-0.25420896924553527,-0.09999997615843625,0.8807963267948966,0.013600000000000001,0.41259999999999997,False,-0.25420896924553527,-0.01085635875585921,-0.09999997615843625
-0.18416196082023634,-0.05000010728842241,0.8907963267948965,0.0098,0.41259999999999997,False,-0.18416196082023634,-0.01175662583939443,-0.05000010728842241
-0.16829311613324055,0.05000010728825188,0.9007963267948965,0.0089,0.41259999999999997,False,-0.16829311613324055,-0.012385388029071633,0.05000010728825188
-0.13006263479715202,-3.375077994860476e-13,0.9107963267948965,0.0069,0.41259999999999997,False,-0.13006263479715202,-0.012895090492031103,-3.375077994860476e-13
-0.10214025798412459,-0.14999984502844654,0.9107963267948965,0.0054,0.41259999999999997,False,-0.10214025798412459,-0.012908340246342073,-0.14999984502844654
-0.08856267211440806,-0.14999984502841457,0.9107963267948965,0.004699999999999999,0.41259999999999997,False,-0.08856267211440806,-0.013253814423027786,-0.14999984502841457
-0.05259694768551353,-0.05000010728841531,0.9107963267948965,0.0028000000000000004,0.41259999999999997,False,-0.05259694768551353,-0.013533829801630844,-0.05000010728841531
-0.0,-0.050000107288255435,0.9107963267948965,0.0,0.41259999999999997,False,-0.0,-0.013752704643948944,-0.050000107288255435
0.007561928107109984,-0.050000047683564475,0.9207963267948965,-0.0004,0.41259999999999997,True,0.007561928107109984,-0.013974672354165538,-0.050000047683564475
0.028307555525058304,-3.552713678800501e-15,0.9207963267948965,-0.0015,0.41259999999999997,True,0.028307555525058304,-0.01446536473057442,-3.552713678800501e-15
0.0603797623007006,-3.552713678800501e-15,0.9207963267948965,-0.0032,0.41259999999999997,True,0.0603797623007006,-0.015034797259356955,-3.552713678800501e-15
0.07614577891530319,0.0,0.9207963267948965,-0.004,0.41259999999999997,True,0.07614577891530319,-0.01550893492634658,0.0
0.09528851838712861,0.050000107288255435,0.9207963267948965,-0.005,0.41259999999999997,True,0.09528851838712861,-0.015835216029908353,0.050000107288255435
0.11532872808898874,0.05000004768356803,0.9207963267948965,-0.0060999999999999995,0.41259999999999997,True,0.11532872808898874,-0.016308449692187494,0.05000004768356803
0.12573408504561567,0.0,0.9207963267948965,-0.0067,0.41259999999999997,True,0.12573408504561567,-0.01662598934054155,0.0
0.134166782568856,0.05000010728844728,0.9107963267948965,-0.0072,0.41259999999999997,True,0.134166782568856,-0.016624615135023352,0.05000010728844728
0.1394063646361895,0.14999984502855668,0.9007963267948965,-0.0076,0.41259999999999997,True,0.1394063646361895,-0.016782302826554723,0.14999984502855668
0.1371175680121863,0.14999984502849983,0.9007963267948965,-0.0076,0.41259999999999997,True,0.1371175680121863,-0.01698850556230334,0.14999984502849983
0.13892386503587917,0.150000143051372,0.8907963267948965,-0.0077,0.41259999999999997,True,0.13892386503587917,-0.016894875883105863,0.150000143051372
0.12222312228018106,0.15000008344701854,0.8707963267948966,-0.0068000000000000005,0.41259999999999997,True,0.12222312228018106,-0.016701582150466784,0.15000008344701854
0.11809224670542957,0.15000008344687998,0.8607963267948966,-0.0066,0.41259999999999997,True,0.11809224670542957,-0.016607369913119643,0.15000008344687998
0.10535566100727438,0.24999982118704622,0.8507963267948966,-0.0059,0.41259999999999997,True,0.10535566100727438,-0.016462626919515253,0.24999982118704622
0.08714950378671224,0.19999971389862736,0.8407963267948966,-0.0049,0.41259999999999997,True,0.08714950378671224,-0.016595987811108548,0.19999971389862736
0.060252724371545184,0.150000143051372,0.8307963267948966,-0.0034000000000000002,0.41259999999999997,True,0.060252724371545184,-0.016385954952188773,0.150000143051372
0.03855589183441641,0.1500000834470221,0.8207963267948966,-0.0022,0.41259999999999997,True,0.03855589183441641,-0.016470223645734666,0.1500000834470221
0.02264857661646623,0.15000008344687998,0.8107963267948965,-0.0013,0.41259999999999997,True,0.02264857661646623,-0.016560117821360142,0.15000008344687998
0.005212557727603493,0.19999995231697554,0.8007963267948965,-0.0003,0.41259999999999997,True,0.005212557727603493,-0.016590247294433237,0.19999995231697554
-0.00172846228674631,0.1499998450285034,0.7907963267948965,0.0001,0.41259999999999997,False,-0.00172846228674631,-0.016565681820269573,0.1499998450285034
-0.030937917205478227,0.05000004768356803,0.7807963267948965,0.0018,0.41259999999999997,False,-0.030937917205478227,-0.0165567596284264,0.05000004768356803
-0.041158844653687576,0.04999986886994989,0.7707963267948965,0.0024,0.41259999999999997,False,-0.041158844653687576,-0.016582292764596492,0.04999986886994989
-0.046500593412711094,0.049999868869978314,0.7607963267948965,0.0027,0.41259999999999997,False,-0.046500593412711094,-0.016508553699309446,0.049999868869978314
-0.04332624441018663,0.09999973774014137,0.7507963267948966,0.0025,0.41259999999999997,False,-0.04332624441018663,-0.016328679518521867,0.09999973774014137
-0.041914207238631235,0.1499998450285034,0.7307963267948966,0.0024,0.41259999999999997,False,-0.041914207238631235,-0.01609773592213627,0.1499998450285034
-0.05063103722780677,0.10000009536746646,0.7307963267948966,0.0029,0.41259999999999997,False,-0.05063103722780677,-0.016173107705971208,0.10000009536746646
-0.05949781600058681,0.14999984502843944,0.7207963267948966,0.0034000000000000002,0.41259999999999997,False,-0.05949781600058681,-0.01620416403149977,0.14999984502843944
-0.06988960706780921,0.14999984502841102,0.7207963267948966,0.004,0.41259999999999997,False,-0.06988960706780921,-0.016379741410436327,0.14999984502841102
-0.08215424522376542,2.3841835172788706e-07,0.7107963267948966,0.004699999999999999,0.41259999999999997,False,-0.08215424522376542,-0.016455376427260547,2.3841835172788706e-07
-0.08949371964699045,2.3841812435421161e-07,0.7007963267948966,0.0051,0.41259999999999997,False,-0.08949371964699045,-0.01629794384400858,2.3841812435421161e-07
-0.08949845327046772,0.050000047683564475,0.7007963267948966,0.0051,0.41259999999999997,False,-0.08949845327046772,-0.016276100316422817,0.050000047683564475
-0.08414162297419471,0.049999868869957,0.6907963267948966,0.0048,0.41259999999999997,False,-0.08414162297419471,-0.016265577670468653,0.049999868869957
-0.08016295290233943,0.0999999761584327,0.6907963267948966,0.0046,0.41259999999999997,False,-0.08016295290233943,-0.016338662734376785,0.0999999761584327
-0.07635008609674775,0.09999997615848955,0.6907963267948966,0.0044,0.41259999999999997,False,-0.07635008609674775,-0.01636386933524346,0.09999997615848955
-0.07569735295576258,0.15000008344662774,0.6907963267948966,0.0044,0.41259999999999997,False,-0.07569735295576258,-0.01649192887885175,0.15000008344662774
-0.07515283757464877,0.2500002384188349,0.6907963267948966,0.0044,0.41259999999999997,False,-0.07515283757464877,-0.016958459155414753,0.2500002384188349
-0.09014285542663392,0.15000032186559764,0.6907963267948966,0.0053,0.41259999999999997,False,-0.09014285542663392,-0.01748687023277068,0.15000032186559764
-0.11042424939558387,-0.050000107288450835,0.7007963267948966,0.0066,0.41259999999999997,False,-0.11042424939558387,-0.017824224696070513,-0.050000107288450835
-0.11876058834953594,-0.09999997615848599,0.6907963267948966,0.0072,0.41259999999999997,False,-0.11876058834953594,-0.01818506820139528,-0.09999997615848599
-0.09704771977299734,-0.0999999761583723,0.6907963267948966,0.0059,0.41259999999999997,False,-0.09704771977299734,-0.018323840930956577,-0.0999999761583723
-0.09058174326031808,-0.15000014305136844,0.6807963267948965,0.0055000000000000005,0.41259999999999997,False,-0.09058174326031808,-0.018290943981726204,-0.15000014305136844
-0.05470529145696448,-0.0500003457071152,0.6707963267948965,0.0033,0.41259999999999997,False,-0.05470529145696448,-0.01836440836433204,-0.0500003457071152
-0.025214737477652203,0.0999999761584327,0.6707963267948965,0.0015,0.41259999999999997,False,-0.025214737477652203,-0.018814354904479413,0.0999999761584327
-0.01363993517650857,0.05000010728841886,0.6707963267948965,0.0008,0.41259999999999997,False,-0.01363993517650857,-0.01906995889051444,0.05000010728841886
-0.0135630061774675,0.05000010728824833,0.6607963267948965,0.0008,0.41259999999999997,False,-0.0135630061774675,-0.019241415534840562,0.05000010728824833
-0.00333066114812995,0.1000000953674629,0.6607963267948965,0.0002,0.41259999999999997,False,-0.00333066114812995,-0.019881617883978762,0.1000000953674629
0.0066056962596795785,0.050000107288528994,0.6607963267948965,-0.0004,0.41259999999999997,True,0.0066056962596795785,-0.020277257693422937,0.050000107288528994
0.003274086789462461,-3.552713678800501e-15,0.6607963267948965,-0.0002,0.41259999999999997,True,0.003274086789462461,-0.020773074014665018,-3.552713678800501e-15
0.004895400066552232,0.0,0.6607963267948965,-0.0003,0.41259999999999997,True,0.004895400066552232,-0.021137856963740494,0.0
0.016512588589228272,0.0,0.6607963267948965,-0.001,0.41259999999999997,True,0.016512588589228272,-0.02109872710755257,0.0
0.03685809389391121,-0.05000004768390198,0.6607963267948965,-0.0022,0.41259999999999997,True,0.03685809389391121,-0.020956430813304016,-0.05000004768390198
0.053903146445492205,-0.0500001072885361,0.6507963267948965,-0.0032,0.41259999999999997,True,0.053903146445492205,-0.02098329794868087,-0.0500001072885361
0.07420180283105081,-3.552713678800501e-15,0.6507963267948965,-0.0044,0.41259999999999997,True,0.07420180283105081,-0.02087408124927327,-3.552713678800501e-15
0.09291927743938513,0.04999986887006713,0.6407963267948965,-0.0055000000000000005,0.41259999999999997,True,0.09291927743938513,-0.02083009761309763,0.04999986887006713
0.10652658155797567,0.0999999761583723,0.6307963267948966,-0.0063,0.41259999999999997,True,0.10652658155797567,-0.02062852170935338,0.0999999761583723
0.10763401983614793,0.150000143051372,0.6207963267948966,-0.0064,0.41259999999999997,True,0.10763401983614793,-0.020658230608826503,0.150000143051372
0.11081377107306144,0.1999999523169791,0.6107963267948966,-0.0066,0.41259999999999997,True,0.11081377107306144,-0.020545449686264518,0.1999999523169791
0.10790186959747897,0.1999999523168654,0.6007963267948966,-0.0064,0.41259999999999997,True,0.10790186959747897,-0.020378962163358418,0.1999999523168654
0.09297336856711827,0.19999995231697554,0.5907963267948966,-0.0055000000000000005,0.41259999999999997,True,0.09297336856711827,-0.020075946231522306,0.19999995231697554
0.07777376693929673,0.0999997377402515,0.5807963267948966,-0.0046,0.41259999999999997,True,0.07777376693929673,-0.019925564698263936,0.0999997377402515
0.06443195063465824,0.05000004768390909,0.5707963267948966,-0.0038,0.41259999999999997,True,0.06443195063465824,-0.019635640463225874,0.05000004768390909
0.059420892818228606,0.0500001072885361,0.5607963267948965,-0.0034999999999999996,0.41259999999999997,True,0.059420892818228606,-0.019440797182079868,0.0500001072885361
0.06415278308897826,0.10000021457689101,0.5507963267948965,-0.0038,0.41259999999999997,True,0.06415278308897826,-0.019396223030866685,0.10000021457689101
0.0758309649277724,0.1999999523169791,0.5407963267948965,-0.0045000000000000005,0.41259999999999997,True,0.0758309649277724,-0.019299417678895175,0.1999999523169791
0.06437924643945075,0.09999973774025506,0.5307963267948965,-0.0038,0.41259999999999997,True,0.06437924643945075,-0.01913832233478337,0.09999973774025506
0.0543929754436212,3.552713678800501e-15,0.5107963267948965,-0.0032,0.41259999999999997,True,0.0543929754436212,-0.019005293024796886,3.552713678800501e-15
0.27938393008189905,0.14999960660986034,0.5007963267948965,-0.016399999999999998,0.41259999999999997,True,0.27938393008189905,-0.01891570024476363,0.14999960660986034
0.679280928343659,0.29999992847529455,0.4907963267948965,-0.0397,0.41259999999999997,True,0.679280928343659,-0.01887327364332034,0.29999992847529455
1.0739879385542492,0.34999979734553577,0.47079632679489647,-0.062400000000000004,0.41259999999999997,True,1.0739879385542492,-0.01871268528097834,0.34999979734553577
1.4667167958058445,0.5000001192100036,0.44079632679489666,-0.085,0.41259999999999997,True,1.4667167958058445,-0.018441288350401902,0.5000001192100036
1.6597179334876007,0.6000005722047952,0.41079632679489664,-0.09630000000000001,0.41259999999999997,True,1.6597179334876007,-0.017845222842880672,0.6000005722047952
2.044864060199254,0.5499999880809732,0.3707963267948966,-0.1189,0.41259999999999997,True,2.044864060199254,-0.017019529615750716,0.5499999880809732
2.3649750556893716,0.6000000953690545,0.32079632679489656,-0.1375,0.41259999999999997,True,2.3649750556893716,-0.015979456989228112,0.6000000953690545
2.3667386442070777,0.6999998331094233,0.2507963267948965,-0.1375,0.41259999999999997,True,2.3667386442070777,-0.014247700377239597,0.6999998331094233
2.3825490612030467,0.6499997258203756,0.18079632679489666,-0.1375,0.41259999999999997,True,2.3825490612030467,-0.012418415875054949,0.6499997258203756
2.397945704619108,0.7500007152565011,0.1107963267948966,-0.1375,0.41259999999999997,True,2.397945704619108,-0.010502105646590012,0.7500007152565011
2.410109824044271,0.8999997854263952,0.020796326794896514,-0.1375,0.41259999999999997,True,2.410109824044271,-0.008337743673871995,0.8999997854263952
2.4273890954716077,0.8499996781374364,6.223981633974483,-0.1375,0.41259999999999997,True,2.4273890954716077,-0.006149986858991578,0.8499996781374364
2.4443026807537036,0.7999998092679093,6.133981633974483,-0.1375,0.41259999999999997,True,2.4443026807537036,-0.004138597455957366,0.7999998092679093
2.459124665278681,0.9000000238435035,6.053981633974483,-0.1375,0.41259999999999997,True,2.459124665278681,-0.0022214833613828653,0.9000000238435035
2.48277398909882,0.9500009059907555,5.963981633974483,-0.1375,0.41259999999999997,True,2.48277398909882,-0.00030841185013870544,0.9500009059907555
2.496931109841569,0.8499999165564383,5.873981633974482,-0.1375,0.41259999999999997,True,2.496931109841569,0.0017627602183769894,0.8499999165564383
2.525366782444946,0.8499999165559018,5.7839816339744825,-0.1375,0.41259999999999997,True,2.525366782444946,0.0037154996214942572,0.8499999165559018
2.55697258080851,0.8499999165563317,5.693981633974483,-0.1375,0.41259999999999997,True,2.55697258080851,0.006047618221599335,0.8499999165563317
2.594596018508,0.6999995946905031,5.593981633974483,-0.1375,0.41259999999999997,True,2.594596018508,0.008638528089556063,0.6999995946905031
2.621246607299312,0.7000006675726027,5.513981633974483,-0.1375,0.41259999999999997,True,2.621246607299312,0.011672162490605775,0.7000006675726027
2.650877345515725,0.7999998092679093,5.413981633974483,-0.1375,0.41259999999999997,True,2.650877345515725,0.015293864122987093,0.7999998092679093
2.6885262881058263,0.69999959469056,5.313981633974483,-0.1375,0.41259999999999997,True,2.6885262881058263,0.018837138241054558,0.69999959469056
2.7250307474296047,0.6999995946910715,5.233981633974483,-0.1375,0.41259999999999997,True,2.7250307474296047,0.022577497495115756,0.6999995946910715
2.777223050948731,0.6999995946905031,5.133981633974482,-0.1375,0.41259999999999997,True,2.777223050948731,0.0272219132922007,0.6999995946905031
2.85016098662826,0.6000005722047952,5.043981633974482,-0.1375,0.41259999999999997,True,2.85016098662826,0.03095701077172297,0.6000005722047952
2.9134161304580677,0.6499997258208889,4.953981633974482,-0.1375,0.41259999999999997,True,2.9134161304580677,0.034334312302331305,0.6499997258208889
2.972807893215149,0.6499997258205763,4.873981633974482,-0.1375,0.41259999999999997,True,2.972807893215149,0.03758945530095509,0.6499997258205763
3.0293706351662055,0.5999998569509302,4.793981633974482,-0.1375,0.41259999999999997,True,3.0293706351662055,0.03984209423435964,0.5999998569509302
3.073958495244079,0.70000007152675,4.713981633974482,-0.1375,0.41259999999999997,True,3.073958495244079,0.040917753676270256,0.70000007152675
3.1160545589052733,0.7000006675719206,4.593981633974483,-0.1375,0.41259999999999997,True,3.1160545589052733,0.04016514445018499,0.7000006675719206
3.150380816486443,0.5999998569509337,4.553981633974483,-0.1375,0.41259999999999997,True,3.150380816486443,0.03870050233651033,0.5999998569509337
3.1762475797005156,0.7000000715274908,4.423981633974483,-0.1375,0.41259999999999997,True,3.1762475797005156,0.03416385925945387,0.7000000715274908
3.2070148626829025,0.7499999403978421,4.393981633974483,-0.1375,0.41259999999999997,True,3.2070148626829025,0.032289234987739314,0.7499999403978421
3.2364077434413963,0.6499997258203773,4.303981633974483,-0.1375,0.41259999999999997,True,3.2364077434413963,0.028519376049111252,0.6499997258203773
3.2496776349231813,0.8500008106243104,4.233981633974483,-0.1375,0.41259999999999997,True,3.2496776349231813,0.025381662399766303,0.8500008106243104
3.2555785296013435,0.7000007867837397,4.113981633974483,-0.1375,0.41259999999999997,True,3.2555785296013435,0.020839159664172532,0.7000007867837397
3.2713983820953034,0.4500002503406435,4.0339816339744825,-0.1375,0.41259999999999997,True,3.2713983820953034,0.01809949942007594,0.4500002503406435
3.278898095634829,0.5999998569509319,3.993981633974483,-0.1375,0.41259999999999997,True,3.278898095634829,0.016409031762567396,0.5999998569509319
3.2260304599298397,0.6499999642384982,3.873981633974483,-0.1359,0.41259999999999997,True,3.2260304599298397,0.013135083135500856,0.6499999642384982
3.1751179788776565,0.6500006198883561,3.793981633974483,-0.135,0.41259999999999997,True,3.1751179788776565,0.01109052198442103,0.6500006198883561
3.1328131417209053,0.7499994635607994,3.753981633974483,-0.13449999999999998,0.41259999999999997,True,3.1328131417209053,0.010180464379353991,0.7499994635607994
3.0544585967814872,0.6499992489836455,3.633981633974483,-0.1326,0.41259999999999997,True,3.0544585967814872,0.008102382874797325,0.6499992489836455
2.9266261268468368,0.3999999046339564,3.5639816339744828,-0.128,0.41259999999999997,True,2.9266261268468368,0.006634112022316718,0.3999999046339564
2.8527681526750523,0.5000001192099983,3.503981633974483,-0.1253,0.41259999999999997,True,2.8527681526750523,0.0052630201237514026,0.5000001192099983
2.8246593079748026,0.45000042915308214,3.4439816339744826,-0.1246,0.41259999999999997,True,2.8246593079748026,0.0043649266528348885,0.45000042915308214
2.731624328667719,0.34999979734542386,3.393981633974483,-0.1216,0.41259999999999997,True,2.731624328667719,0.0035422292298525836,0.34999979734542386
2.5759848459876853,0.5000001192106271,3.343981633974483,-0.11630000000000001,0.41259999999999997,True,2.5759848459876853,0.002580493956512044,0.5000001192106271
2.545090782598533,0.5000001192107977,3.2839816339744825,-0.1153,0.41259999999999997,True,2.545090782598533,0.001207447478402118,0.5000001192107977
2.4881692530702417,0.29999969005699967,3.2439816339744825,-0.113,0.41259999999999997,True,2.4881692530702417,0.00011455865412237651,0.29999969005699967
2.4062817912723222,0.35000033378663886,3.223981633974483,-0.10980000000000001,0.41259999999999997,True,2.4062817912723222,-0.00032541555210179377,0.35000033378663886
2.333691598250808,0.4999998807924424,3.1639816339744824,-0.10710000000000001,0.41259999999999997,True,2.333691598250808,-0.001508555373801291,0.4999998807924424
2.2539009837967283,0.4499997735037109,3.133981633974483,-0.1045,0.41259999999999997,True,2.2539009837967283,-0.0024902628597218697,0.4499997735037109
2.1482125785977093,0.30000016689382036,3.093981633974483,-0.1009,0.41259999999999997,True,2.1482125785977093,-0.0034994976214556208,0.30000016689382036
2.052034493741683,0.35000027418150115,3.0639816339744828,-0.0975,0.41259999999999997,True,2.052034493741683,-0.004453655113689694,0.35000027418150115
2.018621528200473,0.35000033378561923,3.0339816339744825,-0.0965,0.41259999999999997,True,2.018621528200473,-0.005476521479049441,0.35000033378561923
1.9514526345535506,0.19999995231697731,3.003981633974483,-0.09359999999999999,0.41259999999999997,True,1.9514526345535506,-0.006262528754955974,0.19999995231697731
1.9100739846586936,0.19999995231686007,2.963981633974483,-0.0917,0.41259999999999997,True,1.9100739846586936,-0.00726299496169522,0.19999995231686007
1.8637963466371918,0.24999982118704533,2.933981633974483,-0.0898,0.41259999999999997,True,1.8637963466371918,-0.008514771021210022,0.24999982118704533
1.807002399775172,0.4000001430516251,2.9039816339744826,-0.0873,0.41259999999999997,True,1.807002399775172,-0.009525694125399314,0.4000001430516251
1.7521560529472677,0.3500003337856201,2.8739816339744824,-0.0851,0.41259999999999997,True,1.7521560529472677,-0.010322120477221997,0.3500003337856201
1.7125800613022308,0.2499998211869361,2.843981633974483,-0.08380000000000001,0.41259999999999997,True,1.7125800613022308,-0.011381617418852269,0.2499998211869361
1.6196145294646451,0.24999982118684727,2.8139816339744828,-0.0795,0.41259999999999997,True,1.6196145294646451,-0.01218363150667545,0.24999982118684727
1.5564956493768987,0.1999999523169782,2.7839816339744825,-0.0764,0.41259999999999997,True,1.5564956493768987,-0.013166524221684135,0.1999999523169782
1.516330705208616,0.1499998450285016,2.763981633974483,-0.0741,0.41259999999999997,True,1.516330705208616,-0.014069231566102267,0.1499998450285016
1.4753264288877344,0.1000000953674629,2.7339816339744827,-0.0723,0.41259999999999997,True,1.4753264288877344,-0.01499133361300133,0.1000000953674629
1.4426860380704507,0.1999997138983982,2.7039816339744824,-0.071,0.41259999999999997,True,1.4426860380704507,-0.015945392298163715,0.1999997138983982
1.4182426676967423,0.29999992847529455,2.673981633974483,-0.0699,0.41259999999999997,True,1.4182426676967423,-0.016623146997034,0.29999992847529455
1.3649142503449423,0.25000005960539706,2.6539816339744826,-0.0676,0.41259999999999997,True,1.3649142503449423,-0.01704134379840126,0.25000005960539706
1.286768077042678,0.19999995231675083,2.633981633974483,-0.0643,0.41259999999999997,True,1.286768077042678,-0.017984464234392455,0.19999995231675083
1.2204272540380683,0.15000014305102916,2.6239816339744824,-0.061500000000000006,0.41259999999999997,True,1.2204272540380683,-0.01853116131556431,0.15000014305102916
1.1679764738909209,0.14999984502844388,2.583981633974483,-0.0588,0.41259999999999997,True,1.1679764738909209,-0.01962273131435259,0.14999984502844388
1.1357551004536028,0.2500000596053127,2.583981633974483,-0.057300000000000004,0.41259999999999997,True,1.1357551004536028,-0.019926160525163647,0.2500000596053127
1.102016820216939,0.29999992847546864,2.553981633974483,-0.0562,0.41259999999999997,True,1.102016820216939,-0.021570746063663306,0.29999992847546864
1.0606520161595172,0.29999992847512313,2.5339816339744825,-0.0546,0.41259999999999997,True,1.0606520161595172,-0.02264110104006598,0.29999992847512313
0.9676952434806978,0.25000023841849295,2.5239816339744827,-0.05,0.41259999999999997,True,0.9676952434806978,-0.023634964343579194,0.25000023841849295
0.9053664396857888,0.15000008344702387,2.503981633974483,-0.047,0.41259999999999997,True,0.9053664396857888,-0.024573691998662394,0.15000008344702387
0.8451626733544833,0.15000008344688176,2.4939816339744825,-0.044199999999999996,0.41259999999999997,True,0.8451626733544833,-0.025434897029517938,0.15000008344688176
0.7916283096699698,0.15000008344691107,2.473981633974483,-0.0417,0.41259999999999997,True,0.7916283096699698,-0.02656117695100225,0.15000008344691107
0.7423722236151414,0.0999999761583723,2.463981633974483,-0.0395,0.41259999999999997,True,0.7423722236151414,-0.027335962242098694,0.0999999761583723
0.7076088085081068,0.05000004768356092,2.4539816339744824,-0.038,0.41259999999999997,True,0.7076088085081068,-0.028140191671527134,0.05000004768356092
0.6637269564945142,0.09999973773990778,2.433981633974483,-0.0362,0.41259999999999997,True,0.6637269564945142,-0.028943038566866246,0.09999973773990778
0.6328510102882975,0.14999984502841635,2.423981633974483,-0.035,0.41259999999999997,True,0.6328510102882975,-0.030036864051552058,0.14999984502841635
0.59722694062522,0.09999997615849132,2.4139816339744824,-0.0332,0.41259999999999997,True,0.59722694062522,-0.030905865440389788,0.09999997615849132
0.5650337304594996,0.0999999761583723,2.4139816339744824,-0.031400000000000004,0.41259999999999997,True,0.5650337304594996,-0.03134384808405575,0.0999999761583723
0.53106107105665,0.1000000953674629,2.423981633974483,-0.0296,0.41259999999999997,True,0.53106107105665,-0.03162355029162671,0.1000000953674629
0.5017877329980379,2.384185791015625e-07,2.423981633974483,-0.0281,0.41259999999999997,True,0.5017877329980379,-0.031854755175116406,2.384185791015625e-07
0.4953085595145445,-0.09999997615843004,2.433981633974483,-0.0276,0.41259999999999997,True,0.4953085595145445,-0.03179181301620195,-0.09999997615843004
0.48543474366059725,-0.09999997615848688,2.4439816339744826,-0.0271,0.41259999999999997,True,0.48543474366059725,-0.032042645014505655,-0.09999997615848688
0.48558857673854355,-0.09999997615837763,2.4439816339744826,-0.0273,0.41259999999999997,True,0.48558857673854355,-0.03220587647351189,-0.09999997615837763
0.4867296325149685,-0.05000004768356536,2.4539816339744824,-0.0276,0.41259999999999997,True,0.4867296325149685,-0.03249682077993772,-0.05000004768356536
0.49491873139096954,-0.09999973773990778,2.463981633974483,-0.0282,0.41259999999999997,True,0.49491873139096954,-0.03247761114093262,-0.09999973773990778
0.5068560549767895,-0.09999973773996373,2.473981633974483,-0.028900000000000002,0.41259999999999997,True,0.5068560549767895,-0.03265285428720485,-0.09999973773996373
0.5061554641321367,0.0,2.4839816339744827,-0.0288,0.41259999999999997,True,0.5061554641321367,-0.03270409471565902,0.0
0.5072720794431668,0.05000010728824833,2.4939816339744825,-0.028900000000000002,0.41259999999999997,True,0.5072720794431668,-0.03271040260862501,0.05000010728824833
0.5283390925363972,0.10000009536746379,2.4939816339744825,-0.030299999999999997,0.41259999999999997,True,0.5283390925363972,-0.032781294758060846,0.10000009536746379
0.5167408534957803,0.05000010728853255,2.503981633974483,-0.0298,0.41259999999999997,True,0.5167408534957803,-0.03244529865721504,0.05000010728853255
0.4994610530275188,-0.05000010728844728,2.5239816339744827,-0.0288,0.41259999999999997,True,0.4994610530275188,-0.03263973460283048,-0.05000010728844728
0.4856979645834233,-0.05000010728841975,2.5339816339744825,-0.0277,0.41259999999999997,True,0.4856979645834233,-0.03210182901574573,-0.05000010728841975
0.4888182010010233,-0.15000032186474677,2.543981633974483,-0.0277,0.41259999999999997,True,0.4888182010010233,-0.03144596263495612,-0.15000032186474677
0.4872664294037201,-0.3000002861023958,2.5639816339744828,-0.0278,0.41259999999999997,True,0.4872664294037201,-0.03154537005956804,-0.3000002861023958
0.4855932518874011,-0.34999979734542297,2.5739816339744825,-0.0278,0.41259999999999997,True,0.4855932518874011,-0.03164266169995749,-0.34999979734542297
0.5261877065438016,-0.24999958276838097,2.583981633974483,-0.03,0.41259999999999997,True,0.5261877065438016,-0.031826725466959284,-0.24999958276838097
0.5760085546775032,-0.09999997615849043,2.593981633974483,-0.0327,0.41259999999999997,True,0.5760085546775032,-0.031761625082063344,-0.09999997615849043
0.6195730071565319,-0.15000008344662685,2.603981633974483,-0.0354,0.41259999999999997,True,0.6195730071565319,-0.03197367705392815,-0.15000008344662685
0.632216102241312,-0.1500001430510256,2.6139816339744826,-0.0363,0.41259999999999997,True,0.632216102241312,-0.032049796180250154,-0.1500001430510256
0.6516708879286142,-0.14999984502844566,2.6239816339744824,-0.0374,0.41259999999999997,True,0.6516708879286142,-0.03199707969971307,-0.14999984502844566
0.6580177580462846,-0.09999973773996906,2.633981633974483,-0.0378,0.41259999999999997,True,0.6580177580462846,-0.03197443057390238,-0.09999973773996906
0.6843572932829275,-0.04999986887006802,2.633981633974483,-0.0395,0.41259999999999997,True,0.6843572932829275,-0.03224947306981222,-0.04999986887006802
0.7151376193857574,2.3841812435421161e-07,2.6539816339744826,-0.0412,0.41259999999999997,True,0.7151376193857574,-0.03206773982555646,2.3841812435421161e-07
0.717170047655437,-3.410605131648481e-13,2.6639816339744824,-0.0412,0.41259999999999997,True,0.717170047655437,-0.03191890705739275,-3.410605131648481e-13
0.7187259317914889,0.049999630451374344,2.673981633974483,-0.0412,0.41259999999999997,True,0.7187259317914889,-0.031807414094688,0.049999630451374344
0.7170755191134713,0.14999984502841635,2.6939816339744826,-0.041299999999999996,0.41259999999999997,True,0.7170755191134713,-0.031933817604771514,0.14999984502841635
0.7184280620101093,0.0500001072884233,2.7039816339744824,-0.0414,0.41259999999999997,True,0.7184280620101093,-0.03196280013818634,0.0500001072884233
0.6995688352834666,-0.05000010728825366,2.713981633974483,-0.04019999999999999,0.41259999999999997,True,0.6995688352834666,-0.03168145363029292,-0.05000010728825366
0.6721932459712735,-0.10000009536746912,2.713981633974483,-0.0388,0.41259999999999997,True,0.6721932459712735,-0.03178765166672795,-0.10000009536746912
0.6710701710809148,-0.14999984502844033,2.723981633974483,-0.039,0.41259999999999997,True,0.6710701710809148,-0.03197326394585477,-0.14999984502844033
0.6855627643457484,-0.19999995231686363,2.723981633974483,-0.039900000000000005,0.41259999999999997,True,0.6855627643457484,-0.032161940292244486,-0.19999995231686363
0.7070565048793515,-0.15000008344691018,2.723981633974483,-0.0412,0.41259999999999997,True,0.7070565048793515,-0.032320734665460135,-0.15000008344691018
0.7232207262658942,-0.09999997615837408,2.723981633974483,-0.042699999999999995,0.41259999999999997,True,0.7232207262658942,-0.032738654102948475,-0.09999997615837408
0.7273271391586822,-0.05000004768356181,2.7339816339744827,-0.0435,0.41259999999999997,True,0.7273271391586822,-0.03330070537225566,-0.05000004768356181
0.7322584128122039,0.0,2.7339816339744827,-0.0441,0.41259999999999997,True,0.7322584128122039,-0.03382404398250017,0.0
0.7444047773665545,-0.05000010728845172,2.7339816339744827,-0.044800000000000006,0.41259999999999997,True,0.7444047773665545,-0.034090119113995836,-0.05000010728845172
0.7309585818163875,-0.14999984502855845,2.723981633974483,-0.044199999999999996,0.41259999999999997,True,0.7309585818163875,-0.03466912225557349,-0.14999984502855845
0.7366128134177453,-0.09999973774024884,2.723981633974483,-0.0444,0.41259999999999997,True,0.7366128134177453,-0.03494802199795502,-0.09999973774024884
0.7693053798573258,0.0,2.713981633974483,-0.045899999999999996,0.41259999999999997,True,0.7693053798573258,-0.03460157097871081,0.0
0.7749515273008311,0.0,2.713981633974483,-0.0463,0.41259999999999997,True,0.7749515273008311,-0.034989178573518624,0.0
0.7643703554859453,0.0,2.723981633974483,-0.045700000000000005,0.41259999999999997,True,0.7643703554859453,-0.03541442159629195,0.0
0.7659125384229885,0.0,2.723981633974483,-0.045700000000000005,0.41259999999999997,True,0.7659125384229885,-0.03552464687325015,0.0
0.7621833626927024,-8.881784197001252e-16,2.7339816339744827,-0.045,0.41259999999999997,True,0.7621833626927024,-0.035252556750169556,-8.881784197001252e-16
0.7718690013934911,-0.05000004768390287,2.7339816339744827,-0.0453,0.41259999999999997,True,0.7718690013934911,-0.03513456587450205,-0.05000004768390287
0.7676294794620203,-0.050000107288533435,2.7339816339744827,-0.0451,0.41259999999999997,True,0.7676294794620203,-0.03521723386692349,-0.050000107288533435
0.7658445621615356,0.0,2.7339816339744827,-0.0453,0.41259999999999997,True,0.7658445621615356,-0.03554826143025831,0.0
0.7730736047622441,0.0,2.7339816339744827,-0.045599999999999995,0.41259999999999997,True,0.7730736047622441,-0.035718570780396974,0.0
0.7665368734143042,-0.05000010728824922,2.7339816339744827,-0.045,0.41259999999999997,True,0.7665368734143042,-0.035814609368282194,-0.05000010728824922
0.7619214487498426,-0.05000004768356181,2.723981633974483,-0.0444,0.41259999999999997,True,0.7619214487498426,-0.03594487675604948,-0.05000004768356181
0.7710321195872057,0.0,2.713981633974483,-0.0447,0.41259999999999997,True,0.7710321195872057,-0.03621510519677947,0.0
0.7884232468134855,0.05000010728844728,2.713981633974483,-0.0453,0.41259999999999997,True,0.7884232468134855,-0.036246764999671416,0.05000010728844728
0.7827985440071947,-0.049999630451719845,2.7039816339744824,-0.0447,0.41259999999999997,True,0.7827985440071947,-0.036081937559739354,-0.049999630451719845
0.7751510842988567,-0.04999963045200051,2.7039816339744824,-0.044199999999999996,0.41259999999999997,True,0.7751510842988567,-0.03608976020074247,-0.04999963045200051
0.769272293800445,0.05000004768356536,2.7039816339744824,-0.0441,0.41259999999999997,True,0.769272293800445,-0.03651079082486405,0.05000004768356536
0.7794557917017242,-0.049999868869957886,2.7039816339744824,-0.0447,0.41259999999999997,True,0.7794557917017242,-0.03679264263238815,-0.049999868869957886
0.7726188913536679,2.3841846541472478e-07,2.7039816339744824,-0.0441,0.41259999999999997,True,0.7726188913536679,-0.03680799765121036,2.3841846541472478e-07
0.7785267471194146,0.09999997615849132,2.713981633974483,-0.044199999999999996,0.41259999999999997,True,0.7785267471194146,-0.03667539678287808,0.09999997615849132
0.7752145804395387,0.049999868870123976,2.713981633974483,-0.0438,0.41259999999999997,True,0.7752145804395387,-0.03673204436007686,0.049999868870123976
0.7678150682506315,-8.881784197001252e-16,2.723981633974483,-0.0431,0.41259999999999997,True,0.7678150682506315,-0.036575571111680895,-8.881784197001252e-16
0.7521922396917995,-8.881784197001252e-16,2.723981633974483,-0.04190000000000001,0.41259999999999997,True,0.7521922396917995,-0.036232903524026173,-8.881784197001252e-16
0.7345754737157879,0.0,2.7339816339744827,-0.0409,0.41259999999999997,True,0.7345754737157879,-0.036129701234747735,0.0
0.7417765666882828,0.0,2.7339816339744827,-0.0415,0.41259999999999997,True,0.7417765666882828,-0.036339524457442964,0.0
0.7384252542987242,0.0,2.7439816339744825,-0.0412,0.41259999999999997,True,0.7384252542987242,-0.036325363760404905,0.0
0.7269444418715876,0.05000004768390198,2.753981633974483,-0.0404,0.41259999999999997,True,0.7269444418715876,-0.036129696859744924,0.05000004768390198
0.726478896714361,2.3841857821338408e-07,2.763981633974483,-0.0405,0.41259999999999997,True,0.726478896714361,-0.0361297012994789,2.3841857821338408e-07
0.5332303041214979,-0.20000019073532993,2.763981633974483,-0.03,0.41259999999999997,True,0.5332303041214979,-0.03624358019960783,-0.20000019073532993
0.11980365007490906,-0.25000005960539706,2.7739816339744827,-0.0067,0.41259999999999997,True,0.11980365007490906,-0.03581054984769841,-0.25000005960539706
-0.28727102497003776,-0.19999995231675083,2.793981633974483,0.0159,0.41259999999999997,False,-0.28727102497003776,-0.035339340420266235,-0.19999995231675083
-0.6981252259645686,-0.3500003337866433,2.8239816339744825,0.038599999999999995,0.41259999999999997,False,-0.6981252259645686,-0.03471361651939534,-0.3500003337866433
-1.1119572441302572,-0.45000001192248895,2.853981633974483,0.0613,0.41259999999999997,False,-1.1119572441302572,-0.03397793495160285,-0.45000001192248895
-1.526475229428084,-0.5000001192106271,2.9039816339744826,0.0839,0.41259999999999997,False,-1.526475229428084,-0.032956649610715816,-0.5000001192106271
-1.939086036463335,-0.7499994635611404,2.963981633974483,0.1065,0.41259999999999997,False,-1.939086036463335,-0.031983168303415056,-0.7499994635611404
-2.3379612622217434,-0.8499996781371255,3.0339816339744825,0.1291,0.41259999999999997,False,-2.3379612622217434,-0.03081231161882446,-0.8499996781371255
-2.4888261384682853,-0.9000008583075321,3.1239816339744824,0.1371,0.41259999999999997,False,-2.4888261384682853,-0.029208126186174518,-0.9000008583075321
-2.4909207407370686,-0.9999997615848848,3.2039816339744824,0.1371,0.41259999999999997,False,-2.4909207407370686,-0.027731177598519032,-0.9999997615848848
-2.4788753118380327,-0.8999995470074218,3.293981633974483,0.1371,0.41259999999999997,False,-2.4788753118380327,-0.026233348166292723,-0.8999995470074218
-2.478443555258318,-0.9499994158781195,3.383981633974483,0.1371,0.41259999999999997,False,-2.478443555258318,-0.024632244854860284,-0.9499994158781195
-2.493235597088677,-0.9999995231656271,3.4839816339744827,0.1371,0.41259999999999997,False,-2.493235597088677,-0.022838459028876275,-0.9999995231656271
-2.5071840052005365,-0.9000008583071892,3.583981633974483,0.1371,0.41259999999999997,False,-2.5071840052005365,-0.020706148155179082,-0.9000008583071892
-2.5127707862798476,-0.949999654296354,3.683981633974483,0.1371,0.41259999999999997,False,-2.5127707862798476,-0.018435410697105407,-0.949999654296354
-2.514923611521742,-0.9999997615843199,3.793981633974483,0.1371,0.41259999999999997,False,-2.514923611521742,-0.015556075881955315,-0.9999997615843199
-2.523485033379208,-0.9499998927148212,3.9039816339744826,0.1371,0.41259999999999997,False,-2.523485033379208,-0.012057214534301391,-0.9499998927148212
-2.5459907341303216,-0.9499998927136257,4.003981633974483,0.1371,0.41259999999999997,False,-2.5459907341303216,-0.00852611910441082,-0.9499998927136257
-2.5683409241899806,-0.9500009059907555,4.113981633974483,0.1371,0.41259999999999997,False,-2.5683409241899806,-0.0034578187864799962,-0.9500009059907555
-2.6061679178686012,-0.8999997854263988,4.223981633974483,0.1371,0.41259999999999997,False,-2.6061679178686012,0.0021597597236248938,-0.8999997854263988
-2.6336602166516823,-0.9499998927143363,4.323981633974483,0.1371,0.41259999999999997,False,-2.6336602166516823,0.008378926326748675,-0.9499998927143363
-2.67983107245505,-0.9999997615848901,4.443981633974483,0.1371,0.41259999999999997,False,-2.67983107245505,0.016199875250521748,-0.9999997615848901
-2.723348305594989,-0.8999995470072513,4.543981633974482,0.1371,0.41259999999999997,False,-2.723348305594989,0.024014641176370033,-0.8999995470072513
-2.7641948454418315,-0.8500008106236301,4.643981633974483,0.1371,0.41259999999999997,False,-2.7641948454418315,0.031506714591864673,-0.8500008106236301
-2.821437738752265,-0.8999997854263988,4.743981633974483,0.1371,0.41259999999999997,False,-2.821437738752265,0.037709580421920824,-0.8999997854263988
-2.8726719577914004,-0.7999995708489909,4.843981633974483,0.1371,0.41259999999999997,False,-2.8726719577914004,0.04150197297979354,-0.7999995708489909
-2.911881724632887,-0.7499997019794904,4.933981633974483,0.1371,0.41259999999999997,False,-2.911881724632887,0.043042745206228104,-0.7499997019794904
-2.939535134916367,-0.8499999165552516,5.0339816339744825,0.1371,0.41259999999999997,False,-2.939535134916367,0.04319163520406583,-0.8499999165552516
-2.96725476403105,-0.8000007629393835,5.123981633974482,0.13720000000000002,0.41259999999999997,False,-2.96725476403105,0.04212084920593721,-0.8000007629393835
-2.9704677242168347,-0.8499994397192872,5.213981633974482,0.13720000000000002,0.41259999999999997,False,-2.9704677242168347,0.04087683296947821,-0.8499994397192872
-2.9770432244537144,-0.8999995470074253,5.313981633974483,0.13720000000000002,0.41259999999999997,False,-2.9770432244537144,0.03925613467571173,-0.8999995470074253
-2.99109978122175,-0.7499999403978421,5.413981633974483,0.13720000000000002,0.41259999999999997,False,-2.99109978122175,0.03732349167722914,-0.7499999403978421
-3.0186758755524177,-0.8000000476851241,5.493981633974483,0.13720000000000002,0.41259999999999997,False,-3.0186758755524177,0.03513401122597353,-0.8000000476851241
-3.0613765759544407,-0.8500008106232855,5.603981633974483,0.13720000000000002,0.41259999999999997,False,-3.0613765759544407,0.03268829933122103,-0.8500008106232855
-3.063474223307658,-0.7999998092679093,5.693981633974483,0.13720000000000002,0.41259999999999997,False,-3.063474223307658,0.031063460874942918,-0.7999998092679093
-3.065799601087624,-0.9000000238443597,5.773981633974483,0.13699999999999998,0.41259999999999997,False,-3.065799601087624,0.02933466720850733,-0.9000000238443597
-3.0192293957193628,-0.9000000238447541,5.863981633974483,0.1349,0.41259999999999997,False,-3.0192293957193628,0.027556596514098676,-0.9000000238447541
-2.9135083460663083,-0.7499997019787479,5.953981633974482,0.1305,0.41259999999999997,False,-2.9135083460663083,0.026008085128951124,-0.7499997019787479
-2.802758135942254,-0.7500007152561565,6.0339816339744825,0.1252,0.41259999999999997,False,-2.802758135942254,0.02443949275392698,-0.7500007152561565
-2.7034330367163464,-0.7000000715280024,6.133981633974483,0.12119999999999999,0.41259999999999997,False,-2.7034330367163464,0.022773895355841133,-0.7000000715280024
-2.540577221933237,-0.5499997496621454,6.223981633974483,0.1149,0.41259999999999997,False,-2.540577221933237,0.021383976209382257,-0.5499997496621454
-2.3597475733724567,-0.6999993562727163,0.020796326794896514,0.10800000000000001,0.41259999999999997,False,-2.3597475733724567,0.0202660507209538,-0.6999993562727163
-2.2533693140990843,-0.8499996781371273,0.10079632679489658,0.1043,0.41259999999999997,False,-2.2533693140990843,0.019006199872181138,-0.8499996781371273
-2.1182309165160382,-0.7500007152558226,0.16079632679489664,0.099,0.41259999999999997,False,-2.1182309165160382,0.01792238091802153,-0.7500007152558226
-2.0058569795012784,-0.6499999642394698,0.22079632679489647,0.09539999999999998,0.41259999999999997,False,-2.0058569795012784,0.01699482131216299,-0.6499999642394698
-1.786049243394495,-0.49999964237369454,0.29079632679489653,0.0867,0.41259999999999997,False,-1.786049243394495,0.01577263897482102,-0.49999964237369454
-1.6625449147691949,-0.3500000357638875,0.3607963267948966,0.0818,0.41259999999999997,False,-1.6625449147691949,0.014226867971835776,-0.3500000357638875
-1.5077554054285798,-0.40000014305162424,0.41079632679489664,0.075,0.41259999999999997,False,-1.5077554054285798,0.012774624225765882,-0.40000014305162424
-1.4024270933229348,-0.5000004768373252,0.47079632679489647,0.0711,0.41259999999999997,False,-1.4024270933229348,0.011371099029439441,-0.5000004768373252
-1.292632459495494,-0.45000001192249073,0.5207963267948965,0.067,0.41259999999999997,False,-1.292632459495494,0.01010898117579831,-0.45000001192249073
-1.1796560464630224,-0.29999969005683624,0.5607963267948965,0.062400000000000004,0.41259999999999997,False,-1.1796560464630224,0.008859436234628053,-0.29999969005683624
-1.059411270222909,-0.29999969005711336,0.6107963267948966,0.0572,0.41259999999999997,False,-1.059411270222909,0.007299315335380755,-0.29999969005711336
-0.9427585488220512,-0.34999979734525155,0.6407963267948965,0.0521,0.41259999999999997,False,-0.9427585488220512,0.0060914932659177,-0.34999979734525155
-0.8541978816629907,-0.30000028610239227,0.6707963267948965,0.0482,0.41259999999999997,False,-0.8541978816629907,0.005335295260891888,-0.30000028610239227
-0.7709729795599578,-0.29999992847546864,0.7007963267948966,0.0443,0.41259999999999997,False,-0.7709729795599578,0.0038552631436145866,-0.29999992847546864
-0.7222089008047021,-0.1999997138984,0.7207963267948966,0.0421,0.41259999999999997,False,-0.7222089008047021,0.0028301330499044238,-0.1999997138984
-0.6110689673535732,-0.05000010728841886,0.7407963267948966,0.0363,0.41259999999999997,False,-0.6110689673535732,0.00141351608359282,-0.05000010728841886
-0.5492088586278283,-0.10000021457650021,0.7607963267948965,0.0332,0.41259999999999997,False,-0.5492088586278283,-0.00023991192183475283,-0.10000021457650021
-0.5169705718013995,-0.20000019073493291,0.7807963267948965,0.031400000000000004,0.41259999999999997,False,-0.5169705718013995,-0.0016505394950811175,-0.20000019073493291
-0.48881775132065836,-0.15000008344701854,0.7907963267948965,0.0298,0.41259999999999997,False,-0.48881775132065836,-0.0028771335653849195,-0.15000008344701854
-0.46861424222190345,-0.04999986886998187,0.8007963267948965,0.0288,0.41259999999999997,False,-0.46861424222190345,-0.00441904283257892,-0.04999986886998187
-0.39204583589159453,-0.09999973774013782,0.8207963267948966,0.0242,0.41259999999999997,False,-0.39204583589159453,-0.0056842255175151854,-0.09999973774013782
-0.37883244489298235,-0.14999984502849983,0.8207963267948966,0.023399999999999997,0.41259999999999997,False,-0.37883244489298235,-0.006624152997923238,-0.14999984502849983
-0.34211592491188203,-0.05000004768355737,0.8307963267948966,0.0213,0.41259999999999997,False,-0.34211592491188203,-0.007800870229242496,-0.05000004768355737
-0.30128681180649003,-0.049999868869953445,0.8407963267948966,0.019,0.41259999999999997,False,-0.30128681180649003,-0.009040899383947601,-0.049999868869953445
-0.2865802446607748,-0.04999986886998187,0.8407963267948966,0.0182,0.41259999999999997,False,-0.2865802446607748,-0.009655837609131716,-0.04999986886998187
-0.25881513480102386,-0.049999868870070685,0.8507963267948966,0.0166,0.41259999999999997,False,-0.25881513480102386,-0.010492240452284729,-0.049999868870070685
-0.2366059427706136,-0.04999986887013108,0.8607963267948966,0.015300000000000001,0.41259999999999997,False,-0.2366059427706136,-0.011255653974755123,-0.04999986887013108
-0.2173163503809346,0.0,0.8607963267948966,0.0141,0.41259999999999997,False,-0.2173163503809346,-0.011890463660388737,0.0
-0.19848071259591818,0.049999868869957,0.8707963267948966,0.0129,0.41259999999999997,False,-0.19848071259591818,-0.012384322964604308,0.049999868869957
-0.19095450781348433,0.04999986886998542,0.8707963267948966,0.0125,0.41259999999999997,False,-0.19095450781348433,-0.012669016595366402,0.04999986886998542
-0.18299867132251318,0.049999868870070685,0.8707963267948966,0.012,0.41259999999999997,False,-0.18299867132251318,-0.012918734626017388,0.049999868870070685
-0.17650618690761166,0.0999999761583723,0.8707963267948966,0.0115,0.41259999999999997,False,-0.17650618690761166,-0.01301901379409062,0.0999999761583723
-0.1817400153794983,0.10000009536747001,0.8707963267948966,0.011899999999999999,0.41259999999999997,False,-0.1817400153794983,-0.013232604839422119,0.10000009536747001
-0.1891115737560705,0.0999999761584931,0.8807963267948966,0.0125,0.41259999999999997,False,-0.1891115737560705,-0.013654491526492044,0.0999999761584931
-0.17906685219112145,-2.3841846896743846e-07,0.8807963267948966,0.011899999999999999,0.41259999999999997,False,-0.17906685219112145,-0.014259378584112413,-2.3841846896743846e-07
-0.18373970045096666,-0.09999997615848955,0.8807963267948966,0.0121,0.41259999999999997,False,-0.18373970045096666,-0.014539219212052413,-0.09999997615848955
-0.19195301382432386,2.3841812435421161e-07,0.8707963267948966,0.0125,0.41259999999999997,False,-0.19195301382432386,-0.014562151270321429,2.3841812435421161e-07
-0.17764507424200562,0.05000004768356803,0.8607963267948966,0.0115,0.41259999999999997,False,-0.17764507424200562,-0.014656509010951297,0.05000004768356803
-0.17886252339206954,0.049999868869953445,0.8507963267948966,0.0115,0.41259999999999997,False,-0.17886252339206954,-0.014727030125913617,0.049999868869953445
-0.16888620999245252,0.04999986886998187,0.8507963267948966,0.0108,0.41259999999999997,False,-0.16888620999245252,-0.014821235705914098,0.04999986886998187
-0.17278487024923944,0.0,0.8307963267948966,0.011000000000000001,0.41259999999999997,False,-0.17278487024923944,-0.014935874967762778,0.0
-0.17237671775293587,0.05000010728824833,0.8307963267948966,0.0109,0.41259999999999997,False,-0.17237671775293587,-0.014828902142678582,0.05000010728824833
-0.1687336542769273,-3.410605131648481e-13,0.8207963267948966,0.0106,0.41259999999999997,False,-0.1687336542769273,-0.014616315161082352,-3.410605131648481e-13
-0.1690015893540513,-2.384185791015625e-07,0.8007963267948965,0.0106,0.41259999999999997,False,-0.1690015893540513,-0.014369137391769229,-2.384185791015625e-07
-0.17031013617867855,0.09999997615842915,0.8007963267948965,0.010700000000000001,0.41259999999999997,False,-0.17031013617867855,-0.014098435519050195,0.09999997615842915
-0.1695343127681937,0.05000010728842241,0.7907963267948965,0.0106,0.41259999999999997,False,-0.1695343127681937,-0.013839476077800873,0.05000010728842241
-0.1800676320306615,3.552713678800501e-15,0.7807963267948965,0.011200000000000002,0.41259999999999997,False,-0.1800676320306615,-0.01330373958995767,3.552713678800501e-15
-0.18097297166013973,0.0,0.7707963267948965,0.011200000000000002,0.41259999999999997,False,-0.18097297166013973,-0.012699717017394961,0.0
-0.1735285510704931,0.049999868869953445,0.7607963267948965,0.010700000000000001,0.41259999999999997,False,-0.1735285510704931,-0.012191416771758558,0.049999868869953445
-0.17645443986009307,0.0999999761584327,0.7507963267948966,0.0109,0.41259999999999997,False,-0.17645443986009307,-0.011741788627435122,0.0999999761584327
-0.18111654943928396,0.0999999761584931,0.7407963267948966,0.011200000000000002,0.41259999999999997,False,-0.18111654943928396,-0.011565219151557848,0.0999999761584931
-0.1829551360359793,0.15000008344662774,0.7407963267948966,0.0113,0.41259999999999997,False,-0.1829551360359793,-0.011577451470319904,0.15000008344662774
-0.19440185562987033,0.15000014305103093,0.7407963267948966,0.011899999999999999,0.41259999999999997,False,-0.19440185562987033,-0.01189050745482091,0.15000014305103093
-0.21379151913683997,0.05000010728853255,0.7407963267948966,0.0129,0.41259999999999997,False,-0.21379151913683997,-0.012007969229248475,0.05000010728853255
-0.23108821642590202,0.05000010728844728,0.7407963267948966,0.0138,0.41259999999999997,False,-0.23108821642590202,-0.011922773620473594,0.05000010728844728
-0.22168563666002022,0.1999997138986238,0.7407963267948966,0.0134,0.41259999999999997,False,-0.22168563666002022,-0.012220340224890068,0.1999997138986238
-0.20211031587224162,0.14999960661037193,0.7407963267948966,0.0123,0.41259999999999997,False,-0.20211031587224162,-0.012779281121347234,0.14999960661037193
-0.22727353303350947,0.0,0.7507963267948966,0.0138,0.41259999999999997,False,-0.22727353303350947,-0.012810508318350174,0.0
-0.24093685111955812,-3.552713678800501e-15,0.7507963267948966,0.0147,0.41259999999999997,False,-0.24093685111955812,-0.012984218153057114,-3.552713678800501e-15
-0.23728630447149973,-3.552713678800501e-15,0.7507963267948966,0.0147,0.41259999999999997,False,-0.23728630447149973,-0.01318469659229652,-3.552713678800501e-15
-0.23006790169077226,-0.04999986887006713,0.7507963267948966,0.0143,0.41259999999999997,False,-0.23006790169077226,-0.013351822676370211,-0.04999986887006713
-0.2213423217793232,-0.049999868870123976,0.7507963267948966,0.0137,0.41259999999999997,False,-0.2213423217793232,-0.01365633094736789,-0.049999868870123976
-0.20262269151613374,3.552713678800501e-15,0.7407963267948966,0.0125,0.41259999999999997,False,-0.20262269151613374,-0.013789862545083154,3.552713678800501e-15
-0.19155422067876104,0.0,0.7507963267948966,0.0118,0.41259999999999997,False,-0.19155422067876104,-0.014047503915291307,0.0
-0.18917688898417967,-3.552713678800501e-15,0.7407963267948966,0.0116,0.41259999999999997,False,-0.18917688898417967,-0.014426207919806573,-3.552713678800501e-15
-0.1798147287134757,0.0,0.7507963267948966,0.011000000000000001,0.41259999999999997,False,-0.1798147287134757,-0.01482129187490426,0.0
-0.16851716198855424,0.05000010728824833,0.7507963267948966,0.0103,0.41259999999999997,False,-0.16851716198855424,-0.015230092179092904,0.05000010728824833
-0.14533115071423838,-3.375077994860476e-13,0.7507963267948966,0.0089,0.41259999999999997,False,-0.14533115071423838,-0.015862932102051017,-3.375077994860476e-13
-0.15344611970271854,0.0499996304513779,0.7507963267948966,0.009399999999999999,0.41259999999999997,False,-0.15344611970271854,-0.01636168925474796,0.0499996304513779
-0.14130877677921527,0.09999973773996729,0.7607963267948965,0.0087,0.41259999999999997,False,-0.14130877677921527,-0.016852148816116852,0.09999973773996729
-0.13412365029015844,0.0,0.7607963267948965,0.0083,0.41259999999999997,False,-0.13412365029015844,-0.017286114935594094,0.0
-0.1307453149335956,0.05000010728825188,0.7607963267948965,0.008100000000000001,0.41259999999999997,False,-0.1307453149335956,-0.017640986798497522,0.05000010728825188
-0.12591565153319959,-3.410605131648481e-13,0.7607963267948965,0.0078000000000000005,0.41259999999999997,False,-0.12591565153319959,-0.017791658615917496,-3.410605131648481e-13
-0.13049164796599402,-0.05000010728853255,0.7607963267948965,0.008100000000000001,0.41259999999999997,False,-0.13049164796599402,-0.018095257691564563,-0.05000010728853255
-0.11788465340226963,0.0,0.7607963267948965,0.0073,0.41259999999999997,False,-0.11788465340226963,-0.01822557940082834,0.0
-0.11343950036326264,0.0,0.7607963267948965,0.006999999999999999,0.41259999999999997,False,-0.11343950036326264,-0.018321767200458507,0.0
-0.10049969464078154,0.0,0.7607963267948965,0.0062,0.41259999999999997,False,-0.10049969464078154,-0.018565527241161953,0.0
-0.09571640503917637,0.05000004768390198,0.7607963267948965,0.0059,0.41259999999999997,False,-0.09571640503917637,-0.018802714235311074,0.05000004768390198
-0.08420763596291295,2.384185791015625e-07,0.7507963267948966,0.0052,0.41259999999999997,False,-0.08420763596291295,-0.01900589463872986,2.384185791015625e-07
-0.07609141409085277,-0.09999997615843625,0.7507963267948966,0.004699999999999999,0.41259999999999997,False,-0.07609141409085277,-0.019095485093522033,-0.09999997615843625
-0.07286407078981878,-0.05000010728842241,0.7407963267948966,0.0045000000000000005,0.41259999999999997,False,-0.07286407078981878,-0.01908331313048297,-0.05000010728842241
-0.048510516329821764,0.05000010728825188,0.7407963267948966,0.003,0.41259999999999997,False,-0.048510516329821764,-0.019016440140552527,0.05000010728825188
-0.033935408711206046,0.050000047683564475,0.7307963267948966,0.0021,0.41259999999999997,False,-0.033935408711206046,-0.019008698293142633,0.050000047683564475
-0.024176970299013317,0.09999973773990689,0.7207963267948966,0.0015,0.41259999999999997,False,-0.024176970299013317,-0.019031874582836592,0.09999973773990689
-0.02413934412806315,0.14999984502841457,0.7207963267948966,0.0015,0.41259999999999997,False,-0.02413934412806315,-0.019053024914668204,0.14999984502841457
-0.016087195234204113,0.14999984502856023,0.7207963267948966,0.001,0.41259999999999997,False,-0.016087195234204113,-0.019152391351200098,0.14999984502856023
-0.0338083116679115,0.09999973774024795,0.7107963267948966,0.0021,0.41259999999999997,False,-0.0338083116679115,-0.019141009721427182,0.09999973774024795
-0.03872547464860239,0.0,0.7107963267948966,0.0024,0.41259999999999997,False,-0.03872547464860239,-0.01917602471295013,0.0
-0.049889087376923456,0.04999986886994989,0.7107963267948966,0.0031,0.41259999999999997,False,-0.049889087376923456,-0.019125505559086108,0.04999986886994989
-0.04965365069737864,0.09999997615842915,0.7007963267948966,0.0031,0.41259999999999997,False,-0.04965365069737864,-0.019031111528676932,0.09999997615842915
-0.05270620624605716,0.05000010728841886,0.6907963267948966,0.0033,0.41259999999999997,False,-0.05270620624605716,-0.019004160509491882,0.05000010728841886
-0.05272774211187149,0.10000021457650377,0.6907963267948966,0.0033,0.41259999999999997,False,-0.05272774211187149,-0.01891177062555111,0.10000021457650377
-0.05763480220881817,0.15000014305103093,0.6807963267948965,0.0036,0.41259999999999997,False,-0.05763480220881817,-0.01879776222138997,0.15000014305103093
-0.05787383172110115,0.05000010728853255,0.6707963267948965,0.0036,0.41259999999999997,False,-0.05787383172110115,-0.018918607305433904,0.05000010728853255
-0.058157972563846874,0.05000010728844728,0.6607963267948965,0.0036,0.41259999999999997,False,-0.058157972563846874,-0.018904298979693684,0.05000010728844728
-0.07449228306970518,0.09999997615848955,0.6607963267948965,0.0046,0.41259999999999997,False,-0.07449228306970518,-0.018915735813864475,0.09999997615848955
-0.07092485391893574,0.0999999761583723,0.6507963267948965,0.0044,0.41259999999999997,False,-0.07092485391893574,-0.018992189671582373,0.0999999761583723
-0.07718927341638357,0.1000000953674629,0.6407963267948965,0.0048,0.41259999999999997,False,-0.07718927341638357,-0.019022866185468286,0.1000000953674629
-0.07053858629989403,0.05000010728853255,0.6307963267948966,0.0044,0.41259999999999997,False,-0.07053858629989403,-0.018966605080059044,0.05000010728853255
-0.09106079580997962,0.05000010728844728,0.6307963267948966,0.005699999999999999,0.41259999999999997,False,-0.09106079580997962,-0.01902432235489429,0.05000010728844728
-0.09402237557012798,0.05000010728842241,0.6207963267948966,0.0059,0.41259999999999997,False,-0.09402237557012798,-0.018905040615644637,0.05000010728842241
-0.09726234929107876,0.05000010728825188,0.6107963267948966,0.0060999999999999995,0.41259999999999997,False,-0.09726234929107876,-0.018800951651924983,0.05000010728825188
-0.090823860177456,0.05000004768356803,0.6007963267948966,0.005699999999999999,0.41259999999999997,False,-0.090823860177456,-0.018637058660121834,0.05000004768356803
-0.0860326634300414,0.04999986886994989,0.5907963267948966,0.0054,0.41259999999999997,False,-0.0860326634300414,-0.018469910693223037,0.04999986886994989
-0.09091962647852107,0.049999868869978314,0.5907963267948966,0.005699999999999999,0.41259999999999997,False,-0.09091962647852107,-0.018466562108242313,0.049999868869978314
-0.0899378982965533,0.04999986887006713,0.5807963267948966,0.005600000000000001,0.41259999999999997,False,-0.0899378982965533,-0.018450178978624845,0.04999986887006713
-0.09368152892846131,0.049999868870123976,0.5807963267948966,0.0058,0.41259999999999997,False,-0.09368152892846131,-0.01851931504864531,0.049999868870123976
-0.09915619234731309,0.0,0.5707963267948966,0.0060999999999999995,0.41259999999999997,False,-0.09915619234731309,-0.01856961215839212,0.0
-0.1032968889188341,0.049999868869957,0.5707963267948966,0.0063,0.41259999999999997,False,-0.1032968889188341,-0.018418996057407662,0.049999868869957
-0.0927008412941183,0.04999986886998542,0.5607963267948965,0.005600000000000001,0.41259999999999997,False,-0.0927008412941183,-0.01831499762306083,0.04999986886998542
-0.08638833922848721,3.552713678800501e-15,0.5607963267948965,0.0052,0.41259999999999997,False,-0.08638833922848721,-0.018304291777883296,3.552713678800501e-15
-0.08117170409153213,0.10000021457650021,0.5507963267948965,0.0049,0.41259999999999997,False,-0.08117170409153213,-0.018413109462021144,0.10000021457650021
-0.07235918805161246,0.1000000953671254,0.5507963267948965,0.0044,0.41259999999999997,False,-0.07235918805161246,-0.01834940135486712,0.1000000953671254
-0.06708941278594778,0.049999868869953445,0.5407963267948965,0.0040999999999999995,0.41259999999999997,False,-0.06708941278594778,-0.018421762760275667,0.049999868869953445
-0.0768458593286498,0.09999997615842915,0.5407963267948965,0.004699999999999999,0.41259999999999997,False,-0.0768458593286498,-0.01836104793234949,0.09999997615842915
-0.07351910049832959,-0.049999630451715404,0.5307963267948965,0.0045000000000000005,0.41259999999999997,False,-0.07351910049832959,-0.018218824597430187,-0.049999630451715404
-0.06560361208017142,-0.1999999523167446,0.5307963267948965,0.004,0.41259999999999997,False,-0.06560361208017142,-0.0180793658144353,-0.1999999523167446
-0.06914411580940522,-0.05000004768321631,0.5207963267948965,0.0042,0.41259999999999997,False,-0.06914411580940522,-0.018024753351336572,-0.05000004768321631
-0.021528457122689804,0.05000010728853255,0.5207963267948965,0.0013,0.41259999999999997,False,-0.021528457122689804,-0.01819500284135941,0.05000010728853255
-0.0033275048937579793,0.0,0.5207963267948965,0.0002,0.41259999999999997,False,-0.0033275048937579793,-0.018303333903418265,0.0
0.018420742673630083,0.09999973774013782,0.5107963267948965,-0.0011,0.41259999999999997,True,0.018420742673630083,-0.018445226093364735,0.09999973774013782
0.020156387584429735,0.14999984502849628,0.5107963267948965,-0.0012,0.41259999999999997,True,0.020156387584429735,-0.01865102145065381,0.14999984502849628
0.02012964368223434,0.050000047683564475,0.5007963267948965,-0.0012,0.41259999999999997,True,0.02012964368223434,-0.01893225017948495,0.050000047683564475
0.016739620669269366,0.099999737739914,0.5007963267948965,-0.001,0.41259999999999997,True,0.016739620669269366,-0.019067722188995745,0.099999737739914
0.19087158637718626,0.2500000596053127,0.4907963267948965,-0.011399999999999999,0.41259999999999997,True,0.19087158637718626,-0.01943988055935245,0.2500000596053127
0.5872996017447577,0.25000005960539795,0.4807963267948965,-0.0348,0.41259999999999997,True,0.5872996017447577,-0.019331459782169737,0.25000005960539795
0.9813639544853985,0.3000001668932484,0.46079632679489646,-0.0576,0.41259999999999997,True,0.9813639544853985,-0.01892800823491172,0.3000001668932484
1.3679290386142782,0.5000004768376698,0.43079632679489666,-0.0802,0.41259999999999997,True,1.3679290386142782,-0.018366194851249476,0.5000004768376698
1.7545003709496205,0.5499999880809803,0.3907963267948966,-0.10279999999999999,0.41259999999999997,True,1.7545003709496205,-0.017646185871081174,0.5499999880809803
2.1448919023945794,0.6000000953690581,0.3507963267948966,-0.12539999999999998,0.41259999999999997,True,2.1448919023945794,-0.016576024041802563,0.6000000953690581
2.354925487975413,0.6999998331094233,0.29079632679489653,-0.1376,0.41259999999999997,True,2.354925487975413,-0.01502576917589315,0.6999998331094233
2.352999415430262,0.6499997258203791,0.22079632679489647,-0.1375,0.41259999999999997,True,2.352999415430262,-0.012947081376116045,0.6499997258203791
2.3601136387984485,0.7000006675726027,0.15079632679489663,-0.1375,0.41259999999999997,True,2.3601136387984485,-0.011057705027850629,0.7000006675726027
2.368924062887848,0.7999998092679093,0.06079632679489655,-0.1375,0.41259999999999997,True,2.368924062887848,-0.008798666439008063,0.7999998092679093
2.3847369219784516,0.8499999165559018,6.263981633974483,-0.1375,0.41259999999999997,True,2.3847369219784516,-0.006677828912043248,0.8499999165559018
2.4121449267421604,0.8999997854263988,6.173981633974483,-0.1375,0.41259999999999997,True,2.4121449267421604,-0.00479433461715157,0.8999997854263988
2.4276460916178006,0.8499996781371237,6.083981633974483,-0.1375,0.41259999999999997,True,2.4276460916178006,-0.0025953875406363102,0.8499996781371237
2.4415879133941862,0.8000007629397281,5.9939816339744825,-0.1375,0.41259999999999997,True,2.4415879133941862,-0.0004882766347423311,0.8000007629397281
2.4577916897100494,0.8499996781378663,5.913981633974483,-0.1375,0.41259999999999997,True,2.4577916897100494,0.001350076747529676,0.8499996781378663
2.4680158818727853,0.8499996781374364,5.813981633974483,-0.1375,0.41259999999999997,True,2.4680158818727853,0.0037103130047700826,0.8499996781374364
2.4793400528302785,0.7499999403978457,5.723981633974483,-0.1375,0.41259999999999997,True,2.4793400528302785,0.006057257634700675,0.7499999403978457
2.506725027354051,0.7499999403968758,5.643981633974483,-0.1375,0.41259999999999997,True,2.506725027354051,0.008412031638693666,0.7499999403968758
2.5454345922531423,0.7000006675719206,5.553981633974483,-0.1375,0.41259999999999997,True,2.5454345922531423,0.011249383071019829,0.7000006675719206
2.582137240734411,0.5999998569509337,5.463981633974482,-0.1375,0.41259999999999997,True,2.582137240734411,0.014225082835729763,0.5999998569509337
2.6298149049368442,0.6499999642390399,5.373981633974482,-0.1375,0.41259999999999997,True,2.6298149049368442,0.01737550015525831,0.6499999642390399
2.6923167369961427,0.6999998331094233,5.2839816339744825,-0.1375,0.41259999999999997,True,2.6923167369961427,0.020805570716710294,0.6999998331094233
2.7562193474207715,0.6499997258203791,5.203981633974482,-0.1375,0.41259999999999997,True,2.7562193474207715,0.024120752257393876,0.6499997258203791
2.8228669459060405,0.7000006675726027,5.123981633974482,-0.1375,0.41259999999999997,True,2.8228669459060405,0.027357809229219824,0.7000006675726027
2.906855035470095,0.7999998092679057,5.043981633974482,-0.1375,0.41259999999999997,True,2.906855035470095,0.030373553986316654,0.7999998092679057
2.998225012615306,0.5999993801136618,4.963981633974482,-0.1375,0.41259999999999997,True,2.998225012615306,0.03312318615765198,0.5999993801136618
3.094453584068648,0.49999964237409245,4.893981633974483,-0.1375,0.41259999999999997,True,3.094453584068648,0.0355329199379773,0.49999964237409245
3.1539349500148073,0.6499999642384999,4.803981633974483,-0.1375,0.41259999999999997,True,3.1539349500148073,0.03804134295456585,0.6499999642384999
3.1831106411705603,0.6500006198883561,4.733981633974483,-0.1375,0.41259999999999997,True,3.1831106411705603,0.03949823934031155,0.6500006198883561
3.1933811218735113,0.6499997258208907,4.653981633974483,-0.1375,0.41259999999999997,True,3.1933811218735113,0.03976104550438259,0.6499997258208907
3.2307232437989835,0.6499997258205763,4.573981633974483,-0.1375,0.41259999999999997,True,3.2307232437989835,0.03811861135003653,0.6499997258205763
3.2728756855146965,0.5999998569509302,4.493981633974483,-0.1375,0.41259999999999997,True,3.2728756855146965,0.03524818758396345,0.5999998569509302
3.3038953786684124,0.5999998569502498,4.423981633974483,-0.1375,0.41259999999999997,True,3.3038953786684124,0.03187963118723524,0.5999998569502498
3.3315234513305256,0.6500006198887007,4.343981633974483,-0.1375,0.41259999999999997,True,3.3315234513305256,0.02832997389773046,0.6500006198887007
3.346535068523772,0.6499999642394698,4.273981633974483,-0.1375,0.41259999999999997,True,3.346535068523772,0.025229014043458595,0.6499999642394698
3.0977708712600807,0.5499997496621436,4.203981633974482,-0.12710000000000002,0.41259999999999997,True,3.0977708712600807,0.022447466243316592,0.5499997496621436
2.7554471913307546,0.5499997496625113,4.123981633974482,-0.1143,0.41259999999999997,True,2.7554471913307546,0.02018085924417447,0.5499997496625113
2.71111013302109,0.5499997496620015,4.053981633974483,-0.1134,0.41259999999999997,True,2.71111013302109,0.018112005023166605,0.5499997496620015
2.6655630041252842,0.5500005245212307,3.993981633974483,-0.1117,0.41259999999999997,True,2.6655630041252842,0.016201322342034977,0.5500005245212307
2.6027978349028706,0.5000001192110233,3.933981633974483,-0.1092,0.41259999999999997,True,2.6027978349028706,0.014220743619453207,0.5000001192110233
2.604391945802591,0.3999999046337255,3.873981633974483,-0.1092,0.41259999999999997,True,2.604391945802591,0.01274938717153362,0.3999999046337255
2.5210016326765885,0.3500000357638857,3.8139816339744828,-0.1057,0.41259999999999997,True,2.5210016326765885,0.011324020963246379,0.3500000357638857
2.491155906353138,0.400000143051626,3.7739816339744827,-0.105,0.41259999999999997,True,2.491155906353138,0.010000107064360044,0.400000143051626
2.4332302773655674,0.450000429153425,3.723981633974483,-0.10300000000000001,0.41259999999999997,True,2.4332302773655674,0.00884244415104689,0.450000429153425
2.3630947193885103,0.3500000357640012,3.673981633974483,-0.10039999999999999,0.41259999999999997,True,2.3630947193885103,0.007865327519899719,0.3500000357640012
2.344946873868245,0.35000003576374716,3.6239816339744824,-0.0998,0.41259999999999997,True,2.344946873868245,0.0067953736544917095,0.35000003576374716
2.273216869814086,0.3999999046339564,3.583981633974483,-0.0967,0.41259999999999997,True,2.273216869814086,0.005775707650207401,0.3999999046339564
2.2766832729611477,0.29999969005699967,3.553981633974483,-0.0962,0.41259999999999997,True,2.2766832729611477,0.004788785537107306,0.29999969005699967
2.2586183601888665,0.2500002384188331,3.5239816339744827,-0.0953,0.41259999999999997,True,2.2586183601888665,0.0038276294000743885,0.2500002384188331
2.214456775461607,0.2999999284754704,3.4839816339744827,-0.0932,0.41259999999999997,True,2.214456775461607,0.0029292735319273048,0.2999999284754704
2.1739220734030535,0.2999999284752999,3.4539816339744824,-0.09140000000000001,0.41259999999999997,True,2.1739220734030535,0.0019667480321144673,0.2999999284752999
2.1343172570531768,0.34999979734553577,3.423981633974483,-0.08960000000000001,0.41259999999999997,True,2.1343172570531768,0.001139610995579882,0.34999979734553577
2.0873522179243533,0.349999797345248,3.383981633974483,-0.0882,0.41259999999999997,True,2.0873522179243533,0.0005237632335615889,0.349999797345248
2.012650399530526,0.25000023841849206,3.343981633974483,-0.0862,0.41259999999999997,True,2.012650399530526,-3.0322145809845113e-05,0.25000023841849206
1.9445098144551338,0.15000008344702565,3.3139816339744828,-0.08449999999999999,0.41259999999999997,True,1.9445098144551338,-0.0005287943954516113,0.15000008344702565
1.852199746847539,0.15000008344688354,3.2839816339744825,-0.0812,0.41259999999999997,True,1.852199746847539,-0.0011796923251933002,0.15000008344688354
1.8126688923662697,0.24999982118704445,3.2439816339744825,-0.0801,0.41259999999999997,True,1.8126688923662697,-0.0021301751508099745,0.24999982118704445
1.7714660676090717,0.2499998211868757,3.2339816339744827,-0.0789,0.41259999999999997,True,1.7714660676090717,-0.003241993012468831,0.2499998211868757
1.7630331861003385,0.20000019073493114,3.2039816339744824,-0.0786,0.41259999999999997,True,1.7630331861003385,-0.004050295401578348,0.20000019073493114
1.7015477219779362,0.299999690056886,3.173981633974483,-0.0757,0.41259999999999997,True,1.7015477219779362,-0.005130204684337429,0.299999690056886
1.6623839610757722,0.29999969005683447,3.1639816339744824,-0.07429999999999999,0.41259999999999997,True,1.6623839610757722,-0.005657059191840201,0.29999969005683447
1.6045059874228504,0.1500000834469084,3.143981633974483,-0.0726,0.41259999999999997,True,1.6045059874228504,-0.006677394759116862,0.1500000834469084
1.5137715738274715,0.20000019073487607,3.1239816339744824,-0.0689,0.41259999999999997,True,1.5137715738274715,-0.007528805575721074,0.20000019073487607
1.4892159124731756,0.20000019073459185,3.103981633974483,-0.0681,0.41259999999999997,True,1.4892159124731756,-0.007703085630769359,0.20000019073459185
1.448383951378832,0.09999997615848599,3.093981633974483,-0.0668,0.41259999999999997,True,1.448383951378832,-0.007909474615562921,0.09999997615848599
1.4007457949964262,0.15000008344688176,3.0739816339744825,-0.06480000000000001,0.41259999999999997,True,1.4007457949964262,-0.008685569581127579,0.15000008344688176
1.3761852010985414,0.19999995231697731,3.0639816339744828,-0.0633,0.41259999999999997,True,1.3761852010985414,-0.009379271692734205,0.19999995231697731
1.3612171246348737,0.25000005960499916,3.043981633974483,-0.0621,0.41259999999999997,True,1.3612171246348737,-0.009962904959808661,0.25000005960499916
1.341303405298864,0.25000023841849206,3.0339816339744825,-0.060899999999999996,0.41259999999999997,True,1.341303405298864,-0.010355294024062382,0.25000023841849206
1.299059764963344,0.19999995231697731,3.013981633974483,-0.0587,0.41259999999999997,True,1.299059764963344,-0.010944644732129494,0.19999995231697731
1.206929473700767,0.14999984502841635,2.9939816339744825,-0.0548,0.41259999999999997,True,1.206929473700767,-0.011559882960685847,0.14999984502841635
1.1671656708720664,0.149999845028554,2.963981633974483,-0.0535,0.41259999999999997,True,1.1671656708720664,-0.012529019915684081,0.149999845028554
1.1012029431461072,0.1499998450285016,2.9439816339744826,-0.0509,0.41259999999999997,True,1.1012029431461072,-0.01298447140906679,0.1499998450285016
1.0851231361012916,0.2000001907352722,2.923981633974483,-0.0509,0.41259999999999997,True,1.0851231361012916,-0.013525014620222452,0.2000001907352722
0.9957920650359608,0.25000005960551075,2.893981633974483,-0.047400000000000005,0.41259999999999997,True,0.9957920650359608,-0.01422894450724123,0.25000005960551075
0.9668684535667138,0.14999984502841635,2.8739816339744824,-0.04650000000000001,0.41259999999999997,True,0.9668684535667138,-0.014960567422914305,0.14999984502841635
0.8814093744404181,0.05000010728841886,2.853981633974483,-0.0429,0.41259999999999997,True,0.8814093744404181,-0.015431785271883974,0.05000010728841886
0.816233256507637,0.05000010728824833,2.843981633974483,-0.0403,0.41259999999999997,True,0.816233256507637,-0.016622078805764183,0.05000010728824833
0.781671417364799,0.05000004768356092,2.833981633974483,-0.0391,0.41259999999999997,True,0.781671417364799,-0.017517951868346832,0.05000004768356092
0.761163404700253,-8.881784197001252e-16,2.8239816339744825,-0.0385,0.41259999999999997,True,0.761163404700253,-0.01823926700082385,-8.881784197001252e-16
0.7416182971187096,0.0,2.8139816339744828,-0.038,0.41259999999999997,True,0.7416182971187096,-0.019284527755408815,0.0
0.7216049519120383,0.0,2.8139816339744828,-0.0375,0.41259999999999997,True,0.7216049519120383,-0.019847723410353298,0.0
0.6970415223844936,0.0,2.8139816339744828,-0.0366,0.41259999999999997,True,0.6970415223844936,-0.020289908134661687,0.0
0.6801347453706347,0.05000004768390642,2.8139816339744828,-0.0359,0.41259999999999997,True,0.6801347453706347,-0.02106666954215608,0.05000004768390642
0.6601219407926134,0.05000010728853699,2.8139816339744828,-0.0353,0.41259999999999997,True,0.6601219407926134,-0.021725581327177893,0.05000010728853699
0.6484296267522518,0.0,2.8139816339744828,-0.0349,0.41259999999999997,True,0.6484296267522518,-0.022049244409850635,0.0
0.6415504730138807,0.0,2.8239816339744825,-0.0344,0.41259999999999997,True,0.6415504730138807,-0.02241585362375142,0.0
0.6229900545165634,-8.881784197001252e-16,2.8239816339744825,-0.0336,0.41259999999999997,True,0.6229900545165634,-0.02277096509780445,-8.881784197001252e-16
0.6091417354560873,0.0,2.8239816339744825,-0.033,0.41259999999999997,True,0.6091417354560873,-0.022951551391610776,0.0
0.5999618644405772,-0.049999868869958775,2.8239816339744825,-0.0326,0.41259999999999997,True,0.5999618644405772,-0.022754332779409074,-0.049999868869958775
0.592726337219768,-0.049999868869987196,2.8239816339744825,-0.032400000000000005,0.41259999999999997,True,0.592726337219768,-0.02310235549306872,-0.049999868869987196
0.5898170566652056,0.0,2.833981633974483,-0.032400000000000005,0.41259999999999997,True,0.5898170566652056,-0.023652679337980247,0.0
0.5894986790973158,0.0,2.843981633974483,-0.0322,0.41259999999999997,True,0.5894986790973158,-0.023789467608171442,0.0
0.5848905000923522,-0.05000004768390287,2.843981633974483,-0.0318,0.41259999999999997,True,0.5848905000923522,-0.023595118082657518,-0.05000004768390287
0.5794907073503307,-0.050000107288533435,2.843981633974483,-0.0315,0.41259999999999997,True,0.5794907073503307,-0.023797146687874478,-0.050000107288533435
0.5842087847796634,-0.05000010728844728,2.853981633974483,-0.0319,0.41259999999999997,True,0.5842087847796634,-0.024357897405584396,-0.05000010728844728
0.57981862755467,-0.05000010728841886,2.853981633974483,-0.0317,0.41259999999999997,True,0.57981862755467,-0.024711364075720752,-0.05000010728841886
0.580790581117546,-0.05000010728824833,2.8639816339744826,-0.0317,0.41259999999999997,True,0.580790581117546,-0.024658906460198225,-0.05000010728824833
0.5747600681093418,-0.05000004768356181,2.8739816339744824,-0.031400000000000004,0.41259999999999997,True,0.5747600681093418,-0.02480942193285668,-0.05000004768356181
0.5801831128910679,-0.09999973773991311,2.8739816339744824,-0.0317,0.41259999999999997,True,0.5801831128910679,-0.025053693264056345,-0.09999973773991311
0.5867838962864088,-0.09999973773996906,2.883981633974483,-0.0319,0.41259999999999997,True,0.5867838962864088,-0.025259525929456086,-0.09999973773996906
0.5888774722629618,-0.04999986887006802,2.883981633974483,-0.0319,0.41259999999999997,True,0.5888774722629618,-0.025153218835077523,-0.04999986887006802
0.6014425308751298,-0.049999868870124864,2.883981633974483,-0.0327,0.41259999999999997,True,0.6014425308751298,-0.025359132201438383,-0.049999868870124864
0.6067504218093912,0.0,2.893981633974483,-0.033,0.41259999999999997,True,0.6067504218093912,-0.025316686640658035,0.0
0.6082490667674695,-0.049999868869953445,2.9039816339744826,-0.032799999999999996,0.41259999999999997,True,0.6082490667674695,-0.0255925378206644,-0.049999868869953445
0.6075759461954705,-0.09999997615843448,2.9139816339744824,-0.0326,0.41259999999999997,True,0.6075759461954705,-0.025452743004547414,-0.09999997615843448
0.6087224298210583,-0.09999997615849132,2.9139816339744824,-0.0327,0.41259999999999997,True,0.6087224298210583,-0.02537997497065933,-0.09999997615849132
0.6153991874508123,-0.0999999761583732,2.923981633974483,-0.033,0.41259999999999997,True,0.6153991874508123,-0.025487124817340202,-0.0999999761583732
0.6251278653584782,-0.05000004768356181,2.923981633974483,-0.0334,0.41259999999999997,True,0.6251278653584782,-0.025703950868670045,-0.05000004768356181
0.6259145829120137,-8.881784197001252e-16,2.933981633974483,-0.0334,0.41259999999999997,True,0.6259145829120137,-0.025442015038659477,-8.881784197001252e-16
0.6413069865272905,-0.05000010728844728,2.9439816339744826,-0.0342,0.41259999999999997,True,0.6413069865272905,-0.02564747067482295,-0.05000010728844728
0.6421184085403259,-0.05000010728841975,2.9439816339744826,-0.0341,0.41259999999999997,True,0.6421184085403259,-0.025771591138193738,-0.05000010728841975
0.6467356285588199,-8.881784197001252e-16,2.9539816339744824,-0.0342,0.41259999999999997,True,0.6467356285588199,-0.02566109987296935,-8.881784197001252e-16
0.6458308648795796,0.0,2.963981633974483,-0.0341,0.41259999999999997,True,0.6458308648795796,-0.025832905610865098,0.0
0.6472914293547841,-0.049999868869957886,2.973981633974483,-0.0341,0.41259999999999997,True,0.6472914293547841,-0.026001712626866378,-0.049999868869957886
0.652984013086298,-0.04999986886998631,2.9839816339744827,-0.0341,0.41259999999999997,True,0.652984013086298,-0.026017337062991197,-0.04999986886998631
0.6553313161135098,-0.04999986887006802,2.9939816339744825,-0.0339,0.41259999999999997,True,0.6553313161135098,-0.025993364098648716,-0.04999986887006802
0.6580261169555941,-0.0999999761583732,2.9939816339744825,-0.0339,0.41259999999999997,True,0.6580261169555941,-0.026081705482487876,-0.0999999761583732
0.6695377298745548,-0.05000004768356181,3.003981633974483,-0.0345,0.41259999999999997,True,0.6695377298745548,-0.02628356946129591,-0.05000004768356181
0.6684449111350581,0.0,3.003981633974483,-0.0346,0.41259999999999997,True,0.6684449111350581,-0.026263470424458205,0.0
0.66694276440069,-0.05000010728844817,3.013981633974483,-0.0345,0.41259999999999997,True,0.66694276440069,-0.026454202649505893,-0.05000010728844817
0.6580313333047552,-0.09999997615848688,3.013981633974483,-0.0342,0.41259999999999997,True,0.6580313333047552,-0.026421220679073428,-0.09999997615848688
0.6570685583289261,2.3841812435421161e-07,3.013981633974483,-0.0345,0.41259999999999997,True,0.6570685583289261,-0.026607513131174147,2.3841812435421161e-07
0.6607587750388917,-3.410605131648481e-13,3.0239816339744827,-0.0348,0.41259999999999997,True,0.6607587750388917,-0.026652883035095255,-3.410605131648481e-13
0.6583528803528971,-0.050000107288533435,3.0339816339744825,-0.0345,0.41259999999999997,True,0.6583528803528971,-0.02648375794110007,-0.050000107288533435
0.6637660671649518,-0.05000010728845172,3.043981633974483,-0.0345,0.41259999999999997,True,0.6637660671649518,-0.026542995171083782,-0.05000010728845172
0.6700896836034288,-0.14999984502855845,3.0639816339744828,-0.0349,0.41259999999999997,True,0.6700896836034288,-0.026537307782608762,-0.14999984502855845
0.6697542593955865,-0.14999984502849717,3.0739816339744825,-0.0349,0.41259999999999997,True,0.6697542593955865,-0.02663370721017257,-0.14999984502849717
0.6694135687882791,-0.10000009536746823,3.083981633974483,-0.0349,0.41259999999999997,True,0.6694135687882791,-0.026638919472630085,-0.10000009536746823
0.6875812724965678,-0.14999984502844566,3.093981633974483,-0.0361,0.41259999999999997,True,0.6875812724965678,-0.02665470111275529,-0.14999984502844566
0.6949359550982539,-0.14999984502841102,3.103981633974483,-0.037000000000000005,0.41259999999999997,True,0.6949359550982539,-0.026862831788556335,-0.14999984502841102
0.7028693082868538,-0.14999984502855845,3.1139816339744826,-0.0379,0.41259999999999997,True,0.7028693082868538,-0.02733894044886577,-0.14999984502855845
0.7212381586906427,-0.19999995231674994,3.1139816339744826,-0.0391,0.41259999999999997,True,0.7212381586906427,-0.027442207885825992,-0.19999995231674994
0.7471623945720489,-0.15000014305103093,3.1139816339744826,-0.04019999999999999,0.41259999999999997,True,0.7471623945720489,-0.027338143119012472,-0.15000014305103093
0.7840422787290205,-0.09999997615848955,3.1139816339744826,-0.0417,0.41259999999999997,True,0.7840422787290205,-0.027104484828741473,-0.09999997615848955
0.8132456520578901,-0.04999986886998187,3.1139816339744826,-0.043,0.41259999999999997,True,0.8132456520578901,-0.027243033780188802,-0.04999986886998187
0.8299463879258823,-1.7763568394002505e-15,3.1239816339744824,-0.043899999999999995,0.41259999999999997,True,0.8299463879258823,-0.027471684804241128,-1.7763568394002505e-15
0.8341199897039946,0.0,3.133981633974483,-0.0444,0.41259999999999997,True,0.8341199897039946,-0.027920674732583695,0.0
0.8311332770980538,-0.05000004768390198,3.133981633974483,-0.0443,0.41259999999999997,True,0.8311332770980538,-0.028106480243636402,-0.05000004768390198
0.8268676500450817,-0.05000010728853077,3.133981633974483,-0.044000000000000004,0.41259999999999997,True,0.8268676500450817,-0.02827828874555302,-0.05000010728853077
0.8229763556700512,1.7763568394002505e-15,3.133981633974483,-0.0438,0.41259999999999997,True,0.8229763556700512,-0.028776584276836544,1.7763568394002505e-15
0.8271408494891894,-1.7763568394002505e-15,3.133981633974483,-0.0441,0.41259999999999997,True,0.8271408494891894,-0.029113363518863348,-1.7763568394002505e-15
0.8301533026368232,0.0,3.133981633974483,-0.0441,0.41259999999999997,True,0.8301533026368232,-0.029413203956462082,0.0
0.8374576650359069,0.05000004768390198,3.133981633974483,-0.0444,0.41259999999999997,True,0.8374576650359069,-0.02947147874064875,0.05000004768390198
0.8330673874954183,0.09999997615848777,3.143981633974483,-0.0443,0.41259999999999997,True,0.8330673874954183,-0.029600296810638995,0.09999997615848777
0.8263208361206911,0.09999997615843448,3.143981633974483,-0.0443,0.41259999999999997,True,0.8263208361206911,-0.029978450971157405,0.09999997615843448
0.7904661100670333,2.3841835172788706e-07,3.143981633974483,-0.0425,0.41259999999999997,True,0.7904661100670333,-0.029863191734790247,2.3841835172788706e-07
0.7790844020041721,-0.04999986887012753,3.143981633974483,-0.04190000000000001,0.41259999999999997,True,0.7790844020041721,-0.029870787750609043,-0.04999986887012753
0.7681277130272741,-0.05000004768390376,3.1539816339744826,-0.0414,0.41259999999999997,True,0.7681277130272741,-0.03001967393295003,-0.05000004768390376
0.7687798094027376,-0.09999997615848599,3.1539816339744826,-0.0414,0.41259999999999997,True,0.7687798094027376,-0.0301872543178798,-0.09999997615848599
0.7832787627985939,-0.04999986886998187,3.1539816339744826,-0.0418,0.41259999999999997,True,0.7832787627985939,-0.029942753731732205,-0.04999986886998187
0.7960896744069575,-0.09999973774014137,3.1639816339744824,-0.042199999999999994,0.41259999999999997,True,0.7960896744069575,-0.029815386695027105,-0.09999973774014137
0.8168456390253722,-0.09999973774025328,3.173981633974483,-0.0431,0.41259999999999997,True,0.8168456390253722,-0.02976900005220663,-0.09999973774025328
0.8355075592403977,-0.05000004768390198,3.183981633974483,-0.0438,0.41259999999999997,True,0.8355075592403977,-0.029656276625718788,-0.05000004768390198
0.8433440778110572,-0.09999997615848599,3.1939816339744826,-0.0441,0.41259999999999997,True,0.8433440778110572,-0.02962431891040198,-0.09999997615848599
0.8452460170064129,-0.15000008344688176,3.213981633974483,-0.0444,0.41259999999999997,True,0.8452460170064129,-0.029733842329453232,-0.15000008344688176
0.862186127356632,-0.05000034570677059,3.213981633974483,-0.045700000000000005,0.41259999999999997,True,0.862186127356632,-0.029922176940279103,-0.05000034570677059
0.8559118941892105,0.049999868870129305,3.223981633974483,-0.045700000000000005,0.41259999999999997,True,0.8559118941892105,-0.03013583455625558,0.049999868870129305
0.8721567660132773,-0.05000004768390731,3.2339816339744827,-0.046900000000000004,0.41259999999999997,True,0.8721567660132773,-0.030421557903475116,-0.05000004768390731
0.8652050700864955,-0.09999997615849132,3.2439816339744825,-0.04650000000000001,0.41259999999999997,True,0.8652050700864955,-0.030420064769648758,-0.09999997615849132
0.8710717131322794,0.050000345706918026,3.2439816339744825,-0.0466,0.41259999999999997,True,0.8710717131322794,-0.03023146882422076,0.050000345706918026
0.8819826272019082,0.19999995231697731,3.2439816339744825,-0.046900000000000004,0.41259999999999997,True,0.8819826272019082,-0.03061942642424436,0.19999995231697731
0.8985324074862857,0.19999995231675172,3.2439816339744825,-0.047400000000000005,0.41259999999999997,True,0.8985324074862857,-0.030677692530233253,0.19999995231675172
1.2181170438571705,0.15000014305102916,3.2439816339744825,-0.0637,0.4129,True,1.2181170438571705,-0.030729173379758504,0.15000014305102916
1.6687837526833977,0.14999984502844121,3.2339816339744827,-0.0867,0.4172,True,1.6687837526833977,-0.031000056103552498,0.14999984502844121
2.2102129617061372,0.30000016689375997,3.223981633974483,-0.1151,0.42219999999999996,True,2.2102129617061372,-0.03189757267131215,0.30000016689375997
2.6265895547815217,0.4499997735040271,3.1939816339744826,-0.1377,0.42719999999999997,True,2.6265895547815217,-0.032973777579029154,0.4499997735040271
2.7745332961177156,0.4499997735036292,3.1639816339744824,-0.14800000000000002,0.4322,True,2.7745332961177156,-0.034434348574082826,0.4499997735036292
2.917297197360235,0.45000042915376515,3.1239816339744824,-0.1577,0.4372,True,2.917297197360235,-0.0356209943845678,0.45000042915376515
3.0106275775887177,0.5499997496623958,3.0739816339744825,-0.16390000000000002,0.43920000000000003,True,3.0106275775887177,-0.03684757048655847,0.5499997496623958
3.1149222327358594,0.7000000715274881,3.0239816339744827,-0.1704,0.43920000000000003,True,3.1149222327358594,-0.03814344791298972,0.7000000715274881
3.0946097192084316,0.7499999403978439,2.9539816339744824,-0.17120000000000002,0.43920000000000003,True,3.0946097192084316,-0.039542149163664546,0.7499999403978439
3.048627516490722,0.6499997258203756,2.893981633974483,-0.17120000000000002,0.43920000000000003,True,3.048627516490722,-0.041080135367993646,0.6499997258203756
2.99955352450482,0.7000006675725992,2.833981633974483,-0.17120000000000002,0.43920000000000003,True,2.99955352450482,-0.04279989171290487,0.7000006675725992
2.9582847967833543,0.799999809267911,2.7739816339744827,-0.17129999999999998,0.43920000000000003,True,2.9582847967833543,-0.04453649507567323,0.799999809267911
2.918752244820195,0.8499999165559045,2.713981633974483,-0.17129999999999998,0.43920000000000003,True,2.918752244820195,-0.04617145080246426,0.8499999165559045
2.8083403205037163,0.8499999165563308,2.6539816339744826,-0.16760000000000003,0.43920000000000003,True,2.8083403205037163,-0.047825305260581416,0.8499999165563308
2.5804327374652325,0.6499994874022503,2.593981633974483,-0.15689999999999998,0.43920000000000003,True,2.5804327374652325,-0.049431293268315225,0.6499994874022503
2.4333003988617685,0.5500005245212338,2.5339816339744825,-0.151,0.43920000000000003,True,2.4333003988617685,-0.05127488476394357,0.5500005245212338
2.208476334059913,0.5999998569509337,2.473981633974483,-0.1393,0.43920000000000003,True,2.208476334059913,-0.05280999580350954,0.5999998569509337
2.0418860801900265,0.5999998569505931,2.4039816339744826,-0.1305,0.43920000000000003,True,2.0418860801900265,-0.054047336168129505,0.5999998569505931
1.8927107064745128,0.5999998569509337,2.343981633974483,-0.1225,0.43920000000000003,True,1.8927107064745128,-0.055050846439787325,0.5999998569509337
1.8052220995616262,0.6499999642385004,2.293981633974483,-0.1186,0.43920000000000003,True,1.8052220995616262,-0.05605017692890229,0.6499999642385004
1.584191194211686,0.6000005722044541,2.2439816339744825,-0.1058,0.43920000000000003,True,1.584191194211686,-0.056990809904261586,0.6000005722044541
1.4670353346782123,0.4999998807924424,2.2039816339744824,-0.1,0.43920000000000003,True,1.4670353346782123,-0.05843770488703727,0.4999998807924424
1.340527179281927,0.39999966621526317,2.1639816339744824,-0.09300000000000001,0.43920000000000003,True,1.340527179281927,-0.05964871452919326,0.39999966621526317
1.236008657603462,0.2500000596053973,2.1239816339744824,-0.08710000000000001,0.43920000000000003,True,1.236008657603462,-0.06037783768575389,0.2500000596053973
1.1581733524224485,0.25000005960499916,2.093981633974483,-0.0832,0.43920000000000003,True,1.1581733524224485,-0.061423161181959694,0.25000005960499916
1.0822944376285955,0.2500002384184974,2.0639816339744828,-0.0787,0.43920000000000003,True,1.0822944376285955,-0.06203626187823638,0.2500002384184974
1.023241679522224,0.1500000834470241,2.0339816339744825,-0.0753,0.43920000000000003,True,1.023241679522224,-0.06223008371981929,0.1500000834470241
0.9679027345815997,0.15000008344687754,2.003981633974483,-0.0721,0.43920000000000003,True,0.9679027345815997,-0.06269896678520663,0.15000008344687754
0.9273371198644484,0.19999995231697798,1.9839816339744827,-0.0698,0.43920000000000003,True,0.9273371198644484,-0.06317900696999476,0.19999995231697798
0.908101578650599,0.3000001668932524,1.963981633974483,-0.0687,0.43920000000000003,True,0.908101578650599,-0.06292811698850391,0.3000001668932524
0.8336804290318361,0.2500002384181519,1.9539816339744824,-0.0641,0.43920000000000003,True,0.8336804290318361,-0.06344474159043757,0.2500002384181519
0.7880023299104243,0.14999984502844055,1.9439816339744826,-0.0616,0.43920000000000003,True,0.7880023299104243,-0.06438478545247808,0.14999984502844055
0.7656376905601749,0.19999995231686407,1.9339816339744829,-0.0602,0.43920000000000003,True,0.7656376905601749,-0.06456228867142325,0.19999995231686407
0.7404065653267512,4.768367034557741e-07,1.9339816339744829,-0.0583,0.43920000000000003,True,0.7404065653267512,-0.0642037856295955,4.768367034557741e-07
0.7131684198130074,-0.049999630451999844,1.923981633974483,-0.0567,0.43920000000000003,True,0.7131684198130074,-0.06438718298212273,-0.049999630451999844
0.706044542002194,0.050000047683565585,1.923981633974483,-0.0571,0.43920000000000003,True,0.706044542002194,-0.06505330936076714,0.050000047683565585
0.6997429395569831,0.04999986886995389,1.9139816339744824,-0.057699999999999994,0.43920000000000003,True,0.6997429395569831,-0.06583049989453792,0.04999986886995389
0.6968943957280493,0.15000008344687743,1.9139816339744824,-0.0581,0.43920000000000003,True,0.6968943957280493,-0.06590313317650226,0.15000008344687743
0.6916492667659188,0.10000021457683839,1.9139816339744824,-0.058600000000000006,0.43920000000000003,True,0.6916492667659188,-0.06636471365532427,0.10000021457683839
0.6783147137613905,0.050000107288253215,1.9139816339744824,-0.0588,0.43920000000000003,True,0.6783147137613905,-0.06765096969484694,0.050000107288253215
0.6787168550272471,0.10000009536746812,1.9139816339744824,-0.06,0.43920000000000003,True,0.6787168550272471,-0.06888427467390468,0.10000009536746812
0.6789656505668341,0.29999945163830644,1.9139816339744824,-0.060599999999999994,0.43920000000000003,True,0.6789656505668341,-0.06913869978213424,0.29999945163830644
0.6819803938150286,0.2999994516383633,1.9139816339744824,-0.061200000000000004,0.43920000000000003,True,0.6819803938150286,-0.06932000870579309,0.2999994516383633
0.6875662900893633,0.24999958276869355,1.9139816339744824,-0.0621,0.43920000000000003,True,0.6875662900893633,-0.06980123389964536,0.24999958276869355
0.6952416916747177,0.24999958276875495,1.923981633974483,-0.063,0.43920000000000003,True,0.6952416916747177,-0.07002891750557592,0.24999958276875495
0.6994460102736594,0.050000047683565696,1.923981633974483,-0.0639,0.43920000000000003,True,0.6994460102736594,-0.0704887976198868,0.050000047683565696
0.705890853705907,0.09999973773990761,1.9339816339744829,-0.0647,0.43920000000000003,True,0.705890853705907,-0.07084398448563245,0.09999973773990761
0.7263242967189287,0.04999963045151681,1.9339816339744829,-0.066,0.43920000000000003,True,0.7263242967189287,-0.07029298973413192,0.04999963045151681
0.7387512327126933,-0.09999997615848671,1.9339816339744829,-0.0665,0.43920000000000003,True,0.7387512327126933,-0.06961461909704851,-0.09999997615848671
0.7331930136873492,-0.20000019073487485,1.9339816339744829,-0.0658,0.43920000000000003,True,0.7331930136873492,-0.06921803955411437,-0.20000019073487485
0.7352680654628682,-0.15000014305068826,1.9339816339744829,-0.0658,0.43920000000000003,True,0.7352680654628682,-0.06889481204662493,-0.15000014305068826
0.7409374020989896,0.04999986886995378,1.923981633974483,-0.0658,0.43920000000000003,True,0.7409374020989896,-0.06817099563052972,0.04999986886995378
0.7481335942303496,0.20000019073532957,1.923981633974483,-0.0658,0.43920000000000003,True,0.7481335942303496,-0.06703505100422412,0.20000019073532957
0.7429477850379919,0.25000005960539706,1.923981633974483,-0.0649,0.43920000000000003,True,0.7429477850379919,-0.06620319474229522,0.25000005960539706
0.7283789876350065,0.14999984502849734,1.9139816339744824,-0.0633,0.43920000000000003,True,0.7283789876350065,-0.06547737463845625,0.14999984502849734
0.7217943190266926,0.10000009536746805,1.9139816339744824,-0.06269999999999999,0.43920000000000003,True,0.7217943190266926,-0.06515385718749823,0.10000009536746805
0.7183445977815125,0.16592633915742955,1.9039816339744826,-0.0623,0.43920000000000003,True,0.7183445977815125,-0.06451831715939771,0.16592633915742955
0.7165686637837747,0.21592644644585554,1.8939816339744828,-0.0622,0.43920000000000003,True,0.7165686637837747,-0.06386820048044627,0.21592644644585554
0.7116509209909329,0.19999995231697765,1.8739816339744824,-0.061799999999999994,0.43920000000000003,True,0.7116509209909329,-0.06318495344090462,0.19999995231697765
0.6924247622887577,0.3000001668932498,1.8639816339744826,-0.0604,0.43920000000000003,True,0.6924247622887577,-0.06301747157067294,0.3000001668932498
0.6776260918740347,0.2000001907342494,1.843981633974483,-0.0591,0.43920000000000003,True,0.6776260918740347,-0.06274972247564592,0.2000001907342494
0.6662119618594081,0.14999960660986467,1.8339816339744832,-0.057699999999999994,0.43920000000000003,True,0.6662119618594081,-0.06195165518130661,0.14999960660986467
0.6458859894632565,0.299999928475296,1.8139816339744828,-0.0555,0.43920000000000003,True,0.6458859894632565,-0.061126894744199474,0.299999928475296
0.624296515896041,0.20000019073532938,1.803981633974483,-0.053200000000000004,0.43920000000000003,True,0.624296515896041,-0.060329412035951595,0.20000019073532938
0.582970769412614,0.15000008344662485,1.7939816339744832,-0.0496,0.43920000000000003,True,0.582970769412614,-0.05987235111903027,0.15000008344662485
0.5707794298782938,0.20000019073493136,1.7839816339744825,-0.048600000000000004,0.43920000000000003,True,0.5707794298782938,-0.05976132110257992,0.20000019073493136
0.5337169594151525,0.10000021457706787,1.7839816339744825,-0.0451,0.43920000000000003,True,0.5337169594151525,-0.059357780039528234,0.10000021457706787
0.5046659341098048,0.0,1.7739816339744827,-0.042199999999999994,0.43920000000000003,True,0.5046659341098048,-0.05851818077517011,0.0
